ticker,revenue,checked_at
A,7372000256.0,2026-10-07 17:37:27.243848
AA,13603000320.0,2026-10-07 17:37:27.243848
AAC,,2026-09-27 15:28:41.135149
AAC-U,,2026-09-29 16:42:51.379190
AAC-W,,2026-09-27 15:28:41.135149
AACB,,2026-08-08 11:21:45.491621
AACBR,,2026-08-08 11:21:45.491621
AACBU,,2026-08-08 11:21:45.491621
AACG,,2026-10-07 17:37:27.243848
AACI,,2026-10-07 17:37:27.243848
AACIU,,2026-10-07 17:37:27.243848
AACIW,,2026-10-07 17:37:27.243848
AACO,,2026-10-07 17:37:27.243848
AACOU,,2026-10-07 17:37:27.243848
AACOW,,2026-10-07 17:37:27.243848
AACP,,2026-10-07 17:37:27.243848
AACPR,,2026-10-07 17:37:27.243848
AACPU,,2026-10-07 17:37:27.243848
AACPW,,2026-10-07 17:37:27.243848
AADX,575908992.0,2026-10-07 17:37:27.243848
AAL,58337001472.0,2026-10-07 17:37:27.243848
AAME,208218000.0,2026-10-07 17:37:27.243848
AAMI,668499968.0,2026-10-07 17:37:27.243848
AAOI,595969984.0,2026-10-07 17:37:27.243848
AAON,1932366976.0,2026-10-07 17:37:27.243848
AAP,8622000128.0,2026-10-07 17:37:27.243848
AAPG,,2026-10-07 17:37:27.243848
AAPL,466822987776.0,2026-10-07 17:37:27.243848
AARD,,2026-10-07 17:37:27.243848
AAT,435369984.0,2026-10-07 17:37:27.243848
AAUC,1493846016.0,2026-10-07 17:37:27.243848
AB,79997000.0,2026-10-07 17:37:27.243848
ABAT,21741726.0,2026-10-07 17:37:27.243848
ABBV,64385998848.0,2026-10-07 17:37:27.243848
ABCB,1183270016.0,2026-10-07 17:37:28.280429
ABCL,66170000.0,2026-10-07 17:37:28.280429
ABEO,25520000.0,2026-10-07 17:37:28.280429
ABEV,,2026-10-07 17:37:28.280429
ABG,17974999040.0,2026-10-07 17:37:28.280429
ABLV,118267408.0,2026-10-07 17:37:28.280429
ABLVW,118267408.0,2026-10-07 17:37:28.280429
ABM,9146000384.0,2026-10-07 17:37:28.280429
ABNB,13159000064.0,2026-10-07 17:37:28.280429
ABOS,,2026-10-07 17:37:28.280429
ABR,498068992.0,2026-10-07 17:37:28.280429
ABR$D,,2026-10-07 17:37:28.280429
ABR$E,,2026-10-07 17:37:28.280429
ABR$F,,2026-10-07 17:37:28.280429
ABSI,1561000.0,2026-10-07 17:37:28.280429
ABT,46584999936.0,2026-10-07 17:37:28.280429
ABTC,271673984.0,2026-10-07 17:37:28.280429
ABTS,9128666.0,2026-10-07 17:37:28.280429
ABUS,181720000.0,2026-10-07 17:37:28.280429
ABVC,,2026-10-07 17:37:28.280429
ABVX,,2026-10-07 17:37:28.280429
ABX,267283952.0,2026-10-07 17:37:28.280429
ABXL,,2026-10-07 17:37:28.280429
ACA,2918700032.0,2026-10-07 17:37:28.280429
ACAA,,2026-10-07 17:37:28.280429
ACAAU,,2026-10-07 17:37:28.280429
ACAAW,,2026-10-07 17:37:28.280429
ACAD,1138643968.0,2026-10-07 17:37:28.280429
ACB,,2026-10-07 17:37:28.280429
ACCL,4915067.0,2026-10-07 17:37:28.280429
ACCO,1571299968.0,2026-10-07 17:37:28.280429
ACCS,22467000.0,2026-10-07 17:37:28.280429
ACCV,726640000.0,2026-09-30 16:35:32.399909
ACDC,1787299968.0,2026-10-07 17:37:28.280429
ACEL,1390822016.0,2026-10-07 17:37:28.280429
ACET,,2026-10-07 17:37:28.280429
ACFN,9571000.0,2026-10-07 17:37:28.280429
ACGC,,2026-10-07 17:37:28.280429
ACGCU,,2026-10-07 17:37:28.280429
ACGCW,,2026-10-07 17:37:28.280429
ACGL,19232000000.0,2026-10-07 17:37:28.280429
ACGLN,19232000000.0,2026-10-07 17:37:28.280429
ACGLO,19232000000.0,2026-10-07 17:37:28.280429
ACH,2647245056.0,2026-10-07 17:37:28.280429
ACHC,3367673088.0,2026-10-07 17:37:28.280429
ACHR,6900000.0,2026-10-07 17:37:28.280429
ACHR-W,,2026-09-07 16:14:04.858918
ACHV,,2026-10-07 17:37:28.280429
ACI,83233300480.0,2026-10-07 17:37:28.280429
ACIC,330591008.0,2026-10-07 17:37:28.280429
ACIU,,2026-10-07 17:37:28.280429
ACIW,1820130944.0,2026-10-07 17:37:28.280429
ACLS,866072000.0,2026-10-07 17:37:28.280429
ACM,15393461248.0,2026-10-07 17:37:28.280429
ACMR,1037772032.0,2026-10-07 17:37:28.280429
ACN,74183442432.0,2026-10-07 17:37:28.280429
ACNB,160984000.0,2026-10-07 17:37:28.280429
ACNT,83539000.0,2026-10-07 17:37:28.280429
ACOG,15260706.0,2026-10-07 17:37:28.280429
ACON,83769.0,2026-10-07 17:37:28.280429
ACONW,83769.0,2026-10-07 17:37:28.280429
ACP,91201728.0,2026-10-07 17:37:28.280429
ACP$A,,2026-10-07 17:37:28.280429
ACR,84411000.0,2026-10-07 17:37:28.280429
ACR$C,,2026-10-07 17:37:28.280429
ACR$D,,2026-10-07 17:37:28.280429
ACRE,35488000.0,2026-10-07 17:37:28.280429
ACRS,8219000.0,2026-10-07 17:37:28.280429
ACRV,,2026-10-07 17:37:28.280429
ACT,1253538048.0,2026-10-07 17:37:28.280429
ACTG,278374016.0,2026-10-07 17:37:28.280429
ACTU,,2026-10-07 17:37:28.280429
ACU,211604816.0,2026-10-07 17:37:28.280429
ACV,,2026-10-07 17:37:28.280429
ACVA,801339008.0,2026-10-07 17:37:28.280429
ACXP,,2026-10-07 17:37:28.280429
AD,213530000.0,2026-10-07 17:37:28.280429
ADAC,,2026-10-07 17:37:28.280429
ADACU,,2026-10-07 17:37:28.280429
ADACW,,2026-10-07 17:37:27.243848
ADAG,9290815.0,2026-10-07 17:37:27.243848
ADAM,381671008.0,2026-10-07 17:37:27.243848
ADAMG,381671008.0,2026-10-07 17:37:27.243848
ADAMH,381671008.0,2026-10-07 17:37:27.243848
ADAMI,,2026-10-07 17:37:27.243848
ADAMK,,2026-09-17 15:23:36.979615
ADAML,381671008.0,2026-10-07 17:37:27.243848
ADAMM,381671008.0,2026-10-07 17:37:27.243848
ADAMN,381671008.0,2026-10-07 17:37:27.243848
ADAMO,,2026-10-07 17:37:27.243848
ADAMZ,381671008.0,2026-10-07 17:37:27.243848
ADBE,25969999872.0,2026-10-07 17:37:27.243848
ADBT,18668000.0,2026-09-25 15:41:53.468465
ADC,779617984.0,2026-10-07 17:37:27.243848
ADC$A,,2026-10-07 17:37:27.243848
ADCT,79584000.0,2026-10-07 17:37:27.243848
ADEA,470870016.0,2026-10-07 17:37:27.243848
ADGM,,2026-10-07 17:37:27.243848
ADI,13881744384.0,2026-10-07 17:37:27.243848
ADIG,4878000128.0,2026-10-03 15:01:17.985862
ADIG-V,,2026-07-29 12:56:48.738569
ADIL,,2026-10-07 17:37:27.243848
ADM,82099003392.0,2026-10-07 17:37:27.243848
ADMA,512275008.0,2026-10-07 17:37:27.243848
ADNT,15125999616.0,2026-10-07 17:37:27.243848
ADP,21947400192.0,2026-10-07 17:37:27.243848
ADPT,308080992.0,2026-10-07 17:37:27.243848
ADRX,6127000.0,2026-09-25 15:41:53.468465
ADSE,,2026-10-07 17:37:27.243848
ADSEW,,2026-10-07 17:37:27.243848
ADSK,7790000128.0,2026-10-07 17:37:27.243848
ADT,5164895232.0,2026-10-07 17:37:27.243848
ADTN,1138226944.0,2026-10-07 17:37:27.243848
ADTX,14336.0,2026-06-08 04:04:53.658464
ADUR,,2026-10-07 17:37:27.243848
ADUS,1476407040.0,2026-10-07 17:37:27.243848
ADV,3606193920.0,2026-10-07 17:37:27.243848
ADVB,,2026-10-07 17:37:27.243848
ADX,34421688.0,2026-10-07 17:37:27.243848
ADXN,,2026-10-07 17:37:27.243848
AEAQ,,2026-10-07 17:37:27.243848
AEAQU,,2026-10-07 17:37:27.243848
AEAQW,,2026-10-07 17:37:27.243848
AEBI,1951649024.0,2026-10-07 17:37:27.243848
AEC,,2026-10-07 17:37:27.243848
AEE,8410999808.0,2026-10-07 17:37:27.243848
AEF,7425647.0,2026-10-07 17:37:27.243848
AEFC,,2026-10-07 17:37:27.243848
AEG,,2026-10-07 17:37:27.243848
AEHL,62274980.0,2026-10-07 17:37:27.243848
AEHR,50001000.0,2026-10-07 17:37:27.243848
AEI,4272930.0,2026-10-07 17:37:27.243848
AEIS,2037799936.0,2026-10-07 17:37:27.243848
AEM,14525908992.0,2026-10-07 17:37:27.243848
AEMD,,2026-10-07 17:37:27.243848
AENT,1148985984.0,2026-10-07 17:37:27.243848
AENTW,1148985984.0,2026-10-07 17:37:27.243848
AEO,5749621248.0,2026-10-07 17:37:27.243848
AEON,,2026-10-07 17:37:27.243848
AEP,22791000064.0,2026-10-07 17:37:27.243848
AER,8961823744.0,2026-10-07 17:37:27.243848
AERO,5683570176.0,2026-10-07 17:37:27.243848
AERT,76602000.0,2026-10-07 17:37:27.243848
AERTW,76602000.0,2026-10-07 17:37:27.243848
AES,13054000128.0,2026-10-07 17:37:27.243848
AESI,1067804032.0,2026-10-07 17:37:27.243848
AESP,,2026-10-01 17:13:08.883541
AESPR,,2026-10-01 17:13:08.883541
AESPU,,2026-10-07 17:37:27.243848
AESPW,,2026-10-01 17:13:08.883541
AEVA,21598000.0,2026-10-07 17:37:27.243848
AEXA,,2026-10-07 17:37:27.243848
AEYE,41990000.0,2026-10-07 17:37:27.243848
AFB,28306874.0,2026-10-07 17:37:27.243848
AFBI,14280000.0,2026-07-08 12:16:12.091438
AFCG,19135328.0,2026-10-07 17:37:27.243848
AFG,8056999936.0,2026-10-07 17:37:27.243848
AFGB,,2026-10-07 17:37:27.243848
AFGC,,2026-10-07 17:37:27.243848
AFGD,,2026-10-07 17:37:27.243848
AFGE,,2026-10-07 17:37:27.243848
AFJK,,2026-10-07 17:37:27.243848
AFJKR,,2026-10-07 17:37:27.243848
AFJKU,,2026-10-07 17:37:27.243848
AFL,18069000192.0,2026-10-07 17:37:27.243848
AFRI,176488000.0,2026-10-07 17:37:27.243848
AFRIW,176488000.0,2026-10-07 17:37:27.243848
AFRM,4261082112.0,2026-10-07 17:37:27.243848
AFYA,,2026-10-07 17:37:27.243848
AG,1641153024.0,2026-10-07 17:37:27.243848
AGBK,,2026-10-07 17:37:27.243848
AGCC,6206178.0,2026-10-07 17:37:27.243848
AGCO,10349100032.0,2026-10-07 17:37:27.243848
AGD,21714580.0,2026-10-07 17:37:27.243848
AGEN,132693000.0,2026-10-07 17:37:27.243848
AGI,2228400128.0,2026-10-07 17:37:27.243848
AGIG,3227485.0,2026-10-07 17:37:27.243848
AGIO,98338000.0,2026-10-07 17:37:27.243848
AGL,5920014848.0,2026-10-07 17:37:27.243848
AGM,408688000.0,2026-10-07 17:37:27.243848
AGM$D,,2026-10-07 17:37:27.243848
AGM$E,,2026-10-07 17:37:28.280429
AGM$F,,2026-10-07 17:37:28.280429
AGM$G,,2026-10-07 17:37:28.280429
AGM$H,,2026-10-07 17:37:28.280429
AGM$I,,2026-10-07 17:37:28.280429
AGM-A,408688000.0,2026-10-07 17:37:28.280429
AGMB,,2026-10-07 17:37:28.280429
AGMH,30561200.0,2026-10-07 17:37:28.280429
AGNC,2400999936.0,2026-10-07 17:37:28.280429
AGNCL,2400999936.0,2026-10-07 17:37:28.280429
AGNCM,2400999936.0,2026-10-07 17:37:28.280429
AGNCN,2400999936.0,2026-10-07 17:37:28.280429
AGNCO,2400999936.0,2026-10-07 17:37:28.280429
AGNCP,2400999936.0,2026-10-07 17:37:28.280429
AGNCZ,2400999936.0,2026-10-07 17:37:28.280429
AGNT,4963616768.0,2026-10-07 17:37:28.280429
AGO,813000000.0,2026-10-07 17:37:28.280429
AGPU,3262595.0,2026-10-07 17:37:28.280429
AGRO,1649838976.0,2026-10-07 17:37:28.280429
AGRZ,,2026-10-07 17:37:28.280429
AGX,1188132992.0,2026-10-07 17:37:28.280429
AGYS,330313984.0,2026-10-07 17:37:28.280429
AHCO,3363389952.0,2026-10-07 17:37:28.280429
AHG,13831904.0,2026-10-07 17:37:28.280429
AHL$D,,2026-10-07 17:37:28.280429
AHL$E,,2026-10-07 17:37:28.280429
AHL$F,,2026-10-07 17:37:28.280429
AHMA,20229180.0,2026-10-07 17:37:28.280429
AHR,2504844032.0,2026-10-07 17:37:28.280429
AHRT,288836992.0,2026-10-07 17:37:28.280429
AHRT$A,,2026-10-07 17:37:28.280429
AHT,1065907008.0,2026-10-07 17:37:28.280429
AHT$D,,2026-10-07 17:37:28.280429
AHT$F,,2026-10-07 17:37:28.280429
AHT$G,,2026-10-07 17:37:28.280429
AHT$H,,2026-10-07 17:37:28.280429
AHT$I,,2026-10-07 17:37:28.280429
AI,232382000.0,2026-10-07 17:37:28.280429
AIAI,,2026-10-07 17:37:28.280429
AIB,17101004.0,2026-10-07 17:37:28.280429
AIBZ,30919872.0,2026-09-09 14:57:24.401443
AIDX,2040199.0,2026-10-07 17:37:28.280429
AIFA,6581752.0,2026-10-07 17:37:28.280429
AIFC,20074000.0,2026-10-07 17:37:28.280429
AIFF,1799000.0,2026-10-07 17:37:28.280429
AIFU,,2026-10-07 17:37:28.280429
AIG,26738999296.0,2026-10-07 17:37:28.280429
AIHS,1546127.0,2026-08-08 11:21:43.034210
AII,336201984.0,2026-10-07 17:37:28.280429
AIIA,,2026-10-07 17:37:28.280429
AIIA-R,,2026-10-07 17:37:28.280429
AIIA-U,,2026-10-07 17:37:28.280429
AIIO,55449000.0,2026-10-07 17:37:28.280429
AIIOW,55449000.0,2026-10-07 17:37:28.280429
AIIR,,2026-10-07 17:37:28.280429
AIM,95000.0,2026-10-07 17:37:28.280429
AIMD,13600.0,2026-10-07 17:37:28.280429
AIMDW,13600.0,2026-10-07 17:37:28.280429
AIN,1223454976.0,2026-10-07 17:37:28.280429
AIO,,2026-10-07 17:37:28.280429
AIOS,6165689.0,2026-10-07 17:37:28.280429
AIOT,450448992.0,2026-10-07 17:37:28.280429
AIP,84615000.0,2026-10-07 17:37:28.280429
AIR,3486400000.0,2026-10-07 17:37:28.280429
AIRE,4291888.0,2026-10-07 17:37:28.280429
AIRG,51352000.0,2026-10-07 17:37:28.280429
AIRI,46720000.0,2026-10-07 17:37:28.280429
AIRJ,,2026-10-07 17:37:28.280429
AIRJW,,2026-10-07 17:37:28.280429
AIRO,106643000.0,2026-10-07 17:37:28.280429
AIRS,150724000.0,2026-10-07 17:37:28.280429
AIRT,371680992.0,2026-10-07 17:37:28.280429
AIRTP,371680992.0,2026-10-07 17:37:28.280429
AISP,18148514.0,2026-10-07 17:37:28.280429
AISPW,18148514.0,2026-10-07 17:37:28.280429
AIT,4966686208.0,2026-10-07 17:37:28.280429
AIV,138486000.0,2026-10-07 17:37:28.280429
AIXC,4306316.0,2026-09-07 16:14:04.176739
AIXI,12327684.0,2026-10-07 17:37:28.280429
AIZ,13456199680.0,2026-10-07 17:37:28.280429
AIZN,,2026-10-07 17:37:28.280429
AJG,15109000192.0,2026-10-07 17:37:28.280429
AKA,603558976.0,2026-10-07 17:37:28.280429
AKAM,4322833920.0,2026-10-07 17:37:28.280429
AKAN,662469.0,2026-10-07 17:37:28.280429
AKBA,219060000.0,2026-10-07 17:37:28.280429
AKO-A,,2026-10-07 17:37:28.280429
AKO-B,,2026-10-07 17:37:28.280429
AKR,415190016.0,2026-10-07 17:37:28.280429
AKTS,10060000.0,2026-10-07 17:37:28.280429
AKTX,,2026-10-07 17:37:28.280429
ALAB,1201918976.0,2026-10-07 17:37:28.280429
ALAR,45333000.0,2026-10-07 17:37:28.280429
ALB,5907904000.0,2026-10-07 17:37:28.280429
ALB$A,,2026-10-07 17:37:28.280429
ALBT,0.0,2026-07-08 12:16:12.091438
ALC,10860999680.0,2026-10-07 17:37:28.280429
ALCO,17069000.0,2026-10-07 17:37:28.280429
ALDF,,2026-10-07 17:37:28.280429
ALDFU,,2026-10-07 17:37:28.280429
ALDFW,,2026-10-07 17:37:28.280429
ALDX,,2026-10-07 17:37:28.280429
ALEC,13863000.0,2026-10-07 17:37:28.280429
ALF,,2026-10-07 17:37:28.280429
ALFUU,,2026-10-07 17:37:28.280429
ALFUW,,2026-10-07 17:37:28.280429
ALG,1661574016.0,2026-10-07 17:37:28.280429
ALGM,945934016.0,2026-10-07 17:37:28.280429
ALGN,4139532032.0,2026-10-07 17:37:28.280429
ALGS,31518000.0,2026-10-07 17:37:28.280429
ALGT,2894042112.0,2026-10-07 17:37:28.280429
ALH,1776121984.0,2026-10-07 17:37:28.280429
ALHC,4577329152.0,2026-10-07 17:37:28.280429
ALIS,,2026-10-07 17:37:28.280429
ALISR,,2026-10-07 17:37:28.280429
ALISU,,2026-10-07 17:37:28.280429
ALIT,2231000064.0,2026-10-07 17:37:28.280429
ALK,14762999808.0,2026-10-07 17:37:28.280429
ALKS,1667651968.0,2026-10-07 17:37:28.280429
ALKT,489727008.0,2026-10-07 17:37:28.280429
ALL,70137004032.0,2026-10-07 17:37:28.280429
ALL$B,,2026-10-07 17:37:28.280429
ALL$H,,2026-10-07 17:37:28.280429
ALL$I,,2026-10-07 17:37:28.280429
ALL$J,,2026-10-07 17:37:28.280429
ALLE,4288499968.0,2026-10-07 17:37:28.280429
ALLO,4640000.0,2026-10-07 17:37:28.280429
ALLR,345000.0,2026-10-07 17:37:28.280429
ALLT,108954000.0,2026-10-07 17:37:28.280429
ALLY,7897999872.0,2026-10-07 17:37:28.280429
ALM,,2026-10-07 17:37:28.280429
ALMR,100420000.0,2026-10-07 17:37:28.280429
ALMS,7398000.0,2026-10-07 17:37:28.280429
ALMU,4461000.0,2026-10-07 17:37:28.280429
ALNT,574782016.0,2026-10-07 17:37:28.280429
ALNY,4804182016.0,2026-10-07 17:37:28.280429
ALOT,152171008.0,2026-08-08 11:21:43.034210
ALOV,,2026-10-07 17:37:28.280429
ALOVU,,2026-10-07 17:37:28.280429
ALOVW,,2026-10-07 17:37:28.280429
ALOY,1870000.0,2026-10-07 17:37:28.280429
ALP,97000.0,2026-10-07 17:37:28.280429
ALPS,,2026-10-07 17:37:28.280429
ALPX,,2026-10-06 17:00:28.501908
ALPXR,,2026-10-06 17:00:28.501908
ALPXU,,2026-09-25 15:41:53.468465
ALPXW,,2026-10-06 17:00:28.501908
ALRM,1060984000.0,2026-10-07 17:37:28.280429
ALRS,241900992.0,2026-10-07 17:37:28.280429
ALSN,4401999872.0,2026-10-07 17:37:28.280429
ALT,31000.0,2026-10-07 17:37:28.280429
ALTG,1817699968.0,2026-10-07 17:37:28.280429
ALTG$A,,2026-10-07 17:37:28.280429
ALTI,276620992.0,2026-10-07 17:37:28.280429
ALTO,943329024.0,2026-10-07 17:37:28.280429
ALUB,,2026-10-07 17:37:28.280429
ALUB-U,,2026-10-07 17:37:28.280429
ALUB-W,,2026-10-07 17:37:28.280429
ALV,11079000064.0,2026-10-07 17:37:28.280429
ALVO,494608000.0,2026-10-07 17:37:28.280429
ALVOW,494608000.0,2026-10-07 17:37:28.280429
ALX,214802000.0,2026-10-07 17:37:28.280429
ALXO,,2026-10-07 17:37:28.280429
ALZN,,2026-10-07 17:37:28.280429
AM,1312627968.0,2026-10-07 17:37:28.280429
AMAC,,2026-10-08 17:40:25.818901
AMACU,,2026-09-17 15:23:36.979615
AMACW,,2026-10-08 17:40:25.818901
AMAL,333856992.0,2026-10-07 17:37:28.280429
AMAN,,2026-10-07 17:37:28.280429
AMAT,30837000192.0,2026-10-07 17:37:28.280429
AMBA,417800992.0,2026-10-07 17:37:28.280429
AMBO,9581000.0,2026-10-07 17:37:28.280429
AMBP,5991000064.0,2026-10-07 17:37:28.280429
AMBQ,97870000.0,2026-10-07 17:37:28.280429
AMBR,56583000.0,2026-10-07 17:37:28.280429
AMC,5230600192.0,2026-10-07 17:37:28.280429
AMCI,4912840.0,2026-10-07 17:37:28.280429
AMCR,23505999872.0,2026-10-07 17:37:28.280429
AMCX,2246166016.0,2026-10-07 17:37:28.280429
AMD,41305001984.0,2026-10-07 17:37:28.280429
AME,7863923200.0,2026-10-07 17:37:28.280429
AMG,2270200064.0,2026-10-07 17:37:28.280429
AMGN,38094999552.0,2026-10-07 17:37:28.280429
AMH,1875582976.0,2026-10-07 17:37:28.280429
AMH$G,,2026-10-07 17:37:28.280429
AMH$H,,2026-10-07 17:37:28.280429
AMIX,,2026-10-07 17:37:28.280429
AMKR,7457679872.0,2026-10-07 17:37:28.280429
AMLX,,2026-10-07 17:37:28.280429
AMN,3434319104.0,2026-10-07 17:37:28.280429
AMOD,7138.0,2026-10-07 17:37:28.280429
AMODW,7138.0,2026-10-07 17:37:28.280429
AMP,19839000576.0,2026-10-07 17:37:28.280429
AMPG,23990728.0,2026-10-07 17:37:28.280429
AMPGR,26946276.0,2026-07-08 12:16:12.091438
AMPGZ,23990728.0,2026-10-07 17:37:28.280429
AMPH,730019008.0,2026-10-07 17:37:28.280429
AMPL,374368992.0,2026-10-07 17:37:28.280429
AMPX,109228000.0,2026-10-07 17:37:28.280429
AMPX-W,,2026-10-07 17:37:28.280429
AMPY,213100000.0,2026-10-07 17:37:28.280429
AMR,2065092992.0,2026-10-07 17:37:28.280429
AMRC,2023937024.0,2026-10-07 17:37:28.280429
AMRN,186232992.0,2026-10-07 17:37:28.280429
AMRX,3117548032.0,2026-10-07 17:37:28.280429
AMRZ,12183000064.0,2026-10-07 17:37:28.280429
AMS,30413000.0,2026-10-07 17:37:28.280429
AMSC,320870016.0,2026-10-07 17:37:28.280429
AMSF,335656000.0,2026-10-07 17:37:28.280429
AMSS,17735246.0,2026-10-07 17:37:28.280429
AMST,364777.0,2026-10-07 17:37:28.280429
AMT,10941500416.0,2026-10-07 17:37:28.280429
AMTB,391304992.0,2026-10-07 17:37:28.280429
AMTD,88473000.0,2026-10-07 17:37:28.280429
AMTM,14129999872.0,2026-10-07 17:37:28.280429
AMTX,230171008.0,2026-10-07 17:37:28.280429
AMUB,,2026-10-07 17:37:28.280429
AMWL,218524992.0,2026-10-07 17:37:28.280429
AMX,,2026-10-07 17:37:28.280429
AMZE,2125724.0,2026-09-07 16:14:04.176739
AMZN,775680032768.0,2026-10-07 17:37:28.280429
AN,27448500224.0,2026-10-07 17:37:28.280429
ANAB,106088000.0,2026-10-07 17:37:28.280429
ANDE,10938887168.0,2026-10-07 17:37:28.280429
ANDG,913038016.0,2026-10-07 17:37:28.280429
ANET,10540800000.0,2026-10-07 17:37:28.280429
ANF,5340931072.0,2026-10-07 17:37:28.280429
ANG$D,,2026-10-07 17:37:28.280429
ANGH,99304528.0,2026-10-07 17:37:28.280429
ANGHW,99304528.0,2026-10-07 17:37:28.280429
ANGI,992553984.0,2026-10-07 17:37:28.280429
ANGO,320174016.0,2026-10-07 17:37:28.280429
ANGX,413287232.0,2026-10-07 17:37:28.280429
ANIK,120654000.0,2026-10-07 17:37:28.280429
ANIP,978379008.0,2026-10-07 17:37:28.280429
ANIX,,2026-10-07 17:37:28.280429
ANL,18056000.0,2026-10-07 17:37:28.280429
ANNA,39919364.0,2026-10-07 17:37:28.280429
ANNAW,39919364.0,2026-10-07 17:37:28.280429
ANNX,,2026-10-07 17:37:28.280429
ANPA,,2026-10-07 17:37:28.280429
ANRO,,2026-10-07 17:37:28.280429
ANSC,,2026-08-08 11:21:43.034210
ANSCU,,2026-08-08 11:21:43.034210
ANSCW,,2026-08-08 11:21:43.034210
ANTA,82002392.0,2026-10-07 17:37:28.280429
ANTX,,2026-10-07 17:37:28.280429
ANVS,,2026-10-07 17:37:28.280429
ANY,9714000.0,2026-09-07 16:14:04.176739
AOD,76882360.0,2026-10-07 17:37:28.280429
AOMD,,2026-10-07 17:37:28.280429
AOMN,,2026-10-07 17:37:28.280429
AOMR,36400000.0,2026-10-07 17:37:28.280429
AON,17577000960.0,2026-10-07 17:37:28.280429
AORT,471473984.0,2026-10-07 17:37:28.280429
AOS,3804900096.0,2026-10-07 17:37:28.280429
AOSL,678926976.0,2026-10-07 17:37:28.280429
AOUT,198088000.0,2026-10-07 17:37:28.280429
AP,428041984.0,2026-10-07 17:37:28.280429
APA,8572000256.0,2026-10-07 17:37:28.280429
APAC,,2026-10-07 17:37:28.280429
APACR,,2026-10-07 17:37:28.280429
APACU,,2026-10-07 17:37:28.280429
APAM,1247713024.0,2026-10-07 17:37:28.280429
APC,5973507072.0,2026-10-07 17:37:28.280429
APD,12602200064.0,2026-10-07 17:37:28.280429
APEI,668014016.0,2026-10-07 17:37:28.280429
APG,8438000128.0,2026-10-07 17:37:28.280429
APGE,,2026-08-08 11:21:43.034210
APH,29011599360.0,2026-10-07 17:37:28.280429
API,151694000.0,2026-10-07 17:37:28.280429
APLD,611310976.0,2026-10-07 17:37:28.280429
APLE,1440608000.0,2026-10-07 17:37:28.280429
APLM,8842000.0,2026-10-07 17:37:28.280429
APLMW,,2026-10-07 17:37:28.280429
APM,,2026-07-08 12:16:12.091438
APMC,,2026-09-28 18:19:46.995311
APMCR,,2026-09-28 18:19:46.995311
APMCU,,2026-10-07 17:37:28.280429
APMD,115120000.0,2026-09-29 16:42:51.379190
APO,35598000128.0,2026-10-07 17:37:28.280429
APO$A,,2026-07-08 12:16:12.091438
APOG,1400795008.0,2026-10-07 17:37:28.280429
APOS,,2026-10-07 17:37:28.280429
APP,6829124096.0,2026-10-07 17:37:28.280429
APPF,1040883008.0,2026-10-07 17:37:28.280429
APPN,795307008.0,2026-10-07 17:37:28.280429
APPS,600307968.0,2026-10-07 17:37:28.280429
APRE,5185.0,2026-10-07 17:37:28.280429
APT,61907000.0,2026-10-07 17:37:28.280429
APTV,20518000640.0,2026-10-07 17:37:28.280429
APUR,,2026-09-10 14:43:12.525053
APURR,,2026-09-10 14:43:12.525053
APURU,,2026-06-08 04:04:53.658464
APUS,,2026-10-07 17:37:28.280429
APVO,,2026-10-07 17:37:28.280429
APWC,529680000.0,2026-10-07 17:37:28.280429
APXT,,2026-10-07 17:37:28.280429
APXTU,,2026-10-07 17:37:28.280429
APXTW,,2026-10-07 17:37:28.280429
APYX,58415000.0,2026-10-07 17:37:28.280429
AQB,,2026-10-07 17:37:28.280429
AQMS,,2026-10-07 17:37:28.280429
AQN,2549700096.0,2026-10-07 17:37:28.280429
AQNB,,2026-10-07 17:37:28.280429
AQST,54087000.0,2026-10-07 17:37:28.280429
AR,5781233152.0,2026-10-07 17:37:28.280429
ARAI,52150.0,2026-10-07 17:37:28.280429
ARAY,401947008.0,2026-10-07 17:37:28.280429
ARBB,,2026-10-07 17:37:28.280429
ARBE,1876000.0,2026-10-07 17:37:28.280429
ARBEW,1876000.0,2026-09-07 16:14:04.176739
ARBK,15521000.0,2026-10-07 17:37:28.280429
ARCB,4204144128.0,2026-10-07 17:37:28.280429
ARCC,3105999872.0,2026-10-07 17:37:28.280429
ARCI,,2026-10-07 17:37:28.280429
ARCIU,,2026-10-07 17:37:28.280429
ARCIW,,2026-10-07 17:37:28.280429
ARCL,,2026-10-07 17:37:28.280429
ARCLR,,2026-10-07 17:37:28.280429
ARCLU,,2026-10-07 17:37:28.280429
ARCLW,,2026-10-07 17:37:28.280429
ARCO,4980967936.0,2026-10-07 17:37:28.280429
ARCT,29368000.0,2026-10-07 17:37:28.280429
ARDC,,2026-10-07 17:37:28.280429
ARDT,6405940224.0,2026-10-07 17:37:28.280429
ARDX,450894016.0,2026-10-07 17:37:28.280429
ARE,2840326912.0,2026-10-07 17:37:28.280429
AREC,,2026-10-07 17:37:28.280429
AREN,123419000.0,2026-08-08 11:21:43.034210
ARES,5252563968.0,2026-10-07 17:37:28.280429
ARES$B,,2026-10-07 17:37:28.280429
ARGX,5315468800.0,2026-10-07 17:37:28.280429
ARHS,1408588032.0,2026-10-07 17:37:28.280429
ARI,624292992.0,2026-10-07 17:37:28.280429
ARIS,1269385984.0,2026-10-07 17:37:28.280429
ARKO,6885069824.0,2026-10-07 17:37:28.280429
ARKR,155536992.0,2026-10-07 17:37:28.280429
ARL,51724000.0,2026-10-07 17:37:28.280429
ARLO,587145024.0,2026-10-07 17:37:28.280429
ARLP,2174457088.0,2026-10-07 17:37:28.280429
ARM,5155999744.0,2026-10-07 17:37:28.280429
ARMK,19845263360.0,2026-10-07 17:37:28.280429
ARMP,5543000.0,2026-10-07 17:37:28.280429
AROC,1504508032.0,2026-10-07 17:37:28.280429
AROW,170167008.0,2026-10-07 17:37:28.280429
ARQ,123441000.0,2026-10-07 17:37:28.280429
ARQQ,1086000.0,2026-10-07 17:37:28.280429
ARQQW,1086000.0,2026-08-08 11:21:43.034210
ARQT,463980992.0,2026-10-07 17:37:28.280429
ARR,490692992.0,2026-10-07 17:37:28.280429
ARR$C,,2026-10-07 17:37:28.280429
ARRY,1185011968.0,2026-10-07 17:37:28.280429
ARTC,,2026-10-07 17:37:28.280429
ARTCU,,2026-10-07 17:37:28.280429
ARTCW,,2026-10-07 17:37:28.280429
ARTL,,2026-10-07 17:37:28.280429
ARTNA,116943000.0,2026-10-07 17:37:28.280429
ARTV,,2026-10-07 17:37:28.280429
ARTW,25992172.0,2026-10-07 17:37:28.280429
ARVN,316700000.0,2026-10-07 17:37:28.280429
ARW,35924754432.0,2026-10-07 17:37:28.280429
ARWR,669494976.0,2026-10-07 17:37:28.280429
ARX,1071699968.0,2026-10-07 17:37:28.280429
ARXS,1770082944.0,2026-10-07 17:37:28.280429
AS,7435500032.0,2026-10-07 17:37:28.280429
ASA,6932438.0,2026-10-07 17:37:28.280429
ASAN,828126976.0,2026-10-07 17:37:28.280429
ASB,1555949952.0,2026-10-07 17:37:28.280429
ASB$E,,2026-10-07 17:37:28.280429
ASB$F,,2026-10-07 17:37:28.280429
ASBA,,2026-10-07 17:37:28.280429
ASBH,304777984.0,2026-09-16 15:15:02.811913
ASBP,97659.0,2026-10-07 17:37:28.280429
ASBPW,97659.0,2026-10-07 17:37:28.280429
ASC,368284992.0,2026-10-07 17:37:28.280429
ASG,1688300.0,2026-10-07 17:37:28.280429
ASGI,,2026-10-07 17:37:28.280429
ASGI-R,,2026-09-24 15:38:57.194228
ASGI-V,,2026-09-18 14:43:30.195902
ASH,1842000000.0,2026-10-07 17:37:28.280429
ASIC,516884992.0,2026-10-07 17:37:28.280429
ASIX,1559888000.0,2026-10-07 17:37:28.280429
ASLE,303673984.0,2026-10-07 17:37:28.280429
ASM,117806000.0,2026-10-07 17:37:28.280429
ASMB,74845000.0,2026-10-07 17:37:28.280429
ASML,,2026-10-07 17:37:28.280429
ASND,,2026-10-07 17:37:28.280429
ASO,6191455232.0,2026-10-07 17:37:28.280429
ASPC,,2026-10-07 17:37:28.280429
ASPCR,,2026-10-07 17:37:28.280429
ASPCU,,2026-10-07 17:37:28.280429
ASPI,30852000.0,2026-10-07 17:37:28.280429
ASPN,202088992.0,2026-10-07 17:37:28.280429
ASPS,182495008.0,2026-10-07 17:37:28.280429
ASPSW,182495008.0,2026-10-07 17:37:28.280429
ASPSZ,182495008.0,2026-10-07 17:37:28.280429
ASR,,2026-10-07 17:37:28.280429
ASRT,102158000.0,2026-06-08 04:04:53.658464
ASRV,60401000.0,2026-10-07 17:37:28.280429
ASST,8501000.0,2026-10-07 17:37:28.280429
ASTC,913000.0,2026-10-07 17:37:28.280429
ASTE,1555100032.0,2026-10-07 17:37:28.280429
ASTH,3844193024.0,2026-10-07 17:37:28.280429
ASTI,191335.0,2026-10-07 17:37:28.280429
ASTL,,2026-10-07 17:37:28.280429
ASTLW,,2026-10-07 17:37:28.280429
ASTS,115299000.0,2026-10-07 17:37:28.280429
ASUR,155432992.0,2026-10-07 17:37:28.280429
ASX,,2026-10-07 17:37:28.280429
ASYS,81666000.0,2026-10-07 17:37:28.280429
ATAI,4472000.0,2026-09-07 16:14:04.176739
ATAT,,2026-10-07 17:37:28.280429
ATCH,20052636.0,2026-10-07 17:37:28.280429
ATCX,,2026-10-07 17:37:28.280429
ATEC,815052032.0,2026-10-07 17:37:28.280429
ATEN,310174016.0,2026-10-07 17:37:28.280429
ATER,68849000.0,2026-10-07 17:37:28.280429
ATEX,7041000.0,2026-10-07 17:37:28.280429
ATGL,,2026-10-07 17:37:28.280429
ATH$A,,2026-10-07 17:37:28.280429
ATH$B,,2026-10-07 17:37:28.280429
ATH$D,,2026-10-07 17:37:28.280429
ATH$E,,2026-10-07 17:37:28.280429
ATHE,,2026-10-07 17:37:28.280429
ATHM,,2026-10-07 17:37:28.280429
ATHR,1345440.0,2026-10-07 17:37:28.280429
ATHS,,2026-10-07 17:37:28.280429
ATI,4715200000.0,2026-10-07 17:37:28.280429
ATII,,2026-10-07 17:37:28.280429
ATIIU,,2026-10-07 17:37:28.280429
ATIIW,,2026-10-07 17:37:28.280429
ATKR,2933734912.0,2026-10-07 17:37:28.280429
ATLC,730473984.0,2026-10-07 17:37:28.280429
ATLCL,,2026-10-07 17:37:28.280429
ATLCP,730473984.0,2026-10-07 17:37:28.280429
ATLCZ,,2026-10-07 17:37:28.280429
ATLN,435878720.0,2026-06-08 04:04:53.658464
ATLO,71969000.0,2026-10-07 17:37:28.280429
ATLQ,,2026-10-01 17:13:08.883541
ATLQR,,2026-10-01 17:13:08.883541
ATLQU,,2026-10-01 17:13:08.883541
ATLQW,,2026-10-01 17:13:08.883541
ATLX,109897.0,2026-10-07 17:37:28.280429
ATMP,,2026-10-07 17:37:28.280429
ATMU,1899699968.0,2026-10-07 17:37:28.280429
ATNI,734102976.0,2026-10-07 17:37:28.280429
ATNM,35090000.0,2026-10-07 17:37:28.280429
ATO,4921525760.0,2026-10-07 17:37:28.280429
ATOM,230000.0,2026-10-07 17:37:28.280429
ATOS,,2026-10-07 17:37:28.280429
ATPC,1315723.0,2026-10-07 17:37:28.280429
ATR,3933242880.0,2026-10-07 17:37:28.280429
ATRA,6194000.0,2026-10-07 17:37:28.280429
ATRC,569622016.0,2026-10-07 17:37:28.280429
ATRO,942089984.0,2026-10-07 17:37:28.280429
ATS,,2026-10-07 17:37:28.280429
ATTO,1800000.0,2026-10-04 15:35:58.398799
ATTT,,2026-09-10 14:43:12.525053
ATXG,7982468.0,2026-10-07 17:37:28.280429
ATYR,190000.0,2026-10-07 17:37:28.280429
AU,11825000448.0,2026-10-07 17:37:28.280429
AUB,1507731968.0,2026-10-07 17:37:28.280429
AUB$A,,2026-10-07 17:37:28.280429
AUBN,34056000.0,2026-10-07 17:37:28.280429
AUC,2600000.0,2026-10-07 17:37:28.280429
AUDC,249252992.0,2026-10-07 17:37:28.280429
AUGO,1288066048.0,2026-10-07 17:37:28.280429
AUID,1270575.0,2026-10-07 17:37:28.280429
AUNA,,2026-10-07 17:37:28.280429
AUPH,311507008.0,2026-10-07 17:37:28.280429
AUR,5000000.0,2026-10-07 17:37:28.280429
AURA,,2026-10-07 17:37:28.280429
AURE,-1190000.0,2026-10-07 17:37:28.280429
AUROW,5000000.0,2026-10-07 17:37:28.280429
AUST,,2026-10-07 17:37:28.280429
AUTL,117390000.0,2026-10-07 17:37:28.280429
AUUD,7584.0,2026-10-07 17:37:28.280429
AUXX,,2026-10-08 17:40:25.818901
AVA,1919000064.0,2026-10-07 17:37:28.280429
AVAH,2602820096.0,2026-10-07 17:37:28.280429
AVAL,,2026-10-07 17:37:28.280429
AVAT,4528527.0,2026-09-12 13:49:16.620674
AVAV,2002658944.0,2026-10-07 17:37:28.280429
AVB,3083518976.0,2026-08-08 11:21:43.034210
AVBC,108159000.0,2026-10-07 17:37:28.280429
AVBH,37849000.0,2026-10-07 17:37:28.280429
AVBP,,2026-10-07 17:37:28.280429
AVD,510323008.0,2026-10-07 17:37:28.280429
AVEX,697025024.0,2026-10-07 17:37:28.280429
AVGO,89103998976.0,2026-10-07 17:37:28.280429
AVIR,,2026-10-07 17:37:28.280429
AVK,42328924.0,2026-10-07 17:37:28.280429
AVLN,,2026-10-07 17:37:28.280429
AVNS,715900032.0,2026-07-08 12:16:12.091438
AVNT,3331500032.0,2026-10-07 17:37:28.280429
AVNW,439681984.0,2026-10-07 17:37:28.280429
AVO,1338499968.0,2026-10-07 17:37:28.280429
AVPT,466152000.0,2026-10-07 17:37:28.280429
AVR,2242000.0,2026-10-07 17:37:28.280429
AVT,27632683008.0,2026-10-07 17:37:28.280429
AVTR,6561099776.0,2026-10-07 17:37:28.280429
AVTX,59000.0,2026-10-07 17:37:28.280429
AVX,6943811.0,2026-10-07 17:37:28.280429
AVXL,,2026-10-07 17:37:28.280429
AVY,9248100352.0,2026-10-07 17:37:28.280429
AWF,72064416.0,2026-10-07 17:37:28.280429
AWI,1695399936.0,2026-10-07 17:37:28.280429
AWK,5283999744.0,2026-10-07 17:37:28.280429
AWP,10551836.0,2026-10-07 17:37:28.280429
AWR,697475008.0,2026-10-07 17:37:28.280429
AWRE,16433000.0,2026-10-07 17:37:28.280429
AWX,85782000.0,2026-10-07 17:37:28.280429
AX,1379388032.0,2026-10-07 17:37:28.280429
AXG,27595000.0,2026-10-07 17:37:28.280429
AXGN,251174000.0,2026-10-07 17:37:28.280429
AXIA,,2026-07-08 12:16:12.091438
AXIA$,,2026-06-08 04:04:53.658464
AXIA$C,,2026-07-08 12:16:12.091438
AXIL,30847570.0,2026-10-07 17:37:28.280429
AXIN,,2026-10-07 17:37:28.280429
AXINR,,2026-10-07 17:37:28.280429
AXINU,,2026-10-07 17:37:28.280429
AXON,3219098880.0,2026-10-07 17:37:28.280429
AXP,70912999424.0,2026-10-07 17:37:28.280429
AXR,41047000.0,2026-10-07 17:37:28.280429
AXS,6805262848.0,2026-10-07 17:37:28.280429
AXS$E,,2026-10-07 17:37:28.280429
AXSM,776569024.0,2026-10-07 17:37:28.280429
AXTA,5150000128.0,2026-10-07 17:37:28.280429
AXTI,125509000.0,2026-10-07 17:37:28.280429
AYA,343724000.0,2026-10-07 17:37:28.280429
AYI,4641800192.0,2026-10-07 17:37:28.280429
AYTU,57570000.0,2026-10-07 17:37:28.280429
AZ,14415000.0,2026-10-07 17:37:28.280429
AZI,72471000.0,2026-10-07 17:37:28.280429
AZIO,9212921.0,2026-09-12 13:49:16.620674
AZN,61366001664.0,2026-10-07 17:37:28.280429
AZO,20338554880.0,2026-10-07 17:37:28.280429
AZTA,613806976.0,2026-10-07 17:37:28.280429
AZTR,,2026-10-07 17:37:28.280429
AZUL,,2026-10-07 17:37:28.280429
AZZ,1676647936.0,2026-10-07 17:37:28.280429
B,20654999552.0,2026-10-07 17:37:28.280429
BA,93994999808.0,2026-10-07 17:37:28.280429
BA$A,,2026-10-07 17:37:28.280429
BABA,,2026-10-07 17:37:28.280429
BAC,113931001856.0,2026-10-07 17:37:28.280429
BAC$B,,2026-10-07 17:37:28.280429
BAC$E,,2026-10-07 17:37:28.280429
BAC$K,,2026-10-07 17:37:28.280429
BAC$L,,2026-10-07 17:37:28.280429
BAC$M,,2026-10-07 17:37:28.280429
BAC$N,,2026-10-07 17:37:28.280429
BAC$O,,2026-10-07 17:37:28.280429
BAC$P,,2026-10-07 17:37:28.280429
BAC$Q,,2026-10-07 17:37:28.280429
BAC$S,,2026-10-07 17:37:28.280429
BACC,,2026-10-07 17:37:28.280429
BACCR,,2026-10-07 17:37:28.280429
BACCU,,2026-10-07 17:37:28.280429
BAER,115439000.0,2026-10-07 17:37:28.280429
BAERW,115439000.0,2026-10-07 17:37:28.280429
BAFN,-9438000.0,2026-10-07 17:37:28.280429
BAH,11093000192.0,2026-10-07 17:37:28.280429
BAK,,2026-10-07 17:37:28.280429
BALL,14325999616.0,2026-10-07 17:37:28.280429
BALY,2957916928.0,2026-10-07 17:37:28.280429
BAM,5736999936.0,2026-10-07 17:37:28.280429
BANC,690232000.0,2026-10-07 17:37:28.280429
BANC$F,,2026-10-07 17:37:28.280429
BAND,828243968.0,2026-10-07 17:37:28.280429
BANF,713243008.0,2026-10-07 17:37:28.280429
BANFP,,2026-10-07 17:37:28.280429
BANL,668904576.0,2026-10-07 17:37:28.280429
BANR,671550976.0,2026-10-07 17:37:28.280429
BANX,26503580.0,2026-10-07 17:37:28.280429
BAOS,568993.0,2026-10-07 17:37:28.280429
BAP,,2026-10-07 17:37:28.280429
BAR,,2026-10-07 17:37:28.280429
BARK,370796992.0,2026-10-07 17:37:28.280429
BATL,163059008.0,2026-10-07 17:37:28.280429
BATRA,749966976.0,2026-10-07 17:37:28.280429
BATRK,749966976.0,2026-10-07 17:37:28.280429
BAX,11470000128.0,2026-10-07 17:37:28.280429
BAYA,,2026-06-08 04:04:53.658464
BAYAR,,2026-06-08 04:04:53.658464
BAYAU,,2026-06-08 04:04:53.658464
BB,614000000.0,2026-10-07 17:37:28.280429
BBAI,131627000.0,2026-10-07 17:37:28.280429
BBAI-W,,2026-10-07 17:37:28.280429
BBAR,,2026-10-07 17:37:28.280429
BBBY,,2026-08-08 11:21:43.034210
BBBY-W,,2026-08-08 11:21:43.034210
BBBYW,1139531008.0,2026-09-17 15:23:36.979615
BBCI,,2026-10-07 17:37:20.831404
BBCIW,,2026-10-07 17:37:20.831404
BBCP,422910016.0,2026-10-07 17:37:28.280429
BBCQ,,2026-08-08 11:21:43.034210
BBCQU,,2026-08-08 11:21:43.034210
BBCQW,,2026-08-08 11:21:43.034210
BBD,,2026-10-07 17:37:28.280429
BBDC,266140992.0,2026-10-07 17:37:28.280429
BBDO,,2026-10-07 17:37:28.280429
BBGI,190741888.0,2026-10-07 17:37:28.280429
BBIO,713068992.0,2026-10-07 17:37:28.280429
BBLG,,2026-10-07 17:37:28.280429
BBLGW,,2026-10-07 17:37:28.280429
BBN,,2026-10-07 17:37:28.280429
BBNX,119013000.0,2026-10-07 17:37:28.280429
BBOT,,2026-10-07 17:37:28.280429
BBSI,1266348032.0,2026-10-07 17:37:28.280429
BBT,759496000.0,2026-10-07 17:37:28.280429
BBUC,26946000896.0,2026-10-07 17:37:28.280429
BBVA,,2026-10-07 17:37:28.280429
BBW,517751008.0,2026-10-07 17:37:28.280429
BBWI,7208999936.0,2026-10-07 17:37:28.280429
BBY,42201001984.0,2026-10-07 17:37:28.280429
BC,5629899776.0,2026-10-07 17:37:28.280429
BC$C,,2026-10-07 17:37:28.280429
BCAB,2000000.0,2026-08-08 11:21:43.034210
BCAL,184288992.0,2026-10-07 17:37:28.280429
BCAR,,2026-08-08 11:21:43.034210
BCARU,,2026-08-08 11:21:43.034210
BCARW,,2026-08-08 11:21:33.787976
BCAT,,2026-10-07 17:37:20.831404
BCAT-R,,2026-10-06 17:00:28.501908
BCAT-V,,2026-09-24 15:38:57.194228
BCAX,,2026-10-07 17:37:20.831404
BCBP,62385000.0,2026-10-07 17:37:20.831404
BCC,6457935872.0,2026-10-07 17:37:20.831404
BCCQ,,2026-10-02 16:26:48.954695
BCCQU,,2026-10-06 17:00:28.501908
BCCQW,,2026-10-02 16:26:48.954695
BCDA,,2026-10-07 17:37:28.280429
BCE,,2026-10-07 17:37:28.280429
BCG,189884992.0,2026-10-07 17:37:28.280429
BCGWW,189884992.0,2026-10-07 17:37:28.280429
BCH,,2026-10-07 17:37:28.280429
BCHT,19182030.0,2026-10-07 17:37:28.280429
BCIC,69167000.0,2026-10-07 17:37:28.280429
BCML,95708000.0,2026-10-07 17:37:28.280429
BCO,5481399808.0,2026-10-07 17:37:28.280429
BCPC,1085880960.0,2026-10-07 17:37:28.280429
BCRX,940612992.0,2026-10-07 17:37:28.280429
BCS,,2026-10-07 17:37:28.280429
BCSF,263958000.0,2026-10-07 17:37:28.280429
BCSS,,2026-10-07 17:37:28.280429
BCSS-U,,2026-10-07 17:37:28.280429
BCSS-W,,2026-10-07 17:37:28.280429
BCTX,,2026-10-07 17:37:28.280429
BCTXL,,2026-10-07 17:37:28.280429
BCTXZ,,2026-10-07 17:37:28.280429
BCV,3978725.0,2026-10-07 17:37:28.280429
BCV$A,,2026-10-07 17:37:28.280429
BCX,,2026-10-07 17:37:28.280429
BCYC,61205000.0,2026-10-07 17:37:28.280429
BDC,2864872960.0,2026-10-07 17:37:28.280429
BDCI,,2026-10-07 17:37:28.280429
BDCIU,,2026-10-07 17:37:28.280429
BDCIW,,2026-10-07 17:37:28.280429
BDCZ,,2026-10-07 17:37:28.280429
BDJ,39719372.0,2026-10-07 17:37:28.280429
BDL,216063008.0,2026-10-07 17:37:28.280429
BDMD,24492928.0,2026-10-07 17:37:28.280429
BDMDW,24492928.0,2026-10-07 17:37:28.280429
BDN,452296992.0,2026-10-07 17:37:28.280429
BDRX,,2026-10-07 17:37:28.280429
BDSX,102939000.0,2026-10-07 17:37:28.280429
BDTX,0.0,2026-10-07 17:37:28.280429
BDX,22484000768.0,2026-10-07 17:37:28.280429
BE,3113149952.0,2026-10-07 17:37:28.280429
BEAG,,2026-10-07 17:37:28.280429
BEAGR,,2026-10-07 17:37:28.280429
BEAGU,,2026-10-07 17:37:28.280429
BEAM,156035008.0,2026-10-07 17:37:28.280429
BEAT,,2026-10-07 17:37:28.280429
BEATW,,2026-10-07 17:37:28.280429
BEBE,,2026-10-07 17:37:28.280429
BEBE-U,,2026-10-07 17:37:28.280429
BEBE-W,,2026-10-07 17:37:28.280429
BEEM,26527000.0,2026-10-07 17:37:20.831404
BEEP,34673000.0,2026-10-07 17:37:20.831404
BEKE,,2026-10-07 17:37:20.831404
BELFA,744094016.0,2026-10-07 17:37:20.831404
BELFB,744094016.0,2026-10-07 17:37:20.831404
BEN,9324099584.0,2026-10-07 17:37:20.831404
BENF,-14337000.0,2026-10-07 17:37:20.831404
BENFW,-14337000.0,2026-10-07 17:37:20.831404
BEP,6359000064.0,2026-10-07 17:37:20.831404
BEP$A,,2026-10-07 17:37:20.831404
BEPC,3828000000.0,2026-10-07 17:37:20.831404
BEPH,,2026-10-07 17:37:20.831404
BEPI,,2026-10-07 17:37:20.831404
BEPJ,,2026-10-07 17:37:20.831404
BESS,7903159.0,2026-10-07 17:37:20.831404
BESS-W,,2026-10-07 17:37:20.831404
BETA,44842000.0,2026-10-07 17:37:20.831404
BETR,193058000.0,2026-10-07 17:37:20.831404
BETRW,193058000.0,2026-10-07 17:37:20.831404
BF-A,3915000064.0,2026-10-07 17:37:20.831404
BF-B,3915000064.0,2026-10-07 17:37:20.831404
BFAM,3027909888.0,2026-10-07 17:37:20.831404
BFC,217232000.0,2026-10-07 17:37:20.831404
BFH,2668000000.0,2026-10-07 17:37:20.831404
BFH$A,,2026-10-07 17:37:20.831404
BFH$B,,2026-10-07 17:37:20.831404
BFLY,112144000.0,2026-10-07 17:37:20.831404
BFRG,298798.0,2026-10-07 17:37:20.831404
BFRGW,,2026-10-07 17:37:20.831404
BFRI,46175000.0,2026-10-07 17:37:20.831404
BFRIW,46175000.0,2026-10-07 17:37:20.831404
BFS,302203008.0,2026-10-07 17:37:20.831404
BFS$D,,2026-10-07 17:37:20.831404
BFS$E,,2026-10-07 17:37:20.831404
BFST,334000000.0,2026-10-07 17:37:20.831404
BG,91818999808.0,2026-10-07 17:37:20.831404
BGB,,2026-10-07 17:37:20.831404
BGC,3162127872.0,2026-10-07 17:37:20.831404
BGDE,27380052.0,2026-10-07 17:37:20.831404
BGH,,2026-10-07 17:37:20.831404
BGI,,2026-08-08 11:21:33.787976
BGIN,27108060.0,2026-10-07 17:37:20.831404
BGL,,2026-10-07 17:37:20.831404
BGLC,3126581.0,2026-10-07 17:37:20.831404
BGLWW,,2026-10-07 17:37:20.831404
BGM,47903456.0,2026-10-07 17:37:20.831404
BGMS,1861000.0,2026-10-07 17:37:20.831404
BGR,13075785.0,2026-10-07 17:37:20.831404
BGS,1771070976.0,2026-10-07 17:37:20.831404
BGSF,92115000.0,2026-10-07 17:37:20.831404
BGSI,3594392064.0,2026-10-07 17:37:20.831404
BGT,30040588.0,2026-10-07 17:37:20.831404
BGX,,2026-10-07 17:37:20.831404
BGY,15117966.0,2026-10-07 17:37:20.831404
BH,405612000.0,2026-10-07 17:37:20.831404
BH-A,405612000.0,2026-10-07 17:37:20.831404
BHAV,,2026-10-07 17:37:20.831404
BHAVR,,2026-10-07 17:37:20.831404
BHAVU,,2026-10-07 17:37:20.831404
BHB,187387008.0,2026-10-07 17:37:20.831404
BHC,10853000192.0,2026-10-07 17:37:20.831404
BHE,2818268928.0,2026-10-07 17:37:20.831404
BHF,6837000192.0,2026-10-07 17:37:20.831404
BHFAL,,2026-10-07 17:37:20.831404
BHFAM,6837000192.0,2026-10-07 17:37:20.831404
BHFAN,6837000192.0,2026-10-07 17:37:20.831404
BHFAO,6837000192.0,2026-10-07 17:37:20.831404
BHFAP,6837000192.0,2026-10-07 17:37:20.831404
BHK,57085536.0,2026-10-07 17:37:20.831404
BHM,83115000.0,2026-10-07 17:37:20.831404
BHP,58759999488.0,2026-10-07 17:37:20.831404
BHR,689040000.0,2026-10-07 17:37:20.831404
BHR$B,,2026-10-07 17:37:20.831404
BHR$D,,2026-10-07 17:37:20.831404
BHRB,360124992.0,2026-10-07 17:37:20.831404
BHST,35477000.0,2026-10-07 17:37:20.831404
BHV,1393314.0,2026-10-07 17:37:20.831404
BHVN,,2026-10-07 17:37:20.831404
BIAF,5900985.0,2026-10-07 17:37:20.831404
BIAFW,5900985.0,2026-10-07 17:37:20.831404
BID,,2026-09-19 14:05:04.819037
BIDU,,2026-10-07 17:37:20.831404
BIDWR,,2026-09-19 14:05:04.819037
BIDWU,,2026-10-07 17:37:20.831404
BIIB,10027899904.0,2026-10-07 17:37:20.831404
BIII,,2026-10-07 17:37:20.831404
BIII-U,,2026-10-07 17:37:20.831404
BIII-W,,2026-10-07 17:37:20.831404
BILI,,2026-10-07 17:37:20.831404
BILL,1653159936.0,2026-10-07 17:37:20.831404
BIO,2589299968.0,2026-10-07 17:37:20.831404
BIO-B,2589299968.0,2026-10-07 17:37:20.831404
BIOA,10355000.0,2026-10-07 17:37:20.831404
BIOT,,2026-09-24 15:38:57.194228
BIOTW,,2026-09-24 15:38:57.194228
BIOX,237800000.0,2026-10-07 17:37:20.831404
BIP,25062000640.0,2026-10-07 17:37:20.831404
BIP$A,,2026-10-07 17:37:20.831404
BIP$B,,2026-10-07 17:37:20.831404
BIPC,3696999936.0,2026-10-07 17:37:20.831404
BIPH,,2026-10-07 17:37:20.831404
BIPI,,2026-10-07 17:37:20.831404
BIPJ,,2026-10-07 17:37:20.831404
BIRD,155224000.0,2026-10-07 17:37:20.831404
BIRK,,2026-10-07 17:37:20.831404
BIT,,2026-10-07 17:37:20.831404
BIVI,,2026-10-07 17:37:20.831404
BIVIW,,2026-10-07 17:37:20.831404
BIXI,,2026-10-07 17:37:20.831404
BIXIU,,2026-10-07 17:37:20.831404
BIXIW,,2026-10-07 17:37:20.831404
BIYA,17233846.0,2026-10-07 17:37:20.831404
BJ,22811629568.0,2026-10-07 17:37:20.831404
BJDX,,2026-10-07 17:37:20.831404
BJRI,1432562048.0,2026-10-07 17:37:20.831404
BKD,2932306944.0,2026-10-07 17:37:20.831404
BKE,1328528000.0,2026-10-07 17:37:20.831404
BKH,2299300096.0,2026-10-07 17:37:20.831404
BKHA,,2026-10-07 17:37:20.831404
BKHAR,,2026-10-07 17:37:20.831404
BKHAU,,2026-10-07 17:37:20.831404
BKKT,1115126016.0,2026-10-07 17:37:20.831404
BKKT-W,,2026-10-07 17:37:20.831404
BKNG,28241000448.0,2026-10-07 17:37:20.831404
BKR,27725000704.0,2026-10-07 17:37:20.831404
BKSY,108922000.0,2026-10-07 17:37:20.831404
BKSY-W,,2026-08-08 11:21:33.787976
BKT,15609406.0,2026-10-07 17:37:20.831404
BKTI,90627000.0,2026-10-07 17:37:20.831404
BKU,1044859008.0,2026-10-07 17:37:20.831404
BKV,1049788032.0,2026-10-07 17:37:20.831404
BKYI,6699013.0,2026-10-08 17:40:25.818901
BL,732448000.0,2026-10-07 17:37:20.831404
BLBD,1612243968.0,2026-10-07 17:37:20.831404
BLCO,5324000256.0,2026-10-07 17:37:20.831404
BLD,5621667840.0,2026-06-08 04:04:42.960559
BLDP,106158000.0,2026-10-07 17:37:20.831404
BLDR,14448703488.0,2026-10-07 17:37:20.831404
BLFS,106688000.0,2026-09-07 16:14:01.314358
BLIN,15623000.0,2026-10-07 17:37:20.831404
BLIV,,2026-10-07 17:37:20.831404
BLK,27299000320.0,2026-10-07 17:37:20.831404
BLKB,1148135936.0,2026-10-07 17:37:20.831404
BLLN,397412000.0,2026-10-07 17:37:20.831404
BLMN,3979517952.0,2026-10-07 17:37:20.831404
BLND,129791000.0,2026-10-07 17:37:20.831404
BLNE,10820000.0,2026-10-07 17:37:20.831404
BLNK,96550000.0,2026-10-07 17:37:20.831404
BLRK,,2026-10-07 17:37:20.831404
BLRKU,,2026-10-07 17:37:20.831404
BLRKW,,2026-10-07 17:37:20.831404
BLRX,1392000.0,2026-10-07 17:37:20.831404
BLSH,300720992.0,2026-10-07 17:37:20.831404
BLSM,,2026-10-07 17:37:28.280429
BLTE,,2026-10-07 17:37:20.831404
BLUW,,2026-10-07 17:37:20.831404
BLUWU,,2026-10-07 17:37:20.831404
BLUWW,,2026-10-07 17:37:20.831404
BLW,57846808.0,2026-10-07 17:37:20.831404
BLX,328364000.0,2026-10-07 17:37:20.831404
BLZE,156303008.0,2026-10-07 17:37:20.831404
BLZR,,2026-10-07 17:37:20.831404
BLZRU,,2026-10-07 17:37:20.831404
BLZRW,,2026-10-07 17:37:20.831404
BMA,,2026-10-07 17:37:20.831404
BMBL,893236992.0,2026-10-07 17:37:20.831404
BME,7585418.0,2026-10-07 17:37:20.831404
BMEA,,2026-10-07 17:37:20.831404
BMEZ,,2026-10-07 17:37:20.831404
BMGL,,2026-10-07 17:37:20.831404
BMHL,,2026-10-07 17:37:20.831404
BMI,880955008.0,2026-10-07 17:37:20.831404
BML$G,,2026-10-07 17:37:20.831404
BML$H,,2026-10-07 17:37:20.831404
BML$J,,2026-10-07 17:37:20.831404
BML$L,,2026-10-07 17:37:20.831404
BMM,,2026-10-07 17:37:20.831404
BMN,,2026-10-07 17:37:20.831404
BMNP,,2026-09-16 15:15:02.811913
BMNR,61195000.0,2026-10-07 17:37:20.831404
BMO,,2026-10-07 17:37:20.831404
BMR,2910000.0,2026-10-07 17:37:20.831404
BMRA,4453000.0,2026-10-07 17:37:20.831404
BMRC,60417000.0,2026-10-07 17:37:20.831404
BMRN,3406614016.0,2026-10-07 17:37:20.831404
BMY,49186000896.0,2026-10-07 17:37:20.831404
BN,80692002816.0,2026-10-07 17:37:20.831404
BNAI,524514.0,2026-10-07 17:37:20.831404
BNAIW,524514.0,2026-10-07 17:37:20.831404
BNBX,2093327.0,2026-07-08 12:16:12.401803
BNC,28992000.0,2026-10-07 17:37:20.831404
BNCWW,28992000.0,2026-10-07 17:37:20.831404
BNCWZ,28992000.0,2026-10-07 17:37:20.831404
BNED,1717204992.0,2026-10-07 17:37:20.831404
BNGO,30176000.0,2026-10-07 17:37:20.831404
BNH,,2026-10-07 17:37:20.831404
BNJ,,2026-10-07 17:37:20.831404
BNKK,9343075.0,2026-10-07 17:37:20.831404
BNL,476171008.0,2026-10-07 17:37:20.831404
BNR,,2026-10-07 17:37:20.831404
BNRG,387000.0,2026-08-08 11:21:33.787976
BNS,,2026-10-07 17:37:20.831404
BNT,11852999680.0,2026-10-07 17:37:20.831404
BNTC,,2026-10-07 17:37:20.831404
BNTX,,2026-10-07 17:37:20.831404
BNY,21415000064.0,2026-10-07 17:37:20.831404
BNY$K,,2026-10-07 17:37:20.831404
BNZI,11478419.0,2026-07-08 12:16:12.401803
BNZIW,11478419.0,2026-07-08 12:16:12.401803
BOBS,2463411968.0,2026-10-07 17:37:20.831404
BOC,115524352.0,2026-10-07 17:37:20.831404
BODI,219320000.0,2026-10-07 17:37:20.831404
BOE,15653873.0,2026-10-07 17:37:20.831404
BOF,14343820.0,2026-10-07 17:37:20.831404
BOH,751161024.0,2026-10-07 17:37:20.831404
BOH$A,,2026-10-07 17:37:20.831404
BOH$B,,2026-10-07 17:37:20.831404
BOKF,2280098048.0,2026-10-07 17:37:20.831404
BOLD,,2026-10-07 17:37:20.831404
BOLT,4700000.0,2026-10-07 17:37:20.831404
BON,18818648.0,2026-10-07 17:37:20.831404
BOOM,587611008.0,2026-10-07 17:37:20.831404
BOOT,2343307008.0,2026-10-07 17:37:20.831404
BORR,1015800000.0,2026-10-07 17:37:20.831404
BOSC,50258000.0,2026-10-07 17:37:20.831404
BOT,,2026-10-07 17:37:20.831404
BOTJ,51200000.0,2026-10-07 17:37:20.831404
BOW,615160000.0,2026-10-07 17:37:20.831404
BOX,1234070016.0,2026-10-07 17:37:20.831404
BOXL,104331000.0,2026-10-07 17:37:20.831404
BP,215465000960.0,2026-10-07 17:37:20.831404
BPAC,,2026-10-07 17:37:20.831404
BPACR,,2026-10-07 17:37:20.831404
BPACU,,2026-10-07 17:37:20.831404
BPOP,3062407936.0,2026-10-07 17:37:20.831404
BPOPM,,2026-10-07 17:37:20.831404
BPRE,,2026-10-07 17:37:20.831404
BPRN,87139000.0,2026-10-07 17:37:20.831404
BPYPM,,2026-10-07 17:37:20.831404
BPYPN,7696999936.0,2026-10-07 17:37:20.831404
BPYPO,7696999936.0,2026-10-07 17:37:20.831404
BPYPP,7696999936.0,2026-10-07 17:37:20.831404
BQ,,2026-10-07 17:37:20.831404
BR,7476800000.0,2026-10-07 17:37:20.831404
BRAG,,2026-10-07 17:37:20.831404
BRAI,,2026-10-07 17:37:20.831404
BRBI,,2026-10-07 17:37:20.831404
BRBR,2354599936.0,2026-10-07 17:37:20.831404
BRBS,83967000.0,2026-10-07 17:37:20.831404
BRC,1661565056.0,2026-10-07 17:37:20.831404
BRCB,223560000.0,2026-10-07 17:37:20.831404
BRCC,429697984.0,2026-10-07 17:37:20.831404
BREZ,,2026-09-11 14:46:03.412100
BREZR,,2026-09-11 14:46:03.412100
BREZU,,2026-06-08 04:04:42.960559
BRFH,19992000.0,2026-10-07 17:37:20.831404
BRIA,48988000.0,2026-10-07 17:37:20.831404
BRID,228219008.0,2026-10-07 17:37:20.831404
BRK-A,384687013888.0,2026-10-07 17:37:20.831404
BRK-B,384687013888.0,2026-10-07 17:37:20.831404
BRKH,,2026-09-14 16:43:23.543461
BRKHU,,2026-10-07 17:37:20.831404
BRKHW,,2026-09-14 16:43:23.543461
BRKR,3499599872.0,2026-10-07 17:37:20.831404
BRKRP,3499599872.0,2026-10-07 17:37:20.831404
BRLS,30601684.0,2026-10-07 17:37:20.831404
BRLSW,30601684.0,2026-10-07 17:37:20.831404
BRLT,449278016.0,2026-10-07 17:37:20.831404
BRN,11662000.0,2026-10-07 17:37:20.831404
BRNS,,2026-09-07 16:14:01.314358
BRNX,387000.0,2026-09-13 14:44:59.818209
BRO,6663000064.0,2026-10-07 17:37:20.831404
BROS,1882456960.0,2026-10-07 17:37:20.831404
BRR,86000.0,2026-09-07 16:14:01.314358
BRRKU,,2026-09-25 15:41:53.468465
BRRWW,86000.0,2026-09-07 16:14:01.314358
BRSL,2468000000.0,2026-10-07 17:37:20.831404
BRSP,332787008.0,2026-10-07 17:37:20.831404
BRT,96609000.0,2026-10-07 17:37:20.831404
BRTM,,2026-09-10 14:43:12.525053
BRTMU,,2026-09-20 14:23:53.357029
BRTMW,,2026-09-10 14:43:12.525053
BRTX,357870.0,2026-10-07 17:37:20.831404
BRUN,56418000.0,2026-10-07 17:37:20.831404
BRUNW,33703000.0,2026-08-08 11:21:33.787976
BRVE,,2026-10-06 17:00:28.501908
BRW,24909224.0,2026-10-07 17:37:20.831404
BRX,1403611008.0,2026-10-07 17:37:20.831404
BRZE,834241024.0,2026-10-07 17:37:20.831404
BSAA,,2026-10-07 17:37:20.831404
BSAAR,,2026-10-07 17:37:20.831404
BSAAU,,2026-10-07 17:37:20.831404
BSAC,,2026-10-07 17:37:20.831404
BSBK,17978222.0,2026-10-07 17:37:20.831404
BSBR,,2026-10-07 17:37:20.831404
BSEM,34586600.0,2026-10-07 17:37:28.280429
BSET,335598016.0,2026-10-07 17:37:20.831404
BSIN,6332000.0,2026-10-08 17:40:25.818901
BSL,21837832.0,2026-10-07 17:37:20.831404
BSM,423600992.0,2026-10-07 17:37:20.831404
BSP,2041833984.0,2026-10-01 17:13:08.883541
BSRR,151831008.0,2026-10-07 17:37:20.831404
BST,,2026-10-07 17:37:20.831404
BSTZ,,2026-10-07 17:37:20.831404
BSVN,97705000.0,2026-10-07 17:37:20.831404
BSX,20995999744.0,2026-10-07 17:37:20.831404
BSY,1602039040.0,2026-10-07 17:37:20.831404
BTAI,742000.0,2026-09-07 16:14:01.314358
BTBD,12870365.0,2026-10-07 17:37:20.831404
BTBDW,,2026-10-07 17:37:20.831404
BTBT,121272496.0,2026-10-07 17:37:20.831404
BTCS,16620698.0,2026-10-07 17:37:20.831404
BTCT,14041000.0,2026-10-07 17:37:20.831404
BTDR,812257024.0,2026-10-07 17:37:20.831404
BTE,,2026-10-07 17:37:20.831404
BTG,3784933888.0,2026-10-07 17:37:20.831404
BTGO,20069963776.0,2026-10-07 17:37:20.831404
BTI,,2026-10-07 17:37:20.831404
BTLN,6854195.0,2026-09-19 14:05:04.819037
BTMD,183531008.0,2026-10-07 17:37:20.831404
BTO,26186900.0,2026-10-07 17:37:20.831404
BTOC,185835056.0,2026-10-07 17:37:20.831404
BTOG,39495.0,2026-08-08 11:21:33.787976
BTQ,,2026-10-07 17:37:20.831404
BTSG,14371598336.0,2026-10-07 17:37:20.831404
BTSGU,14371598336.0,2026-10-07 17:37:20.831404
BTT,83485736.0,2026-10-07 17:37:20.831404
BTTC,,2026-10-07 17:37:20.831404
BTU,4010899968.0,2026-10-07 17:37:20.831404
BTX,,2026-10-07 17:37:20.831404
BTZ,97033352.0,2026-10-07 17:37:20.831404
BUD,62614999040.0,2026-10-07 17:37:20.831404
BUDA,14078000.0,2026-10-07 17:37:20.831404
BUI,,2026-10-07 17:37:20.831404
BULL,672282240.0,2026-10-07 17:37:20.831404
BULLW,672282240.0,2026-10-07 17:37:20.831404
BUR,-1514788992.0,2026-10-07 17:37:20.831404
BURL,12208472064.0,2026-10-07 17:37:20.831404
BURU,932571.0,2026-09-14 16:43:23.543461
BUSE,782878016.0,2026-10-07 17:37:20.831404
BUSEP,,2026-10-07 17:37:20.831404
BUUU,6682366.0,2026-10-07 17:37:20.831404
BV,2738099968.0,2026-10-07 17:37:20.831404
BVC,325000.0,2026-10-07 17:37:20.831404
BVFL,43354000.0,2026-10-07 17:37:20.831404
BVN,2207984896.0,2026-10-07 17:37:20.831404
BVS,581848000.0,2026-10-07 17:37:20.831404
BW,834352000.0,2026-10-07 17:37:20.831404
BW$A,,2026-10-07 17:37:20.831404
BWA,14343999488.0,2026-10-07 17:37:20.831404
BWAY,60695000.0,2026-10-07 17:37:20.831404
BWB,157788000.0,2026-10-07 17:37:20.831404
BWBBP,157788000.0,2026-10-07 17:37:20.831404
BWEN,170908992.0,2026-10-07 17:37:20.831404
BWFG,120629000.0,2026-10-07 17:37:20.831404
BWG,,2026-10-07 17:37:20.831404
BWIN,1737842048.0,2026-10-07 17:37:20.831404
BWIV,,2026-10-07 17:37:20.831404
BWIV-U,,2026-10-07 17:37:20.831404
BWIV-W,,2026-10-07 17:37:20.831404
BWLP,3527016960.0,2026-10-07 17:37:20.831404
BWMN,527600000.0,2026-10-07 17:37:20.831404
BWMX,,2026-10-07 17:37:20.831404
BWNB,,2026-08-08 11:21:33.787976
BWXT,3513969920.0,2026-10-07 17:37:20.831404
BX,15483307008.0,2026-10-07 17:37:20.831404
BXBL,3163000.0,2026-09-19 14:05:04.819037
BXC,3009900032.0,2026-10-07 17:37:20.831404
BXDC,,2026-10-07 17:37:20.831404
BXMT,402587008.0,2026-10-07 17:37:20.831404
BXP,3190220032.0,2026-10-07 17:37:20.831404
BXSL,1362327040.0,2026-10-07 17:37:20.831404
BY,434463008.0,2026-10-07 17:37:20.831404
BYAH,2543335.0,2026-10-07 17:37:20.831404
BYD,4098167040.0,2026-10-07 17:37:20.831404
BYFC,36131000.0,2026-10-07 17:37:20.831404
BYND,258844992.0,2026-10-07 17:37:20.831404
BYRN,108861000.0,2026-10-07 17:37:20.831404
BYSI,,2026-10-07 17:37:20.831404
BZ,,2026-10-07 17:37:20.831404
BZAI,50366000.0,2026-10-07 17:37:20.831404
BZAIW,50366000.0,2026-10-07 17:37:20.831404
BZFD,170711008.0,2026-10-07 17:37:20.831404
BZFDW,170711008.0,2026-10-07 17:37:20.831404
BZH,2081538944.0,2026-10-07 17:37:20.831404
BZUN,,2026-10-07 17:37:20.831404
C,81711996928.0,2026-10-07 17:37:20.831404
C$N,,2026-10-07 17:37:20.831404
C$R,,2026-10-07 17:37:20.831404
CAAP,2122510976.0,2026-10-07 17:37:20.831404
CAAS,834862016.0,2026-10-07 17:37:20.831404
CABA,,2026-10-07 17:37:20.831404
CABO,1441633024.0,2026-10-07 17:37:20.831404
CABR,1159.0,2026-10-07 17:37:20.831404
CAC,257992000.0,2026-10-07 17:37:20.831404
CACC,1303399936.0,2026-10-07 17:37:20.831404
CACI,9567778816.0,2026-10-07 17:37:20.831404
CADL,,2026-10-07 17:37:20.831404
CAE,,2026-10-07 17:37:20.831404
CAES,,2026-09-17 15:23:36.979615
CAF,,2026-10-07 17:37:20.831404
CAG,11244900352.0,2026-10-07 17:37:20.831404
CAH,254247993344.0,2026-10-07 17:37:20.831404
CAI,989604992.0,2026-10-07 17:37:20.831404
CAII,,2026-09-22 15:19:17.140712
CAIIU,,2026-10-07 17:37:20.831404
CAIIW,,2026-09-22 15:19:17.140712
CAKE,3877250048.0,2026-10-07 17:37:20.831404
CAL,2847165952.0,2026-10-07 17:37:20.831404
CALC,,2026-10-07 17:37:20.831404
CALM,2528636928.0,2026-10-07 17:37:20.831404
CALX,1111198976.0,2026-10-07 17:37:20.831404
CALY,2129799936.0,2026-10-07 17:37:20.831404
CAMP,4216000.0,2026-10-07 17:37:20.831404
CAMT,499092992.0,2026-10-07 17:37:20.831404
CAN,441304992.0,2026-10-07 17:37:20.831404
CANF,405000.0,2026-10-07 17:37:20.831404
CANG,556870336.0,2026-10-07 17:37:20.831404
CAPL,3557541120.0,2026-10-07 17:37:20.831404
CAPN,,2026-10-07 17:37:20.831404
CAPNR,,2026-10-07 17:37:20.831404
CAPNU,,2026-10-07 17:37:20.831404
CAPR,,2026-10-07 17:37:20.831404
CAPS,60246000.0,2026-10-07 17:37:20.831404
CAQ,,2026-10-07 17:37:20.831404
CAQUU,,2026-10-07 17:37:20.831404
CAQUW,,2026-10-07 17:37:20.831404
CAR,11710999552.0,2026-10-07 17:37:20.831404
CARE,286212000.0,2026-10-07 17:37:20.831404
CARG,967273024.0,2026-10-07 17:37:20.831404
CARL,63295000.0,2026-10-07 17:37:20.831404
CARR,22108000256.0,2026-10-07 17:37:20.831404
CARS,725633024.0,2026-10-07 17:37:20.831404
CART,3992999936.0,2026-10-07 17:37:20.831404
CASH,752033024.0,2026-10-07 17:37:20.831404
CASS,214992000.0,2026-10-07 17:37:20.831404
CAST,710882.0,2026-10-07 17:37:20.831404
CASY,18672330752.0,2026-10-07 17:37:20.831404
CAT,74728996864.0,2026-10-07 17:37:20.831404
CATL,,2026-09-17 15:23:36.979615
CATLR,,2026-09-17 15:23:36.979615
CATLU,,2026-09-27 15:28:41.135149
CATO,643665984.0,2026-10-07 17:37:20.831404
CATX,409000.0,2026-10-07 17:37:20.831404
CATY,795201984.0,2026-10-07 17:37:20.831404
CAVA,1373928960.0,2026-10-07 17:37:20.831404
CB,61895999488.0,2026-10-07 17:37:20.831404
CBAN,145424992.0,2026-10-07 17:37:20.831404
CBAT,229868400.0,2026-10-07 17:37:20.831404
CBC,1071139968.0,2026-10-07 17:37:20.831404
CBFV,47413000.0,2026-10-07 17:37:20.831404
CBIO,11883000.0,2026-10-07 17:37:20.831404
CBK,92545184.0,2026-10-07 17:37:20.831404
CBL,588147008.0,2026-10-07 17:37:20.831404
CBLL,101964000.0,2026-10-07 17:37:20.831404
CBNA,65714000.0,2026-10-07 17:37:20.831404
CBNK,238196992.0,2026-10-07 17:37:20.831404
CBOE,5061300224.0,2026-10-07 17:37:20.831404
CBRE,43711000576.0,2026-10-07 17:37:20.831404
CBRL,3318714112.0,2026-10-07 17:37:20.831404
CBRS,680673024.0,2026-10-07 17:37:20.831404
CBSH,1844477952.0,2026-10-07 17:37:20.831404
CBT,3633999872.0,2026-10-07 17:37:20.831404
CBU,838158016.0,2026-10-07 17:37:20.831404
CBUS,4347000.0,2026-10-07 17:37:20.831404
CBZ,2767266048.0,2026-10-07 17:37:20.831404
CC,5797000192.0,2026-10-07 17:37:20.831404
CCAP,156399008.0,2026-10-07 17:37:20.831404
CCAQ,,2026-10-07 17:37:20.831404
CCAQU,,2026-10-07 17:37:20.831404
CCAQW,,2026-10-07 17:37:20.831404
CCB,362017984.0,2026-10-07 17:37:20.831404
CCBG,251391008.0,2026-10-07 17:37:20.831404
CCC,1112189952.0,2026-10-07 17:37:20.831404
CCCC,35039000.0,2026-10-07 17:37:20.831404
CCCT,,2026-09-29 16:42:51.379190
CCCTU,,2026-10-08 17:40:28.174371
CCCTW,,2026-09-29 16:42:51.379190
CCD,,2026-10-07 17:37:20.831404
CCEC,396857984.0,2026-10-07 17:37:20.831404
CCEL,31127828.0,2026-10-07 17:37:20.831404
CCEP,,2026-10-07 17:37:20.831404
CCG,,2026-10-07 17:37:20.831404
CCGWW,,2026-10-07 17:37:20.831404
CCHH,9589671.0,2026-10-07 17:37:20.831404
CCI,4160999936.0,2026-10-07 17:37:20.831404
CCID,,2026-10-07 17:37:20.831404
CCIF,,2026-10-07 17:37:20.831404
CCII,,2026-10-07 17:37:20.831404
CCIIU,,2026-10-07 17:37:20.831404
CCIIW,,2026-10-07 17:37:20.831404
CCIX,,2026-07-08 12:16:12.401803
CCIXU,,2026-07-08 12:16:12.401803
CCIXW,,2026-07-08 12:16:12.401803
CCJ,,2026-10-07 17:37:20.831404
CCK,13255999488.0,2026-10-07 17:37:20.831404
CCL,27593000960.0,2026-10-07 17:37:20.831404
CCLD,128640000.0,2026-10-07 17:37:20.831404
CCM,,2026-10-07 17:37:20.831404
CCNE,329288992.0,2026-10-07 17:37:20.831404
CCNEP,329288992.0,2026-10-07 17:37:20.831404
CCO,1679056000.0,2026-10-07 17:37:20.831404
CCOI,879814016.0,2026-10-07 17:37:20.831404
CCRN,1001942016.0,2026-07-08 12:16:12.401803
CCS,3930758912.0,2026-10-07 17:37:20.831404
CCSI,354664992.0,2026-10-07 17:37:20.831404
CCTG,17302744.0,2026-10-07 17:37:20.831404
CCU,,2026-10-07 17:37:20.831404
CCXI,,2026-10-07 17:37:20.831404
CCXIU,,2026-10-07 17:37:20.831404
CCXIW,,2026-10-07 17:37:20.831404
CCZ,,2026-10-07 17:37:20.831404
CD,2579251.0,2026-10-07 17:37:20.831404
CDE,3171197952.0,2026-10-07 17:37:20.831404
CDIO,14450.0,2026-10-07 17:37:20.831404
CDIOW,14450.0,2026-10-07 17:37:20.831404
CDLR,,2026-10-07 17:37:20.831404
CDLX,189998000.0,2026-10-07 17:37:20.831404
CDNA,458088992.0,2026-10-07 17:37:20.831404
CDNL,662576320.0,2026-10-07 17:37:20.831404
CDNS,5837622784.0,2026-10-07 17:37:20.831404
CDP,788059008.0,2026-10-07 17:37:20.831404
CDR$B,,2026-10-07 17:37:20.831404
CDR$C,,2026-10-07 17:37:20.831404
CDRE,685648000.0,2026-10-07 17:37:20.831404
CDRO,,2026-10-07 17:37:20.831404
CDROW,,2026-10-07 17:37:20.831404
CDT,,2026-10-07 17:37:20.831404
CDTG,18225820.0,2026-10-07 17:37:20.831404
CDTTW,,2026-10-07 17:37:20.831404
CDW,23500400640.0,2026-10-07 17:37:20.831404
CDXS,77679000.0,2026-10-07 17:37:20.831404
CDZI,11844000.0,2026-10-07 17:37:20.831404
CDZIP,11844000.0,2026-10-07 17:37:20.831404
CE,9712000000.0,2026-10-07 17:37:20.831404
CECO,903172992.0,2026-10-07 17:37:20.831404
CEE,4904884.0,2026-10-07 17:37:20.831404
CEG,31270000640.0,2026-10-07 17:37:20.831404
CELC,,2026-10-07 17:37:20.831404
CELG-R,,2026-10-07 17:37:20.831404
CELH,3047273984.0,2026-10-07 17:37:20.831404
CELU,18970000.0,2026-10-07 17:37:20.831404
CELUW,26550000.0,2026-07-08 12:16:12.401803
CELZ,3000.0,2026-10-07 17:37:20.831404
CENN,16964168.0,2026-10-07 17:37:20.831404
CENT,3084065024.0,2026-10-07 17:37:20.831404
CENTA,3084065024.0,2026-10-07 17:37:20.831404
CENX,2667200000.0,2026-10-07 17:37:20.831404
CEPF,,2026-10-07 17:37:20.831404
CEPL,103056000.0,2026-10-08 17:40:28.174371
CEPO,,2026-10-07 17:37:20.831404
CEPS,,2026-10-07 17:37:20.831404
CEPT,,2026-06-08 04:04:42.960559
CEPU,,2026-10-07 17:37:20.831404
CEPV,,2026-10-07 17:37:20.831404
CERS,221551008.0,2026-10-07 17:37:20.831404
CERT,421745984.0,2026-10-07 17:37:20.831404
CET,43152248.0,2026-10-07 17:37:20.831404
CETX,71167152.0,2026-10-07 17:37:20.831404
CETY,2639052.0,2026-10-07 17:37:20.831404
CEV,5078885.0,2026-10-07 17:37:20.831404
CEVA,115732000.0,2026-10-07 17:37:20.831404
CF,7738999808.0,2026-10-07 17:37:20.831404
CFBK,54820000.0,2026-10-07 17:37:20.831404
CFFI,136327008.0,2026-10-07 17:37:20.831404
CFFN,225682000.0,2026-10-07 17:37:20.831404
CFG,8160999936.0,2026-10-07 17:37:20.831404
CFG$E,,2026-10-07 17:37:20.831404
CFG$H,,2026-10-07 17:37:20.831404
CFG$I,,2026-10-07 17:37:20.831404
CFND,,2026-10-07 17:37:20.831404
CFR,2264466944.0,2026-10-07 17:37:20.831404
CFR$B,,2026-10-07 17:37:20.831404
CFTR$A,,2026-10-07 17:37:20.831404
CG,2796699904.0,2026-10-07 17:37:20.831404
CGABL,,2026-10-07 17:37:20.831404
CGAU,1724125952.0,2026-10-07 17:37:20.831404
CGBD,259586000.0,2026-10-07 17:37:20.831404
CGC,,2026-10-07 17:37:20.831404
CGCF,,2026-09-17 15:23:36.979615
CGCFU,,2026-09-25 15:41:53.468465
CGCFW,,2026-09-17 15:23:36.979615
CGCT,,2026-06-08 04:04:42.960559
CGCTU,,2026-06-08 04:04:42.960559
CGCTW,,2026-06-08 04:04:42.960559
CGEM,,2026-10-07 17:37:20.831404
CGEN,74001000.0,2026-10-07 17:37:20.831404
CGNT,421711008.0,2026-10-07 17:37:20.831404
CGNX,1088930048.0,2026-10-07 17:37:20.831404
CGO,2842153.0,2026-10-07 17:37:20.831404
CGON,6228000.0,2026-10-07 17:37:20.831404
CGTL,27314722.0,2026-10-07 17:37:20.831404
CGTX,,2026-10-07 17:37:20.831404
CHA,,2026-10-07 17:37:20.831404
CHAD,15091000.0,2026-10-08 17:40:25.818901
CHAI,52507636.0,2026-10-07 17:37:20.831404
CHAR,,2026-10-07 17:37:20.831404
CHARR,,2026-10-07 17:37:20.831404
CHARU,,2026-10-07 17:37:20.831404
CHCI,77277000.0,2026-10-07 17:37:20.831404
CHCO,320512992.0,2026-10-07 17:37:20.831404
CHCT,124780000.0,2026-10-07 17:37:20.831404
CHD,6229100032.0,2026-10-07 17:37:20.831404
CHDN,2991899904.0,2026-10-07 17:37:20.831404
CHE,2595001088.0,2026-10-07 17:37:20.831404
CHEC,,2026-10-07 17:37:20.831404
CHECU,,2026-10-07 17:37:20.831404
CHECW,,2026-10-07 17:37:20.831404
CHEF,4391505920.0,2026-10-07 17:37:20.831404
CHGA,0.0,2026-09-21 16:43:31.380819
CHGG,265512000.0,2026-10-07 17:37:20.831404
CHH,1006168000.0,2026-10-07 17:37:20.831404
CHI,14962625.0,2026-10-07 17:37:20.831404
CHKP,2764400128.0,2026-10-07 17:37:20.831404
CHMG,117008000.0,2026-10-07 17:37:20.831404
CHMI,42238000.0,2026-10-07 17:37:20.831404
CHMI$A,,2026-10-07 17:37:20.831404
CHMI$B,,2026-10-07 17:37:20.831404
CHNR,,2026-10-07 17:37:20.831404
CHOW,,2026-10-07 17:37:20.831404
CHPG,,2026-10-07 17:37:20.831404
CHPGR,,2026-10-07 17:37:20.831404
CHPGU,,2026-10-07 17:37:20.831404
CHPT,432888000.0,2026-10-07 17:37:20.831404
CHR,138371008.0,2026-10-07 17:37:20.831404
CHRD,5958978048.0,2026-10-07 17:37:20.831404
CHRN,71604000.0,2026-10-07 17:37:20.831404
CHRS,50936000.0,2026-10-07 17:37:20.831404
CHRW,16996511744.0,2026-10-07 17:37:20.831404
CHSCL,37405868032.0,2026-10-07 17:37:20.831404
CHSCM,37405868032.0,2026-10-07 17:37:20.831404
CHSCN,37405868032.0,2026-10-07 17:37:20.831404
CHSCO,37405868032.0,2026-10-07 17:37:20.831404
CHSCP,37405868032.0,2026-10-07 17:37:20.831404
CHSN,17876440.0,2026-10-07 17:37:20.831404
CHT,,2026-10-07 17:37:20.831404
CHTR,54395998208.0,2026-10-07 17:37:20.831404
CHTRP,,2026-09-20 14:23:53.357029
CHW,13451793.0,2026-10-07 17:37:20.831404
CHWM,,2026-10-01 17:13:08.883541
CHWY,13068699648.0,2026-10-07 17:37:20.831404
CHY,16196840.0,2026-10-07 17:37:20.831404
CHYM,2457031936.0,2026-10-07 17:37:20.831404
CI,282382008320.0,2026-10-07 17:37:20.831404
CIA,255006000.0,2026-10-07 17:37:20.831404
CIB,,2026-10-07 17:37:20.831404
CICB,262450000.0,2026-10-07 17:37:20.831404
CICC,,2026-10-07 17:37:20.831404
CIEN,6020894208.0,2026-10-07 17:37:20.831404
CIF,3304221.0,2026-06-08 04:04:42.960559
CIFR,191092992.0,2026-10-07 17:37:20.831404
CIG,,2026-10-07 17:37:20.831404
CIG-C,,2026-10-07 17:37:20.831404
CIGI,5955614208.0,2026-10-07 17:37:20.831404
CIGL,12475443.0,2026-09-20 14:23:53.357029
CII,9633130.0,2026-10-07 17:37:20.831404
CIIT,14288071.0,2026-10-07 17:37:20.831404
CIK,17575724.0,2026-10-07 17:37:20.831404
CIM,220034000.0,2026-10-07 17:37:20.831404
CIM$A,,2026-10-07 17:37:20.831404
CIM$B,,2026-10-07 17:37:20.831404
CIM$C,,2026-10-07 17:37:20.831404
CIM$D,,2026-10-07 17:37:20.831404
CIMN,,2026-10-07 17:37:20.831404
CIMO,306424992.0,2026-10-07 17:37:20.831404
CIMP,,2026-10-07 17:37:20.831404
CINF,13953999872.0,2026-10-07 17:37:20.831404
CING,,2026-10-07 17:37:20.831404
CINGW,,2026-10-07 17:37:20.831404
CINT,541017024.0,2026-10-07 17:37:20.831404
CION,231832992.0,2026-10-07 17:37:20.831404
CIRC,799866624.0,2026-10-01 17:13:08.883541
CISO,24741902.0,2026-10-07 17:37:20.831404
CISS,50968008.0,2026-10-07 17:37:20.831404
CITR,1349968.0,2026-10-07 17:37:20.831404
CIVB,183442000.0,2026-10-07 17:37:20.831404
CIX,161830000.0,2026-10-07 17:37:20.831404
CJMB,5089959.0,2026-10-07 17:37:20.831404
CKX,693398.0,2026-10-07 17:37:20.831404
CL,21046999040.0,2026-10-07 17:37:20.831404
CLAR,252854000.0,2026-10-07 17:37:20.831404
CLB,519182016.0,2026-10-07 17:37:20.831404
CLBK,267228000.0,2026-10-07 17:37:20.831404
CLBR,,2026-10-07 17:37:20.831404
CLBR-U,,2026-10-07 17:37:20.831404
CLBR-W,,2026-10-07 17:37:20.831404
CLBT,514288992.0,2026-10-07 17:37:20.831404
CLDI,,2026-10-07 17:37:20.831404
CLDT,300380000.0,2026-10-07 17:37:20.831404
CLDT$A,,2026-10-07 17:37:20.831404
CLDX,158000.0,2026-10-07 17:37:20.831404
CLF,19195000832.0,2026-10-07 17:37:20.831404
CLFD,153656000.0,2026-10-07 17:37:20.831404
CLGN,318000.0,2026-10-07 17:37:20.831404
CLH,6243574784.0,2026-10-07 17:37:20.831404
CLIK,13464102.0,2026-10-07 17:37:20.831404
CLIR,5451000.0,2026-10-07 17:37:20.831404
CLLS,63823000.0,2026-10-07 17:37:20.831404
CLM,21100844.0,2026-10-07 17:37:20.831404
CLMB,711774016.0,2026-10-07 17:37:20.831404
CLMT,4591499776.0,2026-10-07 17:37:20.831404
CLNE,442371008.0,2026-10-07 17:37:20.831404
CLNN,197000.0,2026-10-07 17:37:20.831404
CLOV,2475912960.0,2026-10-07 17:37:20.831404
CLPR,151458000.0,2026-10-07 17:37:20.831404
CLPS,166788912.0,2026-10-07 17:37:20.831404
CLPT,42279000.0,2026-10-07 17:37:20.831404
CLRB,,2026-10-07 17:37:20.831404
CLRO,-1916000.0,2026-10-07 17:37:20.831404
CLS,15594500096.0,2026-10-07 17:37:20.831404
CLSK,679246016.0,2026-10-07 17:37:20.831404
CLSKW,679246016.0,2026-10-07 17:37:20.831404
CLST,11597000.0,2026-10-07 17:37:20.831404
CLVT,2412900096.0,2026-10-07 17:37:20.831404
CLW,1520499968.0,2026-10-07 17:37:20.831404
CLWT,13265000.0,2026-10-07 17:37:20.831404
CLX,6720000000.0,2026-10-07 17:37:20.831404
CLYM,,2026-10-07 17:37:20.831404
CM,,2026-10-07 17:37:20.831404
CMBT,2266800896.0,2026-10-07 17:37:20.831404
CMC,8850087936.0,2026-10-07 17:37:20.831404
CMCL,271755008.0,2026-10-07 17:37:20.831404
CMCM,,2026-10-07 17:37:20.831404
CMCO,1488992000.0,2026-10-07 17:37:20.831404
CMCSA,124903997440.0,2026-10-07 17:37:20.831404
CMCT,107015000.0,2026-10-07 17:37:20.831404
CMDB,664475008.0,2026-10-07 17:37:20.831404
CME,6757199872.0,2026-10-07 17:37:20.831404
CMG,12423758848.0,2026-10-07 17:37:20.831404
CMI,34708000768.0,2026-10-07 17:37:20.831404
CMII,,2026-08-08 11:21:33.787976
CMIIU,,2026-08-08 11:21:33.787976
CMIIW,,2026-08-08 11:21:33.787976
CMMB,,2026-10-07 17:37:20.831404
CMND,,2026-10-07 17:37:20.831404
CMP,1292099968.0,2026-10-07 17:37:20.831404
CMPR,3736643072.0,2026-10-07 17:37:20.831404
CMPS,,2026-10-07 17:37:20.831404
CMPX,,2026-10-07 17:37:20.831404
CMRC,346899008.0,2026-10-07 17:37:20.831404
CMRE,857382976.0,2026-10-07 17:37:20.831404
CMRE$B,,2026-10-07 17:37:20.831404
CMRE$C,,2026-10-07 17:37:20.831404
CMRE$D,,2026-10-07 17:37:20.831404
CMS,8812999680.0,2026-10-07 17:37:20.831404
CMS$B,,2026-10-07 17:37:20.831404
CMS$C,,2026-10-07 17:37:20.831404
CMSA,,2026-10-07 17:37:20.831404
CMSC,,2026-10-07 17:37:20.831404
CMSD,,2026-10-07 17:37:20.831404
CMT,254424000.0,2026-10-07 17:37:20.831404
CMTG,-360638016.0,2026-10-07 17:37:20.831404
CMTL,454164000.0,2026-10-07 17:37:20.831404
CMTV,50312768.0,2026-10-07 17:37:20.831404
CMU,7583887.0,2026-06-08 04:04:42.960559
CNA,15150999552.0,2026-10-07 17:37:20.831404
CNC,180304003072.0,2026-10-07 17:37:20.831404
CNCK,,2026-10-07 17:37:20.831404
CNCKW,,2026-10-07 17:37:20.831404
CNDT,2939000064.0,2026-10-07 17:37:20.831404
CNET,3449000.0,2026-10-07 17:37:20.831404
CNEY,36917096.0,2026-10-07 17:37:20.831404
CNF,,2026-10-07 17:37:20.831404
CNH,18185000960.0,2026-10-07 17:37:20.831404
CNI,,2026-10-07 17:37:20.831404
CNK,3363300096.0,2026-10-07 17:37:20.831404
CNL,,2026-10-07 17:37:20.831404
CNM,7697999872.0,2026-10-07 17:37:20.831404
CNMD,1371657984.0,2026-10-07 17:37:20.831404
CNNE,408600000.0,2026-10-07 17:37:20.831404
CNO,4646600192.0,2026-10-07 17:37:20.831404
CNO$A,,2026-10-07 17:37:20.831404
CNOB,443299008.0,2026-10-07 17:37:20.831404
CNOBP,443299008.0,2026-10-07 17:37:20.831404
CNP,9619999744.0,2026-10-07 17:37:20.831404
CNQ,,2026-10-07 17:37:20.831404
CNR,4270299904.0,2026-10-07 17:37:20.831404
CNS,583891968.0,2026-10-07 17:37:20.831404
CNSP,,2026-10-07 17:37:20.831404
CNSY,4203000.0,2026-10-02 16:26:48.954695
CNTA,0.0,2026-06-08 04:04:42.960559
CNTB,2953000.0,2026-10-07 17:37:20.831404
CNTN,1495859.0,2026-10-07 17:37:20.831404
CNTX,,2026-10-07 17:37:20.831404
CNTY,580947968.0,2026-10-07 17:37:20.831404
CNVS,85209000.0,2026-10-07 17:37:20.831404
CNX,2139950976.0,2026-10-07 17:37:20.831404
CNXC,9969468416.0,2026-10-07 17:37:20.831404
CNXN,2987868928.0,2026-10-07 17:37:20.831404
CNXU,,2026-10-07 17:37:20.831404
COAG,,2026-10-07 17:37:20.831404
COCH,207000.0,2026-10-07 17:37:20.831404
COCHW,207000.0,2026-10-07 17:37:20.831404
COCO,706017984.0,2026-10-07 17:37:20.831404
COCP,330000.0,2026-10-07 17:37:20.831404
CODA,28602750.0,2026-10-07 17:37:20.831404
CODI,1792016000.0,2026-10-07 17:37:20.831404
CODI$A,,2026-10-07 17:37:20.831404
CODI$B,,2026-10-07 17:37:20.831404
CODI$C,,2026-10-07 17:37:20.831404
CODX,721386.0,2026-10-07 17:37:20.831404
COE,120526000.0,2026-10-07 17:37:20.831404
COF,48109998080.0,2026-10-07 17:37:20.831404
COF$I,,2026-10-07 17:37:20.831404
COF$J,,2026-10-07 17:37:20.831404
COF$K,,2026-10-07 17:37:20.831404
COF$L,,2026-10-07 17:37:20.831404
COF$N,,2026-10-07 17:37:20.831404
COFS,169918000.0,2026-10-07 17:37:20.831404
COGT,,2026-10-07 17:37:20.831404
COHN,308764000.0,2026-10-07 17:37:20.831404
COHR,7118180864.0,2026-10-07 17:37:20.831404
COHU,522600000.0,2026-10-07 17:37:20.831404
COIN,6043752960.0,2026-10-07 17:37:20.831404
COKE,7691646976.0,2026-10-07 17:37:20.831404
COLA,,2026-09-07 16:14:01.314358
COLAR,,2026-09-07 16:14:01.314358
COLAU,,2026-09-07 16:14:01.314358
COLB,2504999936.0,2026-10-07 17:37:20.831404
COLD,2613531904.0,2026-10-07 17:37:20.831404
COLL,808208000.0,2026-10-07 17:37:20.831404
COLM,3407027968.0,2026-10-07 17:37:20.831404
COMP,10555599872.0,2026-10-07 17:37:20.831404
CON,2287464960.0,2026-10-07 17:37:20.831404
COO,4236900096.0,2026-10-07 17:37:20.831404
COOK,484983008.0,2026-10-07 17:37:20.831404
COOT,,2026-10-07 17:37:20.831404
COOTW,,2026-10-07 17:37:20.831404
COP,64459001856.0,2026-10-07 17:37:20.831404
COPL,,2026-10-07 17:37:20.831404
COPL-U,,2026-10-07 17:37:20.831404
COPL-W,,2026-10-07 17:37:20.831404
COPR,,2026-10-01 17:13:08.883541
COPR-W,,2026-10-01 17:13:08.883541
COR,332771328000.0,2026-10-07 17:37:20.831404
CORT,830812992.0,2026-10-07 17:37:20.831404
CORZ,440311008.0,2026-10-07 17:37:20.831404
CORZW,440311008.0,2026-10-07 17:37:20.831404
CORZZ,440311008.0,2026-10-07 17:37:20.831404
COSM,73727856.0,2026-10-07 17:37:20.831404
COSO,85171000.0,2026-10-07 17:37:20.831404
COST,303154003968.0,2026-10-07 17:37:20.831404
COTY,5806600192.0,2026-10-07 17:37:20.831404
COUR,885400000.0,2026-10-07 17:37:20.831404
COYA,8019145.0,2026-10-07 17:37:20.831404
CP,,2026-10-07 17:37:20.831404
CPA,3987793920.0,2026-10-07 17:37:20.831404
CPAC,,2026-10-07 17:37:20.831404
CPAY,5020502016.0,2026-10-07 17:37:20.831404
CPB,9744000000.0,2026-10-07 17:37:20.831404
CPBI,21710000.0,2026-10-07 17:37:20.831404
CPF,288191008.0,2026-10-07 17:37:20.831404
CPHC,60437496.0,2026-10-07 17:37:20.831404
CPHI,3914090.0,2026-10-07 17:37:28.280429
CPIX,44304312.0,2026-10-07 17:37:28.280429
CPK,993500032.0,2026-10-07 17:37:28.280429
CPNG,35462000640.0,2026-10-07 17:37:28.280429
CPOP,134722288.0,2026-10-07 17:37:28.280429
CPRI,3446000128.0,2026-10-07 17:37:28.280429
CPRT,4666208768.0,2026-10-07 17:37:28.280429
CPRX,596958016.0,2026-07-08 12:16:13.428549
CPS,2775580928.0,2026-10-07 17:37:28.280429
CPSH,32349808.0,2026-10-07 17:37:28.280429
CPSS,211772992.0,2026-10-07 17:37:28.280429
CPT,1581868032.0,2026-10-07 17:37:28.280429
CPZ,,2026-10-07 17:37:28.280429
CQP,11496999936.0,2026-10-07 17:37:28.280429
CR,2591300096.0,2026-10-07 17:37:28.280429
CRAC,,2026-10-07 17:37:28.280429
CRACR,,2026-10-07 17:37:28.280429
CRACU,,2026-10-07 17:37:28.280429
CRACW,,2026-10-07 17:37:28.280429
CRAI,794643968.0,2026-10-07 17:37:28.280429
CRAN,,2026-10-07 17:37:28.280429
CRANR,,2026-10-07 17:37:28.280429
CRANU,,2026-10-07 17:37:28.280429
CRAQ,,2026-10-07 17:37:28.280429
CRAQR,,2026-10-07 17:37:28.280429
CRAQU,,2026-10-07 17:37:28.280429
CRBD,,2026-10-07 17:37:28.280429
CRBG,19515000832.0,2026-10-07 17:37:28.280429
CRBP,,2026-10-07 17:37:28.280429
CRBU,10035000.0,2026-10-07 17:37:28.280429
CRC,3735000064.0,2026-10-07 17:37:28.280429
CRCL,2905438976.0,2026-10-07 17:37:28.280429
CRCT,689790016.0,2026-10-07 17:37:28.280429
CRD-A,1261656064.0,2026-10-07 17:37:28.280429
CRD-B,1261656064.0,2026-10-07 17:37:28.280429
CRDF,508000.0,2026-10-07 17:37:28.280429
CRDL,,2026-10-07 17:37:28.280429
CRDO,1591044992.0,2026-10-07 17:37:28.280429
CRE,,2026-10-07 17:37:28.280429
CREG,350237.0,2026-07-08 12:16:13.428549
CRESY,,2026-10-07 17:37:28.280429
CREX,72321000.0,2026-10-07 17:37:28.280429
CRF,11301641.0,2026-10-07 17:37:28.280429
CRGO,29924000.0,2026-10-07 17:37:28.280429
CRGOW,29924000.0,2026-10-07 17:37:28.280429
CRGY,4309409792.0,2026-10-07 17:37:28.280429
CRH,38632001536.0,2026-10-07 17:37:28.280429
CRI,2979889920.0,2026-10-07 17:37:28.280429
CRIS,4314000.0,2026-10-07 17:37:28.280429
CRK,1882471040.0,2026-10-07 17:37:28.280429
CRL,3998987008.0,2026-10-07 17:37:28.280429
CRM,43938000896.0,2026-10-07 17:37:25.087504
CRMD,462248992.0,2026-10-07 17:37:25.087504
CRML,1888145.0,2026-10-07 17:37:25.087504
CRMLW,1888145.0,2026-10-07 17:37:25.087504
CRMT,1080141056.0,2026-10-07 17:37:25.087504
CRNC,309494016.0,2026-10-07 17:37:25.087504
CRNT,346731008.0,2026-10-07 17:37:25.087504
CRNX,42156000.0,2026-08-08 11:21:42.632631
CRON,179087008.0,2026-10-07 17:37:25.087504
CROX,4054865920.0,2026-10-07 17:37:25.087504
CRS,3124199936.0,2026-10-07 17:37:25.087504
CRSP,13392000.0,2026-10-07 17:37:25.087504
CRSR,1451464960.0,2026-10-07 17:37:25.087504
CRT,4306367.0,2026-10-07 17:37:25.087504
CRTO,1863453056.0,2026-10-07 17:37:25.087504
CRUS,2049830016.0,2026-10-07 17:37:25.087504
CRVL,983740992.0,2026-10-07 17:37:25.087504
CRVO,331295.0,2026-10-07 17:37:25.087504
CRVS,,2026-10-07 17:37:25.087504
CRWD,5396145152.0,2026-10-07 17:37:25.087504
CRWS,83554000.0,2026-10-07 17:37:25.087504
CRWV,7590000128.0,2026-10-07 17:37:25.087504
CSAI,5790000.0,2026-10-07 17:37:25.087504
CSAN,,2026-09-07 16:14:04.858918
CSBR,60662000.0,2026-10-07 17:37:25.087504
CSCO,63324999680.0,2026-10-07 17:37:25.087504
CSGP,3556000000.0,2026-10-07 17:37:25.087504
CSHR,137164992.0,2026-10-07 17:37:25.087504
CSHRW,,2026-10-07 17:37:25.087504
CSIQ,4990202880.0,2026-10-07 17:37:25.087504
CSL,5096999936.0,2026-10-07 17:37:25.087504
CSPI,56911000.0,2026-10-07 17:37:25.087504
CSQ,78758720.0,2026-10-07 17:37:25.087504
CSQR,1060283008.0,2026-09-15 15:22:22.531084
CSR,268871008.0,2026-10-07 17:37:25.087504
CSTE,381808992.0,2026-10-07 17:37:25.087504
CSTL,357278016.0,2026-10-07 17:37:25.087504
CSTM,9575999488.0,2026-10-07 17:37:25.087504
CSV,417292992.0,2026-10-07 17:37:25.087504
CSW,1169553024.0,2026-10-07 17:37:25.087504
CSWC,237206000.0,2026-10-07 17:37:25.087504
CSX,14512000000.0,2026-10-07 17:37:25.087504
CTA$A,,2026-10-07 17:37:25.087504
CTA$B,,2026-10-07 17:37:25.087504
CTAA,,2026-10-07 17:37:25.087504
CTAAR,,2026-10-07 17:37:25.087504
CTAAU,,2026-10-07 17:37:25.087504
CTAS,11560620032.0,2026-10-07 17:37:25.087504
CTBI,287048000.0,2026-10-07 17:37:25.087504
CTEV,994668992.0,2026-10-07 17:37:25.087504
CTGG,,2026-09-17 15:23:36.979615
CTGO,,2026-10-07 17:37:25.087504
CTHH,,2026-09-17 15:23:36.979615
CTKB,206708992.0,2026-10-07 17:37:25.087504
CTM,55334184.0,2026-10-07 17:37:25.087504
CTMX,18303000.0,2026-10-07 17:37:25.087504
CTNM,,2026-10-07 17:37:25.087504
CTNT,1416220.0,2026-10-07 17:37:25.087504
CTO,161100000.0,2026-10-07 17:37:25.087504
CTO$A,,2026-10-07 17:37:25.087504
CTOR,7105197.0,2026-10-07 17:37:25.087504
CTOS,2035309952.0,2026-10-07 17:37:25.087504
CTRE,571433984.0,2026-10-07 17:37:25.087504
CTRI,3393807872.0,2026-10-07 17:37:25.087504
CTRM,90353976.0,2026-10-07 17:37:25.087504
CTRN,869974016.0,2026-10-07 17:37:25.087504
CTS,564249984.0,2026-10-07 17:37:25.087504
CTSH,21642000384.0,2026-10-07 17:37:25.087504
CTSO,37216000.0,2026-10-07 17:37:25.087504
CTVA,,2026-10-07 17:37:25.087504
CTW,90089232.0,2026-10-07 17:37:25.087504
CTXR,7105197.0,2026-10-07 17:37:25.087504
CUB,,2026-10-07 17:37:25.087504
CUBB,,2026-10-07 17:37:25.087504
CUBE,1138882944.0,2026-10-07 17:37:25.087504
CUBI,826803968.0,2026-10-07 17:37:25.087504
CUBWU,,2026-10-07 17:37:25.087504
CUBWW,,2026-10-07 17:37:25.087504
CUE,37655000.0,2026-10-07 17:37:25.087504
CULP,206764000.0,2026-10-07 17:37:25.087504
CUPR,,2026-10-07 17:37:25.087504
CURB,224079008.0,2026-10-07 17:37:25.087504
CURI,75962000.0,2026-10-07 17:37:25.087504
CURR,37813324.0,2026-10-07 17:37:25.087504
CURV,948848000.0,2026-10-07 17:37:25.087504
CURX,,2026-10-07 17:37:25.087504
CUVL,,2026-09-19 14:05:04.819037
CUZ,1025451008.0,2026-10-07 17:37:25.087504
CV,13891000.0,2026-10-07 17:37:25.087504
CVBF,572476992.0,2026-10-07 17:37:25.087504
CVCO,2297606912.0,2026-10-07 17:37:25.087504
CVE,,2026-10-07 17:37:25.087504
CVEO,684795008.0,2026-10-07 17:37:25.087504
CVGI,673984000.0,2026-10-07 17:37:25.087504
CVI,8472999936.0,2026-10-07 17:37:25.087504
CVKD,,2026-10-07 17:37:25.087504
CVLG,1232296960.0,2026-10-07 17:37:25.087504
CVLT,1215842944.0,2026-10-07 17:37:25.087504
CVM,,2026-10-07 17:37:25.087504
CVNA,25058000896.0,2026-10-07 17:37:25.087504
CVR,27434688.0,2026-10-07 17:37:25.087504
CVRX,61188000.0,2026-10-07 17:37:25.087504
CVS,412644999168.0,2026-10-07 17:37:25.087504
CVSA,1954084992.0,2026-10-07 17:37:25.087504
CVU,73623880.0,2026-10-07 17:37:25.087504
CVV,19847000.0,2026-10-07 17:37:25.087504
CVX,209383997440.0,2026-10-07 17:37:25.087504
CW,3653846016.0,2026-10-07 17:37:25.087504
CWAN,825731968.0,2026-06-08 04:04:42.141673
CWBC,156835008.0,2026-10-07 17:37:25.087504
CWCO,127610968.0,2026-10-07 17:37:25.087504
CWD,16251000.0,2026-10-07 17:37:25.087504
CWEN,1574000000.0,2026-10-07 17:37:25.087504
CWH,6268320768.0,2026-10-07 17:37:25.087504
CWK,10818100224.0,2026-10-07 17:37:25.087504
CWST,1955481984.0,2026-10-07 17:37:25.087504
CWT,1054382016.0,2026-10-07 17:37:25.087504
CX,17037756416.0,2026-10-07 17:37:25.087504
CXAI,4780000.0,2026-10-07 17:37:25.087504
CXAIW,,2026-10-07 17:37:25.087504
CXDO,80914000.0,2026-10-07 17:37:25.087504
CXE,10290734.0,2026-06-08 04:04:42.141673
CXH,5412707.0,2026-06-08 04:04:42.141673
CXII,,2026-09-17 15:23:36.979615
CXIIU,,2026-10-07 17:37:25.087504
CXIIW,,2026-09-17 15:23:36.979615
CXM,872881984.0,2026-10-07 17:37:25.087504
CXT,1802899968.0,2026-10-07 17:37:25.087504
CXW,2484036096.0,2026-10-07 17:37:25.087504
CYAB,6384000.0,2026-10-07 17:37:25.087504
CYCN,1900000.0,2026-09-07 16:14:04.858918
CYCU,14401378.0,2026-10-07 17:37:25.087504
CYCUW,14401378.0,2026-10-07 17:37:25.087504
CYD,,2026-10-07 17:37:25.087504
CYH,11982999552.0,2026-10-07 17:37:25.087504
CYN,387130.0,2026-10-07 17:37:25.087504
CYPH,,2026-10-07 17:37:25.087504
CYRX,186452000.0,2026-10-07 17:37:25.087504
CYTK,67670000.0,2026-10-07 17:37:25.087504
CZFS,114757000.0,2026-10-07 17:37:25.087504
CZNC,127266000.0,2026-10-07 17:37:25.087504
CZR,11648000000.0,2026-10-07 17:37:25.087504
CZWI,58288000.0,2026-10-07 17:37:25.087504
D,18119000064.0,2026-10-07 17:37:25.087504
DAAQ,,2026-10-07 17:37:25.087504
DAAQU,,2026-10-07 17:37:25.087504
DAAQW,,2026-10-07 17:37:25.087504
DAC,1055062976.0,2026-10-07 17:37:25.087504
DAIC,5349650.0,2026-10-07 17:37:25.087504
DAICW,5349650.0,2026-10-07 17:37:25.087504
DAIO,17775000.0,2026-10-07 17:37:25.087504
DAKT,854299008.0,2026-10-07 17:37:25.087504
DAL,68287000576.0,2026-10-07 17:37:25.087504
DAN,7662000128.0,2026-10-07 17:37:25.087504
DAO,,2026-10-07 17:37:25.087504
DAR,6548663808.0,2026-10-07 17:37:25.087504
DARE,1365939.0,2026-10-07 17:37:25.087504
DASH,15891000320.0,2026-10-07 17:37:25.087504
DAVA,,2026-10-07 17:37:25.087504
DAVE,643652992.0,2026-10-07 17:37:25.087504
DAVEW,643652992.0,2026-10-07 17:37:25.087504
DB,,2026-10-07 17:37:25.087504
DBCA,,2026-10-07 17:37:25.087504
DBCAU,,2026-10-07 17:37:25.087504
DBCAW,,2026-10-07 17:37:25.087504
DBD,3871899904.0,2026-10-07 17:37:25.087504
DBGI,5781995.0,2026-10-07 17:37:25.087504
DBI,2892980992.0,2026-10-07 17:37:25.087504
DBL,,2026-10-07 17:37:25.087504
DBRG,632633984.0,2026-09-07 16:14:04.858918
DBRG$H,,2026-09-07 16:14:04.858918
DBRG$I,,2026-09-07 16:14:04.858918
DBRG$J,,2026-09-07 16:14:04.858918
DBVT,5036000.0,2026-10-07 17:37:25.087504
DBX,2531599872.0,2026-10-07 17:37:25.087504
DC,,2026-10-07 17:37:25.087504
DCBG,,2026-10-07 17:37:25.087504
DCBO,258928992.0,2026-10-07 17:37:25.087504
DCGO,294720512.0,2026-10-07 17:37:25.087504
DCH,8223699968.0,2026-10-07 17:37:25.087504
DCI,3885600000.0,2026-10-07 17:37:25.087504
DCO,865068992.0,2026-10-07 17:37:25.087504
DCOM,439071008.0,2026-10-07 17:37:25.087504
DCOM$,,2026-10-07 17:37:25.087504
DCOY,227629.0,2026-10-07 17:37:25.087504
DCTH,95418000.0,2026-10-07 17:37:25.087504
DCX,,2026-10-07 17:37:25.087504
DD,6988000256.0,2026-10-07 17:37:25.087504
DDC,,2026-10-07 17:37:25.087504
DDD,387640992.0,2026-10-07 17:37:25.087504
DDI,380043008.0,2026-10-07 17:37:25.087504
DDL,,2026-10-07 17:37:25.087504
DDOG,3966725120.0,2026-10-07 17:37:25.087504
DDS,6599416832.0,2026-10-07 17:37:25.087504
DDT,,2026-10-07 17:37:25.087504
DE,47927001088.0,2026-10-07 17:37:25.087504
DEA,363528992.0,2026-10-07 17:37:25.087504
DEC,1943431040.0,2026-10-07 17:37:25.087504
DECK,5527288832.0,2026-10-07 17:37:25.087504
DEFT,61209504.0,2026-10-07 17:37:25.087504
DEI,1007520000.0,2026-10-07 17:37:25.087504
DELL,151197007872.0,2026-10-07 17:37:25.087504
DEO,19643000832.0,2026-10-07 17:37:25.087504
DERM,68181000.0,2026-10-07 17:37:25.087504
DETX,974744.0,2026-10-07 17:37:25.087504
DEVS,33937.0,2026-06-08 04:04:42.141673
DFDV,15091000.0,2026-10-07 17:37:25.087504
DFDVW,15091000.0,2026-10-07 17:37:25.087504
DFH,4133734912.0,2026-10-07 17:37:25.087504
DFIN,777500032.0,2026-10-07 17:37:25.087504
DFLI,51889000.0,2026-10-07 17:37:25.087504
DFLIW,51889000.0,2026-10-07 17:37:25.087504
DFNS,7649000.0,2026-10-07 17:37:25.087504
DFNSW,7649000.0,2026-10-07 17:37:25.087504
DFP,,2026-10-07 17:37:25.087504
DFSC,,2026-10-07 17:37:25.087504
DFSCW,,2026-10-07 17:37:25.087504
DFTX,,2026-10-07 17:37:25.087504
DG,43637997568.0,2026-10-07 17:37:25.087504
DGAC,,2026-09-16 15:15:02.811913
DGAC-R,,2026-09-16 15:15:02.811913
DGAC-U,,2026-10-07 17:37:25.087504
DGICA,963176704.0,2026-10-07 17:37:25.087504
DGICB,963176704.0,2026-10-07 17:37:25.087504
DGII,506212992.0,2026-10-07 17:37:25.087504
DGNX,3615748.0,2026-10-07 17:37:25.087504
DGP,,2026-10-07 17:37:25.087504
DGX,11559999488.0,2026-10-07 17:37:25.087504
DGXX,31396008.0,2026-10-07 17:37:25.087504
DGZ,,2026-10-07 17:37:25.087504
DH,,2026-10-07 17:37:25.087504
DHC,1500135040.0,2026-10-07 17:37:25.087504
DHCNI,,2026-10-07 17:37:25.087504
DHCNL,1537853056.0,2026-10-07 17:37:25.087504
DHF,20894140.0,2026-10-07 17:37:25.087504
DHI,33350000640.0,2026-10-07 17:37:25.087504
DHR,25106999296.0,2026-10-07 17:37:25.087504
DHT,798681024.0,2026-10-07 17:37:25.087504
DHX,124532000.0,2026-10-07 17:37:25.087504
DHY,25037844.0,2026-10-07 17:37:25.087504
DIBS,90645000.0,2026-10-07 17:37:25.087504
DIN,899900032.0,2026-10-07 17:37:25.087504
DINO,31228000256.0,2026-10-07 17:37:25.087504
DIOD,1634744064.0,2026-10-07 17:37:25.087504
DIS,98860998656.0,2026-10-07 17:37:25.087504
DIT,2437844480.0,2026-10-07 17:37:25.087504
DJCO,97645000.0,2026-10-07 17:37:25.087504
DJP,,2026-10-07 17:37:25.087504
DJT,4519000.0,2026-10-07 17:37:25.087504
DJTWW,4519000.0,2026-10-07 17:37:25.087504
DK,12056500224.0,2026-10-07 17:37:25.087504
DKI,10802728.0,2026-10-07 17:37:25.087504
DKL,1199268992.0,2026-10-07 17:37:25.087504
DKNG,6222522880.0,2026-10-07 17:37:25.087504
DKS,21145145344.0,2026-10-07 17:37:25.087504
DLB,1354354944.0,2026-10-07 17:37:25.087504
DLHC,253543008.0,2026-10-07 17:37:25.087504
DLNG,160030000.0,2026-10-07 17:37:25.087504
DLNG$A,,2026-10-07 17:37:25.087504
DLO,1355896064.0,2026-10-07 17:37:25.087504
DLPN,57689236.0,2026-10-07 17:37:25.087504
DLR,6757036032.0,2026-10-07 17:37:25.087504
DLR$J,,2026-10-07 17:37:25.087504
DLR$K,,2026-10-07 17:37:25.087504
DLR$L,,2026-10-07 17:37:25.087504
DLTH,550747008.0,2026-10-07 17:37:25.087504
DLTR,20068700160.0,2026-10-07 17:37:25.087504
DLX,2112899968.0,2026-10-07 17:37:25.087504
DLXY,307747008.0,2026-10-07 17:37:25.087504
DLY,,2026-10-07 17:37:25.087504
DMA,,2026-10-07 17:37:25.087504
DMAA,,2026-10-07 17:37:25.087504
DMAAR,,2026-10-07 17:37:25.087504
DMAAU,,2026-10-07 17:37:25.087504
DMAC,,2026-10-07 17:37:25.087504
DMB,15812654.0,2026-10-07 17:37:25.087504
DMC,4304699904.0,2026-09-28 18:19:46.995311
DMII,,2026-10-07 17:37:25.087504
DMIIR,,2026-10-07 17:37:25.087504
DMIIU,,2026-10-07 17:37:25.087504
DMLP,186388992.0,2026-10-07 17:37:25.087504
DMO,21860956.0,2026-10-07 17:37:25.087504
DMRA,,2026-10-07 17:37:25.087504
DMRC,31501000.0,2026-10-07 17:37:25.087504
DNA,132421000.0,2026-10-07 17:37:25.087504
DNLI,3604000.0,2026-10-07 17:37:25.087504
DNMX,,2026-10-07 17:37:25.087504
DNMXU,,2026-10-07 17:37:25.087504
DNMXW,,2026-10-07 17:37:25.087504
DNN,,2026-10-07 17:37:25.087504
DNOW,4083000064.0,2026-10-07 17:37:25.087504
DNP,165095008.0,2026-10-07 17:37:25.087504
DNTH,1904000.0,2026-10-07 17:37:25.087504
DNUT,1465693952.0,2026-10-07 17:37:25.087504
DOC,2949806080.0,2026-10-07 17:37:25.087504
DOCN,1011113024.0,2026-10-07 17:37:25.087504
DOCS,655568000.0,2026-10-07 17:37:25.087504
DOCU,3361190912.0,2026-10-07 17:37:25.087504
DOGZ,15884243.0,2026-10-07 17:37:25.087504
DOLE,9486661632.0,2026-10-07 17:37:25.087504
DOMH,129415000.0,2026-10-07 17:37:25.087504
DOMO,315214016.0,2026-09-07 16:14:04.858918
DOO,,2026-10-07 17:37:25.087504
DORM,2155035904.0,2026-10-07 17:37:25.087504
DOUG,1006067968.0,2026-10-07 17:37:25.087504
DOV,8420563968.0,2026-10-07 17:37:25.087504
DOW,41318998016.0,2026-10-07 17:37:25.087504
DOX,4653030912.0,2026-10-07 17:37:25.087504
DOYU,,2026-10-07 17:37:25.087504
DPC,953299968.0,2026-09-25 15:41:53.468465
DPG,,2026-10-07 17:37:25.087504
DPRO,,2026-10-07 17:37:25.087504
DPU,,2026-09-15 15:22:22.531084
DPZ,5027814912.0,2026-10-07 17:37:25.087504
DQ,555689024.0,2026-10-07 17:37:25.087504
DRCT,30905000.0,2026-09-07 16:14:04.858918
DRD,,2026-10-07 17:37:25.087504
DRDB,,2026-10-07 17:37:25.087504
DRDBU,,2026-10-07 17:37:25.087504
DRDBW,,2026-10-07 17:37:25.087504
DRH,1136365952.0,2026-10-07 17:37:25.087504
DRI,13366500352.0,2026-10-07 17:37:25.087504
DRIO,20998000.0,2026-10-07 17:37:25.087504
DRK,9714000.0,2026-09-17 15:23:36.979615
DRMA,,2026-10-07 17:37:25.087504
DRMAW,,2026-08-08 11:21:42.632631
DRS,3779000064.0,2026-10-07 17:37:25.087504
DRTS,,2026-10-07 17:37:25.087504
DRTSW,,2026-10-07 17:37:25.087504
DRUG,,2026-10-07 17:37:25.087504
DRVN,1931469952.0,2026-10-07 17:37:25.087504
DSAC,,2026-10-07 17:37:25.087504
DSACU,,2026-10-07 17:37:25.087504
DSACW,,2026-10-07 17:37:25.087504
DSC,,2026-09-25 15:41:53.468465
DSGN,,2026-10-07 17:37:25.087504
DSGR,2053286016.0,2026-10-07 17:37:25.087504
DSGX,775166976.0,2026-10-07 17:37:25.087504
DSL,,2026-10-07 17:37:25.087504
DSM,23119716.0,2026-10-07 17:37:25.087504
DSP,388497984.0,2026-10-07 17:37:25.087504
DSS,18454000.0,2026-10-07 17:37:25.087504
DSU,51864488.0,2026-10-07 17:37:25.087504
DSWL,61332000.0,2026-10-07 17:37:25.087504
DSX,215936000.0,2026-10-07 17:37:25.087504
DSX$B,,2026-10-07 17:37:25.087504
DSX-W,,2026-10-07 17:37:25.087504
DSY,7323356.0,2026-10-07 17:37:25.087504
DSYWW,7323356.0,2026-10-07 17:37:25.087504
DT,2095586048.0,2026-10-07 17:37:25.087504
DTB,,2026-10-07 17:37:25.087504
DTCX,8968252.0,2026-10-07 17:37:25.087504
DTE,16465000448.0,2026-10-07 17:37:25.087504
DTF,2737000.0,2026-10-07 17:37:25.087504
DTG,,2026-10-07 17:37:25.087504
DTI,153356000.0,2026-10-07 17:37:25.087504
DTIL,45055000.0,2026-10-07 17:37:25.087504
DTK,,2026-10-07 17:37:25.087504
DTM,1310000000.0,2026-10-07 17:37:25.087504
DTSQ,,2026-10-07 17:37:25.087504
DTSQR,,2026-10-07 17:37:25.087504
DTSQU,,2026-10-07 17:37:25.087504
DTSS,40698800.0,2026-10-07 17:37:25.087504
DTST,1447471.0,2026-10-07 17:37:25.087504
DTW,,2026-10-07 17:37:25.087504
DUK,32803000320.0,2026-10-07 17:37:25.087504
DUK$A,,2026-10-07 17:37:25.087504
DUKB,,2026-10-07 17:37:25.087504
DUKR,383000.0,2026-10-07 17:37:25.087504
DUKRW,383000.0,2026-10-07 17:37:25.087504
DUKU,32803000320.0,2026-09-16 15:15:02.811913
DUO,,2026-10-07 17:37:25.087504
DUOL,1145001984.0,2026-10-07 17:37:25.087504
DUOT,26661222.0,2026-10-07 17:37:25.087504
DV,768822976.0,2026-10-07 17:37:25.087504
DVA,14009646080.0,2026-10-07 17:37:25.087504
DVLT,46858000.0,2026-10-07 17:37:25.087504
DVN,18780999680.0,2026-10-07 17:37:25.087504
DWSN,104307000.0,2026-10-07 17:37:25.087504
DWTX,,2026-10-07 17:37:25.087504
DX,502281984.0,2026-10-07 17:37:25.087504
DX$C,,2026-10-07 17:37:25.087504
DX$D,,2026-10-02 16:26:48.954695
DXC,12483999744.0,2026-10-07 17:37:25.087504
DXCM,4969200128.0,2026-10-07 17:37:25.087504
DXF,,2026-10-07 17:37:25.087504
DXLG,428870016.0,2026-10-07 17:37:25.087504
DXPE,2139233024.0,2026-10-07 17:37:25.087504
DXR,31360.0,2026-10-07 17:37:25.087504
DXST,26036216.0,2026-10-07 17:37:25.087504
DXYZ,,2026-10-07 17:37:25.087504
DY,6880050176.0,2026-10-07 17:37:25.087504
DYAI,3802237.0,2026-10-07 17:37:25.087504
DYN,,2026-10-07 17:37:25.087504
DYNC,,2026-10-07 17:37:25.087504
DYNCU,,2026-10-07 17:37:25.087504
DYNCW,,2026-10-07 17:37:25.087504
DYOR,,2026-10-07 17:37:25.087504
DYORU,,2026-10-07 17:37:25.087504
DYORW,,2026-10-07 17:37:25.087504
DZZ,,2026-10-07 17:37:25.087504
E,,2026-10-07 17:37:25.087504
EA,7530999808.0,2026-07-08 12:16:13.428549
EAD,43386688.0,2026-10-07 17:37:25.087504
EAF,512918016.0,2026-10-07 17:37:25.087504
EAI,,2026-10-07 17:37:25.087504
EARN,41595000.0,2026-10-07 17:37:25.087504
EAT,5807399936.0,2026-10-07 17:37:25.087504
EBAY,12007999488.0,2026-10-07 17:37:25.087504
EBC,1098209024.0,2026-10-07 17:37:25.087504
EBF,397150016.0,2026-10-07 17:37:25.087504
EBMT,94715000.0,2026-10-07 17:37:25.087504
EBON,6878767.0,2026-10-07 17:37:25.087504
EBS,770200000.0,2026-10-07 17:37:25.087504
EC,,2026-10-07 17:37:25.087504
ECAT,,2026-10-07 17:37:25.087504
ECBK,38171000.0,2026-10-07 17:37:25.087504
ECC,183471760.0,2026-10-07 17:37:25.087504
ECC$D,,2026-10-07 17:37:25.087504
ECCC,183471760.0,2026-10-07 17:37:25.087504
ECCU,,2026-10-07 17:37:25.087504
ECCV,,2026-10-07 17:37:25.087504
ECF,4794184.0,2026-10-07 17:37:25.087504
ECF$A,,2026-10-07 17:37:25.087504
ECG,4266791936.0,2026-10-07 17:37:25.087504
ECHO,14653925376.0,2026-09-24 15:38:57.194228
ECL,16842500096.0,2026-10-07 17:37:25.087504
ECO,706471616.0,2026-10-07 17:37:25.087504
ECOR,36966000.0,2026-10-07 17:37:25.087504
ECPG,1901187968.0,2026-10-07 17:37:25.087504
ECVT,869254016.0,2026-10-07 17:37:25.087504
ECX,881257984.0,2026-10-07 17:37:25.087504
ECXWW,881257984.0,2026-10-07 17:37:25.087504
ED,17688999936.0,2026-10-07 17:37:25.087504
EDBL,13837000.0,2026-10-07 17:37:25.087504
EDBLW,13837000.0,2026-10-07 17:37:25.087504
EDD,,2026-10-07 17:37:25.087504
EDF,,2026-10-07 17:37:25.087504
EDHL,1862231.0,2026-10-07 17:37:25.087504
EDIT,47005000.0,2026-10-07 17:37:25.087504
EDN,,2026-10-07 17:37:25.087504
EDRY,62268512.0,2026-10-07 17:37:25.087504
EDSA,,2026-10-07 17:37:25.087504
EDTK,14133.0,2026-10-07 17:37:25.087504
EDU,5661294080.0,2026-10-07 17:37:25.087504
EDUC,20563000.0,2026-10-07 17:37:25.087504
EDVA,32090.0,2026-09-23 15:14:42.240648
EE,1471320960.0,2026-10-07 17:37:25.087504
EEA,2065129.0,2026-10-07 17:37:25.087504
EEFT,4374600192.0,2026-10-07 17:37:25.087504
EEIQ,9843535.0,2026-10-07 17:37:25.087504
EEX,471100000.0,2026-07-08 12:16:13.428549
EFC,431351008.0,2026-10-07 17:37:25.087504
EFC$B,,2026-10-07 17:37:25.087504
EFC$C,,2026-10-07 17:37:25.087504
EFC$D,,2026-10-07 17:37:25.087504
EFOI,6499000.0,2026-10-07 17:37:25.087504
EFOR,3966799872.0,2026-10-07 17:37:25.087504
EFR,42937000.0,2026-10-07 17:37:25.087504
EFSC,695708992.0,2026-10-07 17:37:25.087504
EFSCP,,2026-10-07 17:37:25.087504
EFSI,82958000.0,2026-10-07 17:37:25.087504
EFT,39432080.0,2026-10-07 17:37:25.087504
EFTY,3222344.0,2026-10-07 17:37:25.087504
EFX,6444499968.0,2026-10-07 17:37:25.087504
EFXT,2569999872.0,2026-10-07 17:37:25.087504
EG,16824999936.0,2026-10-07 17:37:25.087504
EGAN,91136000.0,2026-10-07 17:37:25.087504
EGBN,138752992.0,2026-10-07 17:37:25.087504
EGG,2738383.0,2026-10-07 17:37:25.087504
EGHA,,2026-10-07 17:37:25.087504
EGHAR,,2026-10-07 17:37:25.087504
EGHAU,,2026-10-07 17:37:25.087504
EGHT,744561024.0,2026-10-07 17:37:25.087504
EGO,2031771008.0,2026-10-07 17:37:25.087504
EGP,751425024.0,2026-10-07 17:37:25.087504
EGY,349815008.0,2026-10-07 17:37:25.087504
EH,,2026-10-07 17:37:25.087504
EHC,6206099968.0,2026-10-07 17:37:25.087504
EHGO,16318923.0,2026-10-07 17:37:25.087504
EHI,24340412.0,2026-10-07 17:37:25.087504
EHLD,23681208.0,2026-10-07 17:37:25.087504
EHTH,501691008.0,2026-10-07 17:37:25.087504
EIC,55770456.0,2026-10-07 17:37:25.087504
EICA,55770456.0,2026-10-07 17:37:25.087504
EIG,837600000.0,2026-10-07 17:37:25.087504
EIIA,,2026-10-07 17:37:25.087504
EIKN,,2026-10-07 17:37:25.087504
EIM,40652088.0,2026-10-07 17:37:25.087504
EIX,19423000576.0,2026-10-07 17:37:25.087504
EJH,49331132.0,2026-10-07 17:37:25.087504
EL,15048999936.0,2026-10-07 17:37:25.087504
ELA,293044224.0,2026-10-07 17:37:25.087504
ELAB,2578688.0,2026-10-07 17:37:25.087504
ELAN,5020000256.0,2026-10-07 17:37:25.087504
ELBM,,2026-10-07 17:37:25.087504
ELC,,2026-10-07 17:37:25.087504
ELDN,,2026-10-07 17:37:25.087504
ELE,71020000.0,2026-10-07 17:37:25.087504
ELF,1762105984.0,2026-10-07 17:37:25.087504
ELLA,41595000.0,2026-10-07 17:37:25.087504
ELLO,,2026-10-07 17:37:25.087504
ELMD,73776000.0,2026-10-07 17:37:25.087504
ELME,247632000.0,2026-10-07 17:37:25.087504
ELMT,228527008.0,2026-10-07 17:37:25.087504
ELOG,45631772.0,2026-10-07 17:37:25.087504
ELOX,,2026-09-09 14:57:24.401443
ELPC,,2026-10-07 17:37:25.087504
ELPW,2053466.0,2026-10-07 17:37:25.087504
ELS,1568076032.0,2026-10-07 17:37:25.087504
ELSE,10482000.0,2026-07-08 12:16:13.428549
ELTK,48475000.0,2026-10-07 17:37:25.087504
ELTX,,2026-10-07 17:37:25.087504
ELUT,12136000.0,2026-10-07 17:37:25.087504
ELV,201113993216.0,2026-10-07 17:37:25.087504
ELVA,71824000.0,2026-10-07 17:37:25.087504
ELVN,,2026-10-07 17:37:25.087504
ELVR,201871008.0,2026-10-07 17:37:25.087504
ELWT,18133000.0,2026-10-07 17:37:25.087504
EMA,,2026-10-07 17:37:25.087504
EMAT,3515000.0,2026-10-07 17:37:25.087504
EMBC,1018700032.0,2026-10-07 17:37:25.087504
EMBJ,,2026-10-07 17:37:25.087504
EMD,66747788.0,2026-10-07 17:37:25.087504
EME,18597775360.0,2026-10-07 17:37:25.087504
EMF,6914560.0,2026-10-07 17:37:25.087504
EMIS,,2026-10-07 17:37:25.087504
EMISR,,2026-10-07 17:37:25.087504
EML,234367344.0,2026-10-07 17:37:25.087504
EMN,8865000448.0,2026-10-07 17:37:25.087504
EMO,,2026-10-07 17:37:25.087504
EMP,,2026-10-07 17:37:25.087504
EMPD,628193.0,2026-10-07 17:37:25.087504
EMPG,5484664.0,2026-07-08 12:16:13.428549
EMR,18635999232.0,2026-10-07 17:37:25.087504
ENB,,2026-10-07 17:37:25.087504
ENGN,,2026-10-07 17:37:25.087504
ENGNW,,2026-10-07 17:37:25.087504
ENGS,,2026-10-07 17:37:25.087504
ENHA,17702934.0,2026-10-07 17:37:25.087504
ENIC,4398599168.0,2026-10-07 17:37:25.087504
ENJ,,2026-10-07 17:37:25.087504
ENLT,585198016.0,2026-10-07 17:37:25.087504
ENLV,,2026-10-07 17:37:25.087504
ENO,,2026-10-07 17:37:25.087504
ENOV,2296602880.0,2026-10-07 17:37:25.087504
ENPH,1328502016.0,2026-10-07 17:37:25.087504
ENR,2989100032.0,2026-10-07 17:37:25.087504
ENRD,,2026-09-10 14:43:12.525053
ENRDW,,2026-09-10 14:43:12.525053
ENS,3793992960.0,2026-10-07 17:37:25.087504
ENSC,4500753.0,2026-10-07 17:37:25.087504
ENSG,5486708224.0,2026-10-07 17:37:25.087504
ENTA,65258000.0,2026-10-07 17:37:25.087504
ENTG,3326099968.0,2026-10-07 17:37:25.087504
ENTX,0.0,2026-10-07 17:37:25.087504
ENVA,1691782016.0,2026-10-07 17:37:25.087504
ENVB,,2026-10-07 17:37:25.087504
ENVX,35879000.0,2026-10-07 17:37:25.087504
EOCN,,2026-09-10 14:43:12.525053
EOD,,2026-10-07 17:37:25.087504
EOG,26720999424.0,2026-10-07 17:37:25.087504
EOI,6353540.0,2026-10-07 17:37:25.087504
EOLS,316488000.0,2026-10-07 17:37:25.087504
EONR,16273554.0,2026-10-07 17:37:25.087504
EONR-W,,2026-10-07 17:37:25.087504
EOS,7004676.0,2026-10-07 17:37:25.087504
EOSE,214248000.0,2026-10-07 17:37:25.087504
EOSER,,2026-07-06 14:22:05.922701
EOSEW,214248000.0,2026-10-03 15:01:17.985862
EOT,,2026-10-07 17:37:25.087504
EP,35258000.0,2026-10-07 17:37:25.087504
EP$C,,2026-10-07 17:37:25.087504
EPAC,634081984.0,2026-10-07 17:37:25.087504
EPAM,5616749056.0,2026-10-07 17:37:25.087504
EPC,2243800064.0,2026-10-07 17:37:25.087504
EPD,58470998016.0,2026-10-07 17:37:25.087504
EPM,86343000.0,2026-10-07 17:37:25.087504
EPOW,46416132.0,2026-10-07 17:37:25.087504
EPR,738974976.0,2026-10-07 17:37:25.087504
EPR$C,,2026-10-07 17:37:25.087504
EPR$E,,2026-10-07 17:37:25.087504
EPR$G,,2026-10-07 17:37:25.087504
EPRT,615489024.0,2026-10-07 17:37:25.087504
EPRX,,2026-10-07 17:37:25.087504
EPSM,5118074.0,2026-10-07 17:37:25.087504
EPSN,67657128.0,2026-10-07 17:37:25.087504
EQ,,2026-10-07 17:37:25.087504
EQBK,243856992.0,2026-10-07 17:37:25.087504
EQH,10620000256.0,2026-10-07 17:37:25.087504
EQH$A,,2026-10-07 17:37:25.087504
EQH$C,,2026-10-07 17:37:25.087504
EQIX,9904000000.0,2026-10-07 17:37:25.087504
EQNR,113652998144.0,2026-10-07 17:37:25.087504
EQPT,4952000000.0,2026-10-07 17:37:25.087504
EQR,3129217024.0,2026-08-08 11:21:42.632631
EQS,1311000.0,2026-10-07 17:37:25.087504
EQT,9293919232.0,2026-10-07 17:37:25.087504
EQX,2897062912.0,2026-10-07 17:37:25.087504
ERAS,,2026-10-07 17:37:25.087504
ERC,28272418.0,2026-10-07 17:37:25.087504
ERH,5829590.0,2026-10-07 17:37:25.087504
ERIC,,2026-10-07 17:37:25.087504
ERIE,4119469056.0,2026-10-07 17:37:25.087504
ERII,120573000.0,2026-10-07 17:37:25.087504
ERNA,,2026-10-07 17:37:25.087504
ERNAW,,2026-10-07 17:37:25.087504
ERO,1044729024.0,2026-10-07 17:37:25.087504
EROC,162192992.0,2026-09-10 14:43:12.525053
EROK,105823000.0,2026-10-07 17:37:25.087504
ES,13998372864.0,2026-10-07 17:37:25.087504
ESAB,3002054912.0,2026-10-07 17:37:25.087504
ESBA,782822016.0,2026-10-07 17:37:25.087504
ESCA,243832992.0,2026-10-07 17:37:25.087504
ESE,1290701056.0,2026-10-07 17:37:25.087504
ESEA,226634352.0,2026-10-07 17:37:25.087504
ESI,3150200064.0,2026-10-07 17:37:25.087504
ESLA,,2026-10-07 17:37:25.087504
ESLAW,,2026-10-07 17:37:25.087504
ESLT,8546071040.0,2026-10-07 17:37:25.087504
ESNT,1322992000.0,2026-10-07 17:37:25.087504
ESOA,467366080.0,2026-10-07 17:37:25.087504
ESP,46124324.0,2026-10-07 17:37:25.087504
ESPR,418244000.0,2026-07-08 12:16:13.428549
ESQ,149310000.0,2026-10-07 17:37:25.087504
ESRT,782822016.0,2026-10-07 17:37:25.087504
ESS,1980775936.0,2026-10-07 17:37:25.087504
ESTA,245818000.0,2026-10-07 17:37:25.087504
ESTC,1802156032.0,2026-10-07 17:37:25.087504
ESYN,,2026-09-22 15:19:17.140712
ET,107378999296.0,2026-10-07 17:37:25.087504
ET$I,,2026-10-07 17:37:25.087504
ETB,5862370.0,2026-10-07 17:37:25.087504
ETD,579486976.0,2026-10-07 17:37:25.087504
ETG,86440824.0,2026-10-07 17:37:25.087504
ETI$,,2026-10-07 17:37:25.087504
ETJ,,2026-10-07 17:37:25.087504
ETN,30026000384.0,2026-10-07 17:37:25.087504
ETO,24902404.0,2026-10-07 17:37:25.087504
ETON,105595000.0,2026-10-07 17:37:25.087504
ETOR,11872377856.0,2026-10-07 17:37:25.087504
ETR,13482226688.0,2026-10-07 17:37:25.087504
ETRA,,2026-09-18 14:43:30.195902
ETS,2875682.0,2026-10-07 17:37:25.087504
ETSS,,2026-10-07 17:37:25.087504
ETSS-U,,2026-10-07 17:37:25.087504
ETSS-W,,2026-10-07 17:37:25.087504
ETSY,2941755904.0,2026-10-07 17:37:25.087504
ETV,19307714.0,2026-10-07 17:37:25.087504
ETW,19872540.0,2026-10-07 17:37:25.087504
ETX,,2026-10-07 17:37:25.087504
ETY,18742248.0,2026-10-07 17:37:25.087504
EU,55248000.0,2026-10-07 17:37:25.087504
EUDA,7230776.0,2026-10-07 17:37:25.087504
EUDAW,7230776.0,2026-10-07 17:37:25.087504
EURK,,2026-10-07 17:37:25.087504
EURKR,,2026-10-07 17:37:25.087504
EURKU,,2026-10-07 17:37:25.087504
EVAC,,2026-10-07 17:37:25.087504
EVAC-U,,2026-10-07 17:37:25.087504
EVAC-W,,2026-10-07 17:37:25.087504
EVAX,7491000.0,2026-10-07 17:37:25.087504
EVC,679880000.0,2026-10-07 17:37:25.087504
EVCM,598100992.0,2026-10-07 17:37:25.087504
EVER,755198016.0,2026-10-07 17:37:25.087504
EVEX,,2026-10-07 17:37:25.087504
EVEX-W,,2026-10-07 17:37:25.087504
EVF,12177952.0,2026-10-07 17:37:25.087504
EVG,11957696.0,2026-10-07 17:37:25.087504
EVGN,1657000.0,2026-10-07 17:37:25.087504
EVGO,402948000.0,2026-10-07 17:37:25.087504
EVGOW,418329984.0,2026-06-08 04:04:42.141673
EVH,2097017984.0,2026-10-07 17:37:25.087504
EVI,446569984.0,2026-10-07 17:37:25.087504
EVLV,171435008.0,2026-10-07 17:37:25.087504
EVLVW,160226000.0,2026-07-08 12:16:13.428549
EVMN,10000000.0,2026-10-07 17:37:25.087504
EVN,31069908.0,2026-10-07 17:37:25.087504
EVO,,2026-10-07 17:37:25.087504
EVOX,,2026-10-07 17:37:25.087504
EVOXU,,2026-10-07 17:37:25.087504
EVOXW,,2026-10-07 17:37:25.087504
EVR,4709992960.0,2026-10-07 17:37:25.087504
EVRG,6093899776.0,2026-10-07 17:37:25.087504
EVT,62970896.0,2026-10-07 17:37:25.087504
EVTC,996161984.0,2026-10-07 17:37:25.087504
EVTL,,2026-10-07 17:37:25.087504
EVTV,7597062.0,2026-07-08 12:16:13.428549
EVV,136063200.0,2026-10-07 17:37:25.087504
EW,6512300032.0,2026-10-07 17:37:25.087504
EWAV,,2026-09-14 16:43:23.543461
EWAVR,,2026-09-14 16:43:23.543461
EWAVU,,2026-09-29 16:42:51.379190
EWBC,2888595968.0,2026-10-07 17:37:25.087504
EWTX,,2026-10-07 17:37:25.087504
EXC,25326000128.0,2026-10-07 17:37:25.087504
EXE,12657999872.0,2026-10-07 17:37:25.087504
EXEL,2435919872.0,2026-10-07 17:37:25.087504
EXFY,138098000.0,2026-10-07 17:37:25.087504
EXG,,2026-10-07 17:37:25.087504
EXK,737200000.0,2026-10-07 17:37:25.087504
EXLS,2237314048.0,2026-10-07 17:37:25.087504
EXOD,108703000.0,2026-10-07 17:37:25.087504
EXOZ,,2026-10-07 17:37:25.087504
EXP,2324933888.0,2026-10-07 17:37:25.087504
EXPD,12036001792.0,2026-10-07 17:37:25.087504
EXPE,15699999744.0,2026-10-07 17:37:25.087504
EXPO,567132032.0,2026-10-07 17:37:25.087504
EXR,3511115008.0,2026-10-07 17:37:25.087504
EXTR,1283592960.0,2026-10-07 17:37:25.087504
EXYN,5374895.0,2026-10-07 17:37:25.087504
EXYNW,5374895.0,2026-10-07 17:37:25.087504
EYE,2033426048.0,2026-10-07 17:37:25.087504
EYPT,2788000.0,2026-10-07 17:37:25.087504
EZGO,20283776.0,2026-10-07 17:37:25.087504
EZPW,1584461056.0,2026-10-07 17:37:25.087504
EZRA,11045669.0,2026-10-07 17:37:25.087504
F,187972993024.0,2026-10-07 17:37:20.831404
F$B,,2026-10-07 17:37:20.831404
F$C,,2026-10-07 17:37:20.831404
F$D,,2026-10-07 17:37:20.831404
FA,1663132032.0,2026-10-07 17:37:20.831404
FABC,,2026-10-07 17:37:20.831404
FAC,,2026-10-08 17:40:28.174371
FACT,,2026-10-07 17:37:20.831404
FACTU,,2026-10-07 17:37:20.831404
FACTW,,2026-10-07 17:37:20.831404
FACWW,,2026-10-08 17:40:28.174371
FAF,7983900160.0,2026-10-07 17:37:20.831404
FAMI,18221764.0,2026-10-07 17:37:20.831404
FANG,16248000512.0,2026-10-07 17:37:20.831404
FAST,8749400064.0,2026-10-07 17:37:20.831404
FATE,6491000.0,2026-10-07 17:37:20.831404
FATN,20303908.0,2026-10-07 17:37:28.280429
FAX,52706008.0,2026-10-07 17:37:28.280429
FBDT,634581.0,2026-09-20 14:23:53.357029
FBGL,,2026-10-07 17:37:28.280429
FBIN,4391900160.0,2026-10-07 17:37:28.280429
FBIO,68466000.0,2026-10-07 17:37:28.280429
FBIOP,68466000.0,2026-10-07 17:37:28.280429
FBIZ,169432992.0,2026-10-07 17:37:28.280429
FBK,650777024.0,2026-10-07 17:37:28.280429
FBLA,51426000.0,2026-10-07 17:37:28.280429
FBLG,,2026-10-07 17:37:28.280429
FBNC,410719008.0,2026-10-07 17:37:28.280429
FBP,954211968.0,2026-10-07 17:37:28.280429
FBRT,292606016.0,2026-10-07 17:37:28.280429
FBRT$E,,2026-10-07 17:37:28.280429
FBRX,,2026-08-08 11:21:45.491621
FBYD,21633000.0,2026-10-07 17:37:28.280429
FBYDP,,2026-10-07 17:37:28.280429
FBYDW,21633000.0,2026-10-07 17:37:28.280429
FC,262747008.0,2026-10-07 17:37:28.280429
FCAP,53239000.0,2026-10-07 17:37:28.280429
FCBC,187046000.0,2026-10-07 17:37:28.280429
FCBM,128851000.0,2026-09-18 14:43:30.195902
FCCO,88283000.0,2026-10-07 17:37:28.280429
FCEL,154136992.0,2026-10-07 17:37:28.280429
FCF,507073984.0,2026-10-07 17:37:28.280429
FCFS,4120336896.0,2026-10-07 17:37:28.280429
FCHL,,2026-10-07 17:37:28.280429
FCN,3923721984.0,2026-10-07 17:37:28.280429
FCNCA,9331999744.0,2026-10-07 17:37:28.280429
FCNCN,,2026-10-07 17:37:28.280429
FCNCO,9331999744.0,2026-10-07 17:37:28.280429
FCNCP,9331999744.0,2026-10-07 17:37:28.280429
FCPT,306398016.0,2026-10-07 17:37:28.280429
FCRS,,2026-10-07 17:37:28.280429
FCRS-U,,2026-10-07 17:37:28.280429
FCRS-W,,2026-10-07 17:37:28.280429
FCT,25754376.0,2026-08-08 11:21:45.491621
FCUV,752581.0,2026-10-07 17:37:28.280429
FCX,25867999232.0,2026-10-07 17:37:28.280429
FDBC,96510000.0,2026-10-07 17:37:28.280429
FDMM,,2026-10-03 15:01:17.985862
FDMMU,,2026-10-08 17:40:28.174371
FDMMW,,2026-10-03 15:01:17.985862
FDMT,92008000.0,2026-10-07 17:37:28.280429
FDP,4268000000.0,2026-06-08 04:04:44.068028
FDS,2476256000.0,2026-10-07 17:37:28.280429
FDSB,14084000.0,2026-10-07 17:37:28.280429
FDUS,170432000.0,2026-10-07 17:37:28.280429
FDX,94720000000.0,2026-10-07 17:37:28.280429
FDXF,8794999808.0,2026-10-07 17:37:28.280429
FE,15635999744.0,2026-10-07 17:37:28.280429
FEAM,,2026-10-07 17:37:28.280429
FEBO,,2026-10-07 17:37:28.280429
FEDU,,2026-10-07 17:37:28.280429
FEED,1926000.0,2026-09-07 16:14:04.176739
FEIM,72866000.0,2026-10-07 17:37:28.280429
FELE,2211886080.0,2026-10-07 17:37:28.280429
FEMY,2299497.0,2026-10-07 17:37:28.280429
FENC,59221000.0,2026-10-07 17:37:28.280429
FENG,,2026-10-07 17:37:28.280429
FER,,2026-10-07 17:37:28.280429
FERA,,2026-10-07 17:37:28.280429
FERAR,,2026-10-07 17:37:28.280429
FERAU,,2026-10-07 17:37:28.280429
FERG,31446200320.0,2026-10-07 17:37:28.280429
FET,833347968.0,2026-10-07 17:37:28.280429
FF,153208992.0,2026-10-07 17:37:28.280429
FFA,6711267.0,2026-10-07 17:37:28.280429
FFAI,1514000.0,2026-10-07 17:37:28.280429
FFAIW,732000.0,2026-07-08 12:16:10.868133
FFBC,952892992.0,2026-10-07 17:37:28.280429
FFC,89864760.0,2026-10-07 17:37:28.280429
FFIN,637203008.0,2026-10-07 17:37:28.280429
FFIV,3309331968.0,2026-10-07 17:37:20.831404
FFR,,2026-09-30 16:35:32.399909
FG,6066999808.0,2026-10-07 17:37:20.831404
FGBI,37698000.0,2026-10-07 17:37:20.831404
FGBIP,37698000.0,2026-10-07 17:37:20.831404
FGC,,2026-09-28 18:19:46.995311
FGCPP,,2026-09-28 18:19:46.995311
FGI,128704856.0,2026-10-07 17:37:20.831404
FGII,,2026-10-07 17:37:27.243848
FGIIU,,2026-10-07 17:37:27.243848
FGIIW,,2026-10-07 17:37:27.243848
FGIWW,128704856.0,2026-10-07 17:37:27.243848
FGL,,2026-10-07 17:37:27.243848
FGMC,,2026-07-08 12:16:10.868133
FGMCR,,2026-07-08 12:16:10.868133
FGMCU,,2026-07-08 12:16:10.868133
FGN,,2026-10-07 17:37:27.243848
FGNX,2442000.0,2026-09-07 16:14:03.042793
FGNXP,2442000.0,2026-09-07 16:14:03.042793
FGSN,,2026-10-07 17:37:27.243848
FHB,881067008.0,2026-10-07 17:37:27.243848
FHI,1934012032.0,2026-10-07 17:37:27.243848
FHN,3500999936.0,2026-10-07 17:37:27.243848
FHN$E,,2026-10-07 17:37:27.243848
FHN$F,,2026-10-07 17:37:27.243848
FHN$H,,2026-10-07 17:37:27.243848
FHTX,36739000.0,2026-10-07 17:37:27.243848
FIBK,1058600000.0,2026-10-07 17:37:27.243848
FICO,2393574912.0,2026-10-07 17:37:27.243848
FIEE,13095827.0,2026-10-07 17:37:27.243848
FIG,1281470976.0,2026-10-07 17:37:27.243848
FIGR,619116032.0,2026-10-07 17:37:27.243848
FIGS,710078016.0,2026-10-07 17:37:27.243848
FIGX,,2026-10-07 17:37:27.243848
FIGXU,,2026-10-07 17:37:27.243848
FIGXW,,2026-10-07 17:37:27.243848
FINS,36096356.0,2026-10-07 17:37:27.243848
FINV,,2026-10-07 17:37:27.243848
FINW,116801000.0,2026-10-07 17:37:27.243848
FIP,659204992.0,2026-10-07 17:37:27.243848
FIRY,117482000.0,2026-09-22 15:19:17.140712
FIS,12199999488.0,2026-10-07 17:37:27.243848
FISI,243463008.0,2026-10-07 17:37:27.243848
FISK,782822016.0,2026-10-07 17:37:27.243848
FISN,,2026-09-18 14:43:30.195902
FISV,,2026-10-07 17:37:27.243848
FITB,10094999552.0,2026-10-07 17:37:27.243848
FITB$A,,2026-09-12 13:49:16.620674
FITB$I,,2026-09-12 13:49:16.620674
FITB$K,,2026-09-12 13:49:16.620674
FITB$M,,2026-09-12 13:49:16.620674
FITBI,8126000128.0,2026-06-08 04:04:44.068028
FITBM,8999999488.0,2026-06-08 04:04:44.068028
FITBO,8999999488.0,2026-06-08 04:04:44.068028
FITBP,8999999488.0,2026-06-08 04:04:44.068028
FIVE,5313867776.0,2026-10-07 17:37:27.243848
FIVN,1203876992.0,2026-10-07 17:37:27.243848
FIX,11228023808.0,2026-10-07 17:37:27.243848
FIZZ,1180699008.0,2026-10-07 17:37:27.243848
FJDI,,2026-09-24 15:38:57.194228
FJDIR,,2026-09-24 15:38:57.194228
FJDIU,,2026-10-03 15:01:17.985862
FJDIW,,2026-09-24 15:38:57.194228
FJET,,2026-10-07 17:37:27.243848
FKWL,36514404.0,2026-10-07 17:37:27.243848
FLC,20978970.0,2026-10-07 17:37:27.243848
FLD,28212128.0,2026-10-07 17:37:27.243848
FLDDW,28212128.0,2026-10-07 17:37:27.243848
FLEX,29266999296.0,2026-10-07 17:37:27.243848
FLG,2031000064.0,2026-10-07 17:37:27.243848
FLG$A,,2026-10-07 17:37:27.243848
FLG$U,,2026-10-07 17:37:27.243848
FLGT,323932000.0,2026-10-07 17:37:27.243848
FLL,305856992.0,2026-10-07 17:37:27.243848
FLNA,,2026-10-07 17:37:27.243848
FLNC,2631864064.0,2026-10-07 17:37:27.243848
FLNG,360472992.0,2026-10-07 17:37:27.243848
FLNT,202148992.0,2026-10-07 17:37:27.243848
FLO,5223925760.0,2026-10-07 17:37:27.243848
FLOC,819542976.0,2026-10-07 17:37:27.243848
FLR,15534999552.0,2026-10-07 17:37:27.243848
FLS,4634068992.0,2026-10-07 17:37:27.243848
FLUT,17160999936.0,2026-10-07 17:37:27.243848
FLUX,42132000.0,2026-10-07 17:37:27.243848
FLWS,1503511040.0,2026-10-07 17:37:27.243848
FLX,,2026-10-07 17:37:27.243848
FLXS,459177984.0,2026-10-07 17:37:27.243848
FLY,287012992.0,2026-10-07 17:37:27.243848
FLYE,16483299.0,2026-10-07 17:37:27.243848
FLYW,713537984.0,2026-10-07 17:37:27.243848
FLYX,403894016.0,2026-10-07 17:37:27.243848
FLYX-W,,2026-10-07 17:37:27.243848
FLZH,17399438.0,2026-08-17 11:18:36.723989
FMAC,,2026-10-07 17:37:27.243848
FMACR,,2026-10-07 17:37:27.243848
FMACU,,2026-10-07 17:37:27.243848
FMAO,128996000.0,2026-10-07 17:37:27.243848
FMBH,373360000.0,2026-10-07 17:37:27.243848
FMC,3251200000.0,2026-10-07 17:37:27.243848
FMFC,17128068.0,2026-10-07 17:37:27.243848
FMN,7705711.0,2026-10-07 17:37:27.243848
FMNB,218424992.0,2026-10-07 17:37:27.243848
FMS,,2026-10-07 17:37:27.243848
FMST,,2026-10-07 17:37:27.243848
FMSTW,,2026-10-07 17:37:27.243848
FMX,,2026-10-07 17:37:27.243848
FMY,3101494.0,2026-10-07 17:37:27.243848
FN,4641097216.0,2026-10-07 17:37:27.243848
FNB,1744899968.0,2026-10-07 17:37:27.243848
FND,4711746048.0,2026-10-07 17:37:27.243848
FNF,15349999616.0,2026-10-07 17:37:27.243848
FNGD,,2026-10-07 17:37:27.243848
FNGO,,2026-10-07 17:37:27.243848
FNGR,16323607.0,2026-10-07 17:37:27.243848
FNKO,932638976.0,2026-10-07 17:37:27.243848
FNLC,98814000.0,2026-10-07 17:37:27.243848
FNRN,75346000.0,2026-10-07 17:37:27.243848
FNUC,,2026-10-07 17:37:27.243848
FNV,2300800000.0,2026-10-07 17:37:27.243848
FNWB,68995000.0,2026-10-07 17:37:27.243848
FNWD,69003000.0,2026-10-07 17:37:27.243848
FOA,336991008.0,2026-10-07 17:37:27.243848
FOCL,79314000.0,2026-10-07 17:37:27.243848
FOF,,2026-10-07 17:37:27.243848
FOFO,1362976.0,2026-10-07 17:37:27.243848
FOIL,,2026-09-11 14:46:03.412100
FOR,1724800000.0,2026-10-07 17:37:27.243848
FORM,902225024.0,2026-10-07 17:37:27.243848
FORR,381040000.0,2026-10-07 17:37:27.243848
FORTY,2925737984.0,2026-10-07 17:37:27.243848
FOSL,985174016.0,2026-10-07 17:37:27.243848
FOUR,4782000128.0,2026-10-07 17:37:27.243848
FOUR$A,,2026-10-07 17:37:27.243848
FOX,17125999616.0,2026-10-07 17:37:27.243848
FOXA,17125999616.0,2026-10-07 17:37:27.243848
FOXF,1464205952.0,2026-10-07 17:37:27.243848
FOXX,52584432.0,2026-10-07 17:37:27.243848
FOXXW,52584432.0,2026-10-07 17:37:27.243848
FPF,,2026-10-07 17:37:27.243848
FPH,116873000.0,2026-10-07 17:37:27.243848
FPI,51064000.0,2026-10-07 17:37:27.243848
FPS,1420059008.0,2026-10-07 17:37:27.243848
FR,760369984.0,2026-10-07 17:37:27.243848
FRA,39110368.0,2026-10-07 17:37:27.243848
FRAF,91346000.0,2026-10-07 17:37:27.243848
FRBA,134200000.0,2026-10-07 17:37:27.243848
FRBT,325017984.0,2026-09-11 14:46:03.412100
FRD,752107008.0,2026-10-07 17:37:27.243848
FRGT,13062534.0,2026-10-07 17:37:27.243848
FRHC,1752349056.0,2026-10-07 17:37:27.243848
FRME,642190976.0,2026-10-07 17:37:27.243848
FRMEP,642190976.0,2026-10-07 17:37:27.243848
FRMI,,2026-10-07 17:37:27.243848
FRMM,10771000.0,2026-10-07 17:37:27.243848
FRNM,35410000.0,2026-09-20 14:23:53.357029
FRO,2714702080.0,2026-10-07 17:37:27.243848
FROG,599961984.0,2026-10-07 17:37:27.243848
FRPH,33638000.0,2026-10-07 17:37:27.243848
FRPT,1177308032.0,2026-10-07 17:37:27.243848
FRSH,903868032.0,2026-10-07 17:37:27.243848
FRST,213704992.0,2026-10-07 17:37:27.243848
FRSX,445000.0,2026-10-07 17:37:27.243848
FRT,1335422976.0,2026-10-07 17:37:27.243848
FRT$C,,2026-10-07 17:37:27.243848
FRTT,13279000.0,2026-10-08 17:40:28.174371
FRVO,312000.0,2026-10-07 17:37:27.243848
FSBC,167608992.0,2026-10-07 17:37:27.243848
FSBW,144935008.0,2026-10-07 17:37:27.243848
FSCO,,2026-10-07 17:37:27.243848
FSEA,16158000.0,2026-09-07 16:14:03.042793
FSHP,,2026-10-07 17:37:27.243848
FSHPR,,2026-10-07 17:37:27.243848
FSHPU,,2026-10-07 17:37:27.243848
FSI,35581380.0,2026-10-07 17:37:27.243848
FSK,1315000064.0,2026-10-07 17:37:27.243848
FSLR,5378071040.0,2026-10-07 17:37:27.243848
FSLY,687172992.0,2026-10-07 17:37:27.243848
FSM,1182487040.0,2026-10-07 17:37:27.243848
FSP,105920000.0,2026-10-07 17:37:27.243848
FSS,2447899904.0,2026-10-07 17:37:27.243848
FSSL,194772000.0,2026-10-07 17:37:27.243848
FSTR,558353024.0,2026-10-07 17:37:27.243848
FSUN,446638016.0,2026-10-07 17:37:27.243848
FSV,5597270016.0,2026-10-07 17:37:27.243848
FT,15262410.0,2026-10-07 17:37:27.243848
FTAI,3112873984.0,2026-10-07 17:37:27.243848
FTAIM,3112873984.0,2026-10-07 17:37:27.243848
FTAIN,2836026112.0,2026-06-08 04:04:44.068028
FTCI,102313000.0,2026-10-07 17:37:27.243848
FTDR,2146000000.0,2026-10-07 17:37:27.243848
FTEK,27302000.0,2026-10-07 17:37:27.243848
FTF,32125984.0,2026-10-07 17:37:27.243848
FTFT,3239235.0,2026-10-07 17:37:27.243848
FTH,,2026-09-16 15:15:02.811913
FTHA,,2026-09-22 15:19:17.140712
FTHAU,,2026-10-07 17:37:27.243848
FTHAW,,2026-09-22 15:19:17.140712
FTHM,406932992.0,2026-10-07 17:37:27.243848
FTHY,,2026-10-07 17:37:27.243848
FTI,10420100096.0,2026-10-07 17:37:27.243848
FTK,292968000.0,2026-10-07 17:37:27.243848
FTLF,101269000.0,2026-10-07 17:37:27.243848
FTNT,7527399936.0,2026-10-07 17:37:27.243848
FTRA,,2026-09-27 15:28:41.135149
FTRA-U,,2026-10-07 17:37:27.243848
FTRA-W,,2026-09-27 15:28:41.135149
FTRE,2676499968.0,2026-10-07 17:37:27.243848
FTRK,,2026-08-08 11:21:45.491621
FTS,,2026-10-07 17:37:27.243848
FTV,4315800064.0,2026-10-07 17:37:27.243848
FTW,179054000.0,2026-10-07 17:37:27.243848
FTW-W,,2026-10-07 17:37:27.243848
FUBO,5711988224.0,2026-10-07 17:37:27.243848
FUFU,399512992.0,2026-10-07 17:37:27.243848
FUFUW,399512992.0,2026-10-07 17:37:27.243848
FUL,3554076928.0,2026-10-07 17:37:27.243848
FULC,,2026-10-07 17:37:27.243848
FULT,1333516032.0,2026-10-07 17:37:27.243848
FULTP,1333516032.0,2026-10-07 17:37:27.243848
FUN,3058387968.0,2026-10-07 17:37:27.243848
FUNC,90429000.0,2026-10-07 17:37:27.243848
FUND,8308147.0,2026-10-07 17:37:27.243848
FURY,,2026-10-07 17:37:27.243848
FUSB,39834000.0,2026-10-07 17:37:27.243848
FUSE,7400000.0,2026-10-07 17:37:27.243848
FUSEW,7400000.0,2026-10-07 17:37:27.243848
FUTU,,2026-10-07 17:37:27.243848
FVAV,,2026-10-07 17:37:27.243848
FVCB,72811000.0,2026-10-07 17:37:27.243848
FVN,,2026-10-07 17:37:27.243848
FVNNR,,2026-10-07 17:37:27.243848
FVNNU,,2026-10-07 17:37:27.243848
FVR,68760000.0,2026-10-07 17:37:27.243848
FVRR,418351008.0,2026-10-07 17:37:27.243848
FWAC,,2026-09-29 16:42:51.379190
FWACR,,2026-09-29 16:42:51.379190
FWACU,,2026-09-27 15:28:41.135149
FWACW,,2026-09-29 16:42:51.379190
FWDI,53121448.0,2026-10-07 17:37:27.243848
FWONA,4020999936.0,2026-10-07 17:37:27.243848
FWONK,4020999936.0,2026-10-07 17:37:27.243848
FWRD,2518074880.0,2026-10-07 17:37:27.243848
FWRG,1318004992.0,2026-10-07 17:37:27.243848
FXAC,,2026-10-06 17:00:28.501908
FXACU,,2026-10-07 17:37:27.243848
FXACW,,2026-10-06 17:00:28.501908
FXHO,,2026-10-01 17:13:08.883541
FXNC,90947000.0,2026-10-07 17:37:27.243848
G,5250044928.0,2026-10-07 17:37:27.243848
GAB,41949764.0,2026-10-07 17:37:27.243848
GAB$G,,2026-10-07 17:37:27.243848
GAB$H,,2026-10-07 17:37:27.243848
GAB$K,,2026-10-07 17:37:27.243848
GABC,379750016.0,2026-10-07 17:37:27.243848
GAIA,98125000.0,2026-10-07 17:37:27.243848
GAIN,103888000.0,2026-10-07 17:37:27.243848
GAING,,2026-10-07 17:37:27.243848
GAINI,91472000.0,2026-10-07 17:37:27.243848
GAINZ,,2026-10-07 17:37:27.243848
GALT,,2026-10-07 17:37:27.243848
GAM,24420732.0,2026-10-07 17:37:27.243848
GAM$B,,2026-10-07 17:37:27.243848
GAMB,165252000.0,2026-07-08 12:16:10.868133
GAME,62782580.0,2026-10-07 17:37:27.243848
GANX,,2026-10-07 17:37:27.243848
GAP,15326000128.0,2026-10-07 17:37:27.243848
GASS,169653520.0,2026-10-07 17:37:27.243848
GATX,2052099968.0,2026-10-07 17:37:27.243848
GAU,530547008.0,2026-10-07 17:37:27.243848
GAUZ,96810000.0,2026-10-07 17:37:27.243848
GBAB,,2026-10-07 17:37:27.243848
GBCI,1129170048.0,2026-10-07 17:37:27.243848
GBDC,800712000.0,2026-10-07 17:37:27.243848
GBFH,75313000.0,2026-10-07 17:37:27.243848
GBLI,456406016.0,2026-10-07 17:37:27.243848
GBR,157000.0,2026-10-07 17:37:27.243848
GBTG,3176000000.0,2026-09-07 16:14:03.042793
GBX,2629600000.0,2026-10-07 17:37:27.243848
GCBC,90548000.0,2026-10-07 17:37:27.243848
GCDT,,2026-10-07 17:37:27.243848
GCGR,,2026-09-22 15:19:17.140712
GCGRU,,2026-10-07 17:37:27.243848
GCGRW,,2026-09-22 15:19:17.140712
GCL,238924096.0,2026-10-07 17:37:27.243848
GCLWW,238924096.0,2026-10-07 17:37:27.243848
GCMG,566899968.0,2026-10-07 17:37:27.243848
GCO,2433040896.0,2026-10-07 17:37:27.243848
GCT,1466515968.0,2026-10-07 17:37:27.243848
GCTK,,2026-10-07 17:37:27.243848
GCTS,4079000.0,2026-10-07 17:37:27.243848
GCTS-W,,2026-10-07 17:37:27.243848
GCV,1990602.0,2026-10-07 17:37:27.243848
GD,54861000704.0,2026-10-07 17:37:27.243848
GDC,,2026-10-07 17:37:27.243848
GDDY,5104099840.0,2026-10-07 17:37:27.243848
GDEV,380392992.0,2026-10-07 17:37:27.243848
GDEVW,404345984.0,2026-08-08 11:21:45.491621
GDHG,11353171.0,2026-10-07 17:37:27.243848
GDL,,2026-10-07 17:37:27.243848
GDO,,2026-10-07 17:37:27.243848
GDOT,2288058112.0,2026-10-07 17:37:27.243848
GDRX,785230016.0,2026-10-07 17:37:27.243848
GDS,,2026-10-07 17:37:27.243848
GDTC,,2026-10-07 17:37:27.243848
GDV,65451108.0,2026-10-07 17:37:27.243848
GDV$H,,2026-10-07 17:37:27.243848
GDV$K,,2026-10-07 17:37:27.243848
GDYN,422580992.0,2026-10-07 17:37:27.243848
GE,50638999552.0,2026-10-07 17:37:27.243848
GECC,43656000.0,2026-10-07 17:37:27.243848
GECCG,,2026-10-07 17:37:27.243848
GECCH,,2026-10-07 17:37:27.243848
GECCI,,2026-10-07 17:37:27.243848
GEF,4302854144.0,2026-10-07 17:37:27.243848
GEF-B,4302854144.0,2026-10-07 17:37:27.243848
GEG,27776000.0,2026-10-07 17:37:27.243848
GEGGL,,2026-10-07 17:37:27.243848
GEHC,21265999872.0,2026-10-07 17:37:27.243848
GEL,1833305984.0,2026-10-07 17:37:27.243848
GELS,,2026-10-07 17:37:27.243848
GEMI,206708000.0,2026-10-07 17:37:27.243848
GEN,5079000064.0,2026-10-07 17:37:27.243848
GENB,26483000.0,2026-10-07 17:37:27.243848
GENC,110011000.0,2026-10-07 17:37:27.243848
GENI,790233984.0,2026-10-07 17:37:27.243848
GENK,209790000.0,2026-10-07 17:37:27.243848
GENVR,5079000064.0,2026-10-07 17:37:27.243848
GEO,2827321088.0,2026-10-07 17:37:27.243848
GEOS,91846000.0,2026-10-07 17:37:27.243848
GERN,204559008.0,2026-10-07 17:37:27.243848
GETY,978001984.0,2026-09-07 16:14:03.042793
GEV,41366999040.0,2026-10-07 17:37:27.243848
GEVO,177507008.0,2026-10-07 17:37:27.243848
GF,3531265.0,2026-10-07 17:37:27.243848
GFAI,36335288.0,2026-10-07 17:37:27.243848
GFAIW,35232700.0,2026-09-07 16:14:03.042793
GFF,2557586944.0,2026-10-07 17:37:27.243848
GFI,11370500096.0,2026-10-07 17:37:27.243848
GFL,,2026-10-07 17:37:27.243848
GFR,,2026-10-07 17:37:27.243848
GFR-R,,2026-08-25 11:20:25.121835
GFR-V,,2026-08-14 11:39:05.396090
GFS,6937999872.0,2026-10-07 17:37:27.243848
GFUZ,,2026-09-12 13:49:16.620674
GFUZW,,2026-09-12 13:49:16.620674
GGAL,,2026-10-07 17:37:27.243848
GGB,,2026-10-07 17:37:27.243848
GGG,2267209984.0,2026-10-07 17:37:27.243848
GGN,24536834.0,2026-10-07 17:37:27.243848
GGN$B,,2026-10-07 17:37:27.243848
GGR,285580000.0,2026-10-07 17:37:27.243848
GGROW,285580000.0,2026-10-07 17:37:27.243848
GGRP,6854195.0,2026-08-08 11:21:45.491621
GGT,5257527.0,2026-10-07 17:37:27.243848
GGT$E,,2026-10-07 17:37:27.243848
GGT$G,,2026-10-07 17:37:27.243848
GGZ,,2026-10-07 17:37:27.243848
GH,1183105024.0,2026-10-07 17:37:27.243848
GHC,5068374016.0,2026-10-07 17:37:27.243848
GHG,,2026-10-07 17:37:27.243848
GHI,33210116.0,2026-10-07 17:37:27.243848
GHM,261148000.0,2026-10-07 17:37:27.243848
GHRS,,2026-10-07 17:37:27.243848
GHXI,,2026-09-13 14:44:59.818209
GHXIU,,2026-09-23 15:14:42.240648
GHXIW,,2026-09-13 14:44:59.818209
GHY,,2026-10-07 17:37:27.243848
GIB,,2026-10-07 17:37:27.243848
GIBO,,2026-10-07 17:37:27.243848
GIBOW,,2026-10-07 17:37:27.243848
GIC,1436199936.0,2026-10-07 17:37:27.243848
GIFT,83108400.0,2026-10-07 17:37:27.243848
GIGM,4627000.0,2026-10-07 17:37:27.243848
GIII,2850191872.0,2026-10-07 17:37:27.243848
GIL,4737478144.0,2026-10-07 17:37:27.243848
GILD,30456999936.0,2026-10-07 17:37:27.243848
GILT,487787008.0,2026-10-07 17:37:27.243848
GIPR,9220935.0,2026-10-07 17:37:27.243848
GIPRW,9220935.0,2026-09-07 16:14:03.042793
GIS,18296600576.0,2026-10-07 17:37:27.243848
GITS,2125.0,2026-10-07 17:37:27.243848
GIW,,2026-10-07 17:37:27.243848
GIWWR,,2026-10-07 17:37:27.243848
GIWWU,,2026-10-07 17:37:27.243848
GIX,,2026-10-07 17:37:27.243848
GIXI,,2026-10-01 17:13:08.883541
GIXXR,,2026-10-07 17:37:27.243848
GIXXU,,2026-10-07 17:37:27.243848
GJH,,2026-10-07 17:37:27.243848
GJO,,2026-10-07 17:37:27.243848
GJP,,2026-10-07 17:37:27.243848
GJR,,2026-10-07 17:37:27.243848
GJS,,2026-10-07 17:37:27.243848
GJT,,2026-10-07 17:37:27.243848
GKOS,612838976.0,2026-10-07 17:37:27.243848
GL,6191958016.0,2026-10-07 17:37:27.243848
GL$D,,2026-10-07 17:37:27.243848
GLAD,98934000.0,2026-10-07 17:37:27.243848
GLAS,176976000.0,2026-09-29 16:42:51.379190
GLBE,1108521984.0,2026-10-07 17:37:27.243848
GLBS,52907000.0,2026-10-07 17:37:27.243848
GLDG,,2026-10-07 17:37:27.243848
GLE,,2026-10-07 17:37:27.243848
GLED,,2026-10-07 17:37:27.243848
GLED-R,,2026-10-07 17:37:27.243848
GLED-U,,2026-10-07 17:37:27.243848
GLIBA,1036000000.0,2026-10-07 17:37:27.243848
GLIBK,1036000000.0,2026-10-07 17:37:27.243848
GLMD,,2026-09-07 16:14:03.042793
GLND,,2026-10-07 17:37:27.243848
GLNDW,,2026-10-07 17:37:27.243848
GLNG,523380000.0,2026-10-07 17:37:27.243848
GLO,7522122.0,2026-10-07 17:37:27.243848
GLOB,2451113984.0,2026-10-07 17:37:27.243848
GLOO,154288000.0,2026-10-07 17:37:27.243848
GLOP$A,,2026-10-07 17:37:27.243848
GLOP$B,,2026-10-07 17:37:27.243848
GLOP$C,,2026-10-07 17:37:27.243848
GLP,21456187392.0,2026-10-07 17:37:27.243848
GLP$B,,2026-07-08 12:16:10.868133
GLPI,1655144960.0,2026-10-07 17:37:27.243848
GLQ,3195870.0,2026-10-07 17:37:27.243848
GLRE,691126976.0,2026-10-07 17:37:27.243848
GLSI,,2026-10-07 17:37:27.243848
GLU,4453357.0,2026-10-07 17:37:27.243848
GLU$A,,2026-10-07 17:37:27.243848
GLU$B,,2026-10-07 17:37:27.243848
GLUE,28727000.0,2026-10-07 17:37:27.243848
GLV,2961662.0,2026-10-07 17:37:27.243848
GLW,16963999744.0,2026-10-07 17:37:27.243848
GLXG,,2026-10-07 17:37:27.243848
GLXY,58366902272.0,2026-10-07 17:37:27.243848
GM,185527992320.0,2026-10-07 17:37:27.243848
GMAB,4131000064.0,2026-10-07 17:37:27.243848
GME,3550799872.0,2026-10-07 17:37:27.243848
GME-W,,2026-10-07 17:37:27.243848
GMED,3144933888.0,2026-10-07 17:37:27.243848
GMEX,5283696.0,2026-10-07 17:37:27.243848
GMHS,104651592.0,2026-10-07 17:37:27.243848
GMM,55941284.0,2026-10-07 17:37:27.243848
GMRS,5878219776.0,2026-10-07 17:37:27.243848
GMTL,,2026-10-07 17:37:27.243848
GNE,502624000.0,2026-10-07 17:37:27.243848
GNK,440688992.0,2026-10-07 17:37:27.243848
GNL,459727008.0,2026-10-07 17:37:27.243848
GNL$A,,2026-10-07 17:37:27.243848
GNL$B,,2026-10-07 17:37:27.243848
GNL$D,,2026-10-07 17:37:27.243848
GNL$E,,2026-10-07 17:37:27.243848
GNLN,2207000.0,2026-10-07 17:37:27.243848
GNLX,8000.0,2026-10-07 17:37:27.243848
GNPX,,2026-10-07 17:37:27.243848
GNRC,4438731776.0,2026-10-07 17:37:27.243848
GNS,12000663.0,2026-10-07 17:37:27.243848
GNSS,56893000.0,2026-10-07 17:37:27.243848
GNT,,2026-10-07 17:37:27.243848
GNT$A,,2026-10-07 17:37:27.243848
GNTA,,2026-10-07 17:37:27.243848
GNTX,2626380544.0,2026-10-07 17:37:27.243848
GNW,7381000192.0,2026-10-07 17:37:27.243848
GO,4742536192.0,2026-10-07 17:37:27.243848
GOAI,17324716.0,2026-10-07 17:37:27.243848
GOCO,152787008.0,2026-06-08 04:04:44.068028
GOF,,2026-10-07 17:37:27.243848
GOGO,903276032.0,2026-10-07 17:37:27.243848
GOLD,25513408512.0,2026-10-07 17:37:27.243848
GOLF,2707808000.0,2026-10-07 17:37:27.243848
GOOD,170200000.0,2026-10-07 17:37:27.243848
GOODN,170200000.0,2026-10-07 17:37:27.243848
GOODO,,2026-10-07 17:37:27.243848
GOOG,445865984000.0,2026-10-07 17:37:27.243848
GOOGL,445865984000.0,2026-10-07 17:37:27.243848
GOOGM,,2026-10-08 17:40:28.174371
GOOGN,,2026-10-08 17:40:28.174371
GOOS,,2026-10-07 17:37:27.243848
GORO,55338000.0,2026-10-07 17:37:27.243848
GOSS,53286000.0,2026-10-07 17:37:27.243848
GOTU,,2026-10-07 17:37:27.243848
GOVX,0.0,2026-10-07 17:37:27.243848
GOW,,2026-09-28 18:19:46.995311
GP,15278260.0,2026-10-07 17:37:27.243848
GPAC,,2026-10-07 17:37:27.243848
GPACU,,2026-10-07 17:37:27.243848
GPACW,,2026-10-07 17:37:27.243848
GPAT,,2026-10-07 17:37:27.243848
GPATU,,2026-10-07 17:37:27.243848
GPATW,,2026-10-07 17:37:27.243848
GPC,25071538176.0,2026-10-07 17:37:27.243848
GPCR,,2026-10-07 17:37:27.243848
GPGI,24000.0,2026-10-07 17:37:27.243848
GPI,22154799104.0,2026-10-07 17:37:27.243848
GPJA,,2026-10-07 17:37:27.243848
GPK,8636999680.0,2026-10-07 17:37:27.243848
GPMT,-28987000.0,2026-10-07 17:37:27.243848
GPMT$A,,2026-10-07 17:37:27.243848
GPN,10206745600.0,2026-10-07 17:37:27.243848
GPOR,1361953024.0,2026-10-07 17:37:27.243848
GPRE,1829363968.0,2026-10-07 17:37:27.243848
GPRK,507080000.0,2026-10-07 17:37:27.243848
GPRO,568590016.0,2026-10-07 17:37:27.243848
GPUS,130155000.0,2026-10-07 17:37:27.243848
GPUS$D,,2026-10-07 17:37:27.243848
GRAB,3731000064.0,2026-10-07 17:37:27.243848
GRABW,3731000064.0,2026-10-07 17:37:27.243848
GRAF,,2026-07-08 12:16:10.868133
GRAF-U,,2026-07-08 12:16:10.868133
GRAF-W,,2026-07-08 12:16:10.868133
GRAL,165263008.0,2026-10-07 17:37:27.243848
GRAN,2576874.0,2026-10-07 17:37:27.243848
GRBK,1969293952.0,2026-10-07 17:37:27.243848
GRBK$A,,2026-10-07 17:37:27.243848
GRC,702052992.0,2026-10-07 17:37:27.243848
GRCE,,2026-10-07 17:37:27.243848
GRDN,1463405952.0,2026-10-07 17:37:27.243848
GRDX,,2026-10-07 17:37:27.243848
GREE,60369000.0,2026-07-08 12:16:10.868133
GREEL,,2026-10-07 17:37:27.243848
GRF,901549.0,2026-10-07 17:37:27.243848
GRFS,,2026-10-07 17:37:27.243848
GRI,,2026-10-07 17:37:27.243848
GRML,,2026-10-07 17:37:27.243848
GRMLW,,2026-10-07 17:37:27.243848
GRMN,7671437824.0,2026-10-07 17:37:27.243848
GRN,,2026-10-07 17:37:27.243848
GRND,509819008.0,2026-10-07 17:37:27.243848
GRNQ,2001263.0,2026-10-07 17:37:27.243848
GRNT,472492992.0,2026-10-07 17:37:27.243848
GRO,,2026-10-07 17:37:27.243848
GROV,158936000.0,2026-10-07 17:37:27.243848
GROW,10251000.0,2026-10-07 17:37:27.243848
GROY,22559000.0,2026-10-07 17:37:27.243848
GROY-W,,2026-10-07 17:37:27.243848
GRPN,497408000.0,2026-10-07 17:37:27.243848
GRRR,140396048.0,2026-10-07 17:37:27.243848
GRRRW,140396048.0,2026-10-07 17:37:27.243848
GRSD,163422000.0,2026-09-22 15:19:17.140712
GRVY,,2026-10-07 17:37:27.243848
GRWG,166680992.0,2026-10-07 17:37:27.243848
GRX,,2026-10-07 17:37:27.243848
GS,67569999872.0,2026-10-07 17:37:27.243848
GS$A,,2026-10-07 17:37:27.243848
GS$C,,2026-10-07 17:37:27.243848
GS$D,,2026-10-07 17:37:27.243848
GSAT,280641984.0,2026-10-07 17:37:27.243848
GSBC,226831008.0,2026-10-07 17:37:27.243848
GSBD,340175008.0,2026-10-07 17:37:27.243848
GSHD,401644000.0,2026-10-07 17:37:27.243848
GSHR,,2026-10-07 17:37:27.243848
GSHRU,,2026-10-07 17:37:27.243848
GSHRW,,2026-10-07 17:37:27.243848
GSIT,25151000.0,2026-10-07 17:37:27.243848
GSIW,7241991.0,2026-10-07 17:37:27.243848
GSK,,2026-10-07 17:37:27.243848
GSL,760760000.0,2026-10-07 17:37:27.243848
GSL$B,,2026-10-07 17:37:27.243848
GSM,1367444992.0,2026-10-07 17:37:27.243848
GSRF,,2026-10-07 17:37:27.243848
GSRFR,,2026-10-07 17:37:27.243848
GSRFU,,2026-10-07 17:37:27.243848
GSRV,,2026-10-01 17:13:08.883541
GSRVR,,2026-10-01 17:13:08.883541
GSRVU,,2026-10-07 17:37:27.243848
GSUN,40468852.0,2026-10-07 17:37:27.243848
GT,17692999680.0,2026-10-07 17:37:27.243848
GTBP,,2026-10-07 17:37:27.243848
GTE,638420992.0,2026-10-07 17:37:27.243848
GTEC,102712328.0,2026-10-07 17:37:27.243848
GTEN,,2026-10-07 17:37:27.243848
GTENU,,2026-10-07 17:37:27.243848
GTENW,,2026-10-07 17:37:27.243848
GTERA,,2026-10-07 17:37:27.243848
GTERR,,2026-10-07 17:37:27.243848
GTERU,,2026-10-07 17:37:27.243848
GTERW,,2026-10-07 17:37:27.243848
GTES,3504600064.0,2026-10-07 17:37:27.243848
GTIM,135098000.0,2026-10-07 17:37:27.243848
GTLB,1055166976.0,2026-10-07 17:37:27.243848
GTLS,4147300096.0,2026-07-08 12:16:10.868133
GTM,1257699968.0,2026-10-07 17:37:27.243848
GTN,3148000000.0,2026-10-07 17:37:27.243848
GTN-A,3148000000.0,2026-10-07 17:37:27.243848
GTX,3753999872.0,2026-10-07 17:37:27.243848
GTY,233035008.0,2026-10-07 17:37:27.243848
GUAC,,2026-10-06 17:00:28.501908
GUACU,,2026-10-07 17:37:27.243848
GUACW,,2026-10-06 17:00:28.501908
GUG,,2026-10-07 17:37:27.243848
GURE,30725706.0,2026-10-07 17:37:27.243848
GUT,11768990.0,2026-10-07 17:37:27.243848
GUT$C,,2026-10-07 17:37:27.243848
GUTS,,2026-10-07 17:37:27.243848
GV,5044297.0,2026-07-08 12:16:10.868133
GVA,4967204864.0,2026-10-07 17:37:27.243848
GVH,24658938.0,2026-10-07 17:37:27.243848
GWAV,60602188.0,2026-10-07 17:37:27.243848
GWH,-1173000.0,2026-09-07 16:14:03.042793
GWH-W,,2026-06-08 04:04:44.068028
GWRE,1475362944.0,2026-10-07 17:37:27.243848
GWRS,60113000.0,2026-10-07 17:37:27.243848
GWW,18844999680.0,2026-10-07 17:37:27.243848
GXAI,6005051.0,2026-10-07 17:37:27.243848
GXO,13640999936.0,2026-10-07 17:37:27.243848
GYGY,46453.0,2026-09-29 16:42:51.379190
GYRE,109818000.0,2026-10-07 17:37:27.243848
GYRO,2738019.0,2026-10-07 17:37:27.243848
H,3385999872.0,2026-10-07 17:37:27.243848
HACQ,,2026-10-07 17:37:27.243848
HACQU,,2026-10-07 17:37:27.243848
HACQW,,2026-10-07 17:37:27.243848
HAE,1352013056.0,2026-10-07 17:37:27.243848
HAFC,277920000.0,2026-10-07 17:37:27.243848
HAFN,2666844928.0,2026-10-07 17:37:27.243848
HAIN,1353428992.0,2026-10-07 17:37:27.243848
HAL,22372999168.0,2026-10-07 17:37:27.243848
HALO,1663737984.0,2026-10-07 17:37:27.243848
HAO,54828832.0,2026-10-07 17:37:27.243848
HAPN,1393619968.0,2026-09-22 15:19:17.140712
HAS,4973199872.0,2026-10-07 17:37:27.243848
HASI,127338000.0,2026-10-07 17:37:27.243848
HAVA,,2026-10-07 17:37:27.243848
HAVAR,,2026-10-07 17:37:27.243848
HAVAU,,2026-10-07 17:37:27.243848
HAWK,167640000.0,2026-10-07 17:37:27.243848
HAYW,1167304960.0,2026-10-07 17:37:27.243848
HBAN,9176999936.0,2026-10-07 17:37:27.243848
HBANL,9176999936.0,2026-10-07 17:37:27.243848
HBANM,9176999936.0,2026-10-07 17:37:27.243848
HBANP,9176999936.0,2026-10-07 17:37:27.243848
HBANZ,9176999936.0,2026-10-07 17:37:27.243848
HBB,610305024.0,2026-10-07 17:37:27.243848
HBCP,152004000.0,2026-10-07 17:37:27.243848
HBIO,87808000.0,2026-10-07 17:37:27.243848
HBM,2468300032.0,2026-10-07 17:37:27.243848
HBNB,75866088.0,2026-10-07 17:37:27.243848
HBNC,-12384000.0,2026-10-07 17:37:27.243848
HBT,265922000.0,2026-10-07 17:37:27.243848
HCA,78012997632.0,2026-10-07 17:37:27.243848
HCAC,,2026-10-07 17:37:27.243848
HCACR,,2026-10-07 17:37:27.243848
HCACU,,2026-10-07 17:37:27.243848
HCAI,9048287.0,2026-10-07 17:37:27.243848
HCAT,292244992.0,2026-10-07 17:37:27.243848
HCC,1682455040.0,2026-10-07 17:37:27.243848
HCHL,4961238.0,2026-10-07 17:37:27.243848
HCI,952128000.0,2026-10-07 17:37:27.243848
HCIC,,2026-10-07 17:37:27.243848
HCICR,,2026-10-07 17:37:27.243848
HCICU,,2026-10-07 17:37:27.243848
HCKT,283171008.0,2026-10-07 17:37:27.243848
HCM,549121984.0,2026-10-07 17:37:27.243848
HCMA,,2026-10-07 17:37:27.243848
HCMAU,,2026-10-07 17:37:27.243848
HCMAW,,2026-10-07 17:37:27.243848
HCSG,1864594048.0,2026-10-07 17:37:27.243848
HCTI,25674000.0,2026-10-07 17:37:27.243848
HCWB,6721186.0,2026-10-07 17:37:27.243848
HCWC,72600960.0,2026-09-07 16:14:03.042793
HCXY,,2026-10-07 17:37:27.243848
HD,169176006656.0,2026-10-07 17:37:27.243848
HDB,,2026-10-07 17:37:27.243848
HDL,888776000.0,2026-10-07 17:37:27.243848
HDRN,,2026-10-07 17:37:27.243848
HDRNW,,2026-10-07 17:37:27.243848
HDSN,256918000.0,2026-10-07 17:37:27.243848
HE,3282584064.0,2026-10-07 17:37:27.243848
HEI,5176756224.0,2026-10-07 17:37:27.243848
HEI-A,5176756224.0,2026-10-07 17:37:27.243848
HELE,1816749952.0,2026-10-07 17:37:27.243848
HELP,,2026-10-07 17:37:27.243848
HEPS,,2026-10-07 17:37:27.243848
HEQ,,2026-10-07 17:37:27.243848
HERE,,2026-10-07 17:37:27.243848
HERZ,3238668.0,2026-10-07 17:37:27.243848
HESM,1614200064.0,2026-10-07 17:37:27.243848
HFBL,23867000.0,2026-10-07 17:37:27.243848
HFFG,1250784000.0,2026-10-07 17:37:27.243848
HFRO,,2026-10-07 17:37:27.243848
HFRO$A,,2026-10-07 17:37:27.243848
HFRO$B,,2026-10-07 17:37:27.243848
HFWA,295079008.0,2026-10-07 17:37:27.243848
HG,2991499008.0,2026-10-07 17:37:27.243848
HGBL,48205000.0,2026-10-07 17:37:27.243848
HGLB,,2026-10-07 17:37:27.243848
HGTY,1415395968.0,2026-10-07 17:37:27.243848
HGV,4704000000.0,2026-10-07 17:37:27.243848
HHH,2372928000.0,2026-10-07 17:37:27.243848
HHS,154626000.0,2026-10-07 17:37:27.243848
HIFS,119529000.0,2026-10-07 17:37:27.243848
HIG,29315000320.0,2026-10-07 17:37:27.243848
HIG$G,,2026-10-07 17:37:27.243848
HIHO,5257000.0,2026-10-07 17:37:27.243848
HII,13185000448.0,2026-10-07 17:37:27.243848
HIMS,2578112000.0,2026-10-07 17:37:27.243848
HIMX,828627008.0,2026-10-07 17:37:27.243848
HIND,129725.0,2026-10-07 17:37:27.243848
HIO,32888322.0,2026-10-07 17:37:27.243848
HIPO,507100000.0,2026-10-07 17:37:27.243848
HIT,32826944.0,2026-10-07 17:37:27.243848
HITI,,2026-10-07 17:37:27.243848
HIVE,331300000.0,2026-10-07 17:37:27.243848
HIW,838857024.0,2026-10-07 17:37:27.243848
HIX,48613600.0,2026-10-07 17:37:27.243848
HKD,136099008.0,2026-10-07 17:37:27.243848
HKIT,6536184.0,2026-10-07 17:37:27.243848
HKPD,13433507.0,2026-10-07 17:37:27.243848
HL,1743976960.0,2026-10-07 17:37:27.243848
HL$B,,2026-10-07 17:37:27.243848
HLF,5200699904.0,2026-10-07 17:37:27.243848
HLI,2523515904.0,2026-10-07 17:37:27.243848
HLIO,891299968.0,2026-10-07 17:37:27.243848
HLIT,443884000.0,2026-10-07 17:37:27.243848
HLLY,613145984.0,2026-10-07 17:37:27.243848
HLLY-W,,2026-07-08 12:16:10.868133
HLMN,1602402048.0,2026-10-07 17:37:27.243848
HLN,,2026-10-07 17:37:27.243848
HLNE,858366016.0,2026-10-07 17:37:27.243848
HLP,19600692.0,2026-10-07 17:37:27.243848
HLSQ,,2026-09-11 14:46:03.412100
HLT,5104000000.0,2026-10-07 17:37:27.243848
HLX,1349219968.0,2026-08-08 11:21:45.491621
HLXC,,2026-10-07 17:37:27.243848
HMC,,2026-10-07 17:37:27.243848
HMH,762009984.0,2026-10-07 17:37:27.243848
HMN,1746099968.0,2026-10-07 17:37:27.243848
HMR,88047104.0,2026-10-07 17:37:27.243848
HMY,,2026-10-07 17:37:27.243848
HNGE,720060992.0,2026-10-07 17:37:27.243848
HNI,4392099840.0,2026-10-07 17:37:27.243848
HNNA,33343000.0,2026-10-07 17:37:27.243848
HNNAZ,,2026-06-08 04:04:44.068028
HNRG,454910016.0,2026-10-07 17:37:27.243848
HNST,342009984.0,2026-10-07 17:37:27.243848
HNVR,66821000.0,2026-10-07 17:37:27.243848
HODO,,2026-10-01 17:13:08.883541
HOFT,270414016.0,2026-10-07 17:37:27.243848
HOG,4239834880.0,2026-10-07 17:37:27.243848
HOLO,,2026-10-07 17:37:27.243848
HOLOW,,2026-10-07 17:37:27.243848
HOMB,1099376000.0,2026-10-07 17:37:27.243848
HON,38057000960.0,2026-10-07 17:37:27.243848
HONA,17915000832.0,2026-09-28 18:19:46.995311
HONAV,,2026-06-15 16:14:12.310724
HONIV,,2026-06-15 16:14:12.310724
HOOD,4931999744.0,2026-10-07 17:37:27.243848
HOPE,534027008.0,2026-10-07 17:37:27.243848
HOS,729377024.0,2026-10-02 16:26:48.954695
HOST,,2026-09-18 14:43:30.195902
HOUR,153374576.0,2026-10-07 17:37:27.243848
HOV,2823247104.0,2026-10-07 17:37:27.243848
HOVNP,,2026-10-07 17:37:27.243848
HOVR,,2026-10-07 17:37:27.243848
HOVRW,,2026-10-07 17:37:27.243848
HOWL,21000000.0,2026-10-07 17:37:27.243848
HP,3995992064.0,2026-10-07 17:37:27.243848
HPAI,36112744.0,2026-10-07 17:37:27.243848
HPAIW,36112744.0,2026-10-07 17:37:27.243848
HPE,41870999552.0,2026-10-07 17:37:27.243848
HPE$C,,2026-10-07 17:37:27.243848
HPF,37464308.0,2026-10-07 17:37:27.243848
HPI,46362796.0,2026-10-07 17:37:27.243848
HPK,862880000.0,2026-10-07 17:37:27.243848
HPP,812790016.0,2026-10-07 17:37:27.243848
HPP$C,,2026-10-07 17:37:27.243848
HPQ,59162001408.0,2026-10-07 17:37:27.243848
HPS,49924716.0,2026-10-07 17:37:27.243848
HQ,175.0,2026-10-07 17:37:27.243848
HQH,5541667.0,2026-10-07 17:37:27.243848
HQI,30151000.0,2026-10-07 17:37:27.243848
HQL,1109756.0,2026-10-07 17:37:27.243848
HQWWW,175.0,2026-10-07 17:37:27.243848
HQY,1362123008.0,2026-10-07 17:37:27.243848
HR,1147985024.0,2026-10-07 17:37:27.243848
HRB,3945392128.0,2026-10-07 17:37:27.243848
HRI,4856000000.0,2026-10-07 17:37:27.243848
HRL,12146911232.0,2026-10-07 17:37:27.243848
HRMY,959897984.0,2026-10-08 17:40:28.174371
HROW,275593984.0,2026-10-08 17:40:28.174371
HRTG,854630016.0,2026-10-08 17:40:28.174371
HRTX,151178000.0,2026-10-08 17:40:28.174371
HRZN,96107000.0,2026-10-08 17:40:28.174371
HSAI,,2026-10-08 17:40:28.174371
HSBC,67432001536.0,2026-10-08 17:40:28.174371
HSCS,4519.0,2026-10-08 17:40:28.174371
HSCSW,4519.0,2026-10-08 17:40:28.174371
HSDT,12072000.0,2026-10-08 17:40:28.174371
HSHP,167300000.0,2026-10-08 17:40:28.174371
HSIC,13601999872.0,2026-10-08 17:40:28.174371
HSLV,56227000.0,2026-10-08 17:40:28.174371
HSPT,,2026-06-08 14:44:06.982061
HSPTR,,2026-06-08 14:44:06.982061
HSPTU,,2026-06-08 14:44:06.982061
HST,6233999872.0,2026-10-08 17:40:28.174371
HSTM,321118016.0,2026-10-08 17:40:28.174371
HSY,12163911680.0,2026-10-08 17:40:28.174371
HTB,210070000.0,2026-10-08 17:40:28.174371
HTCO,252452432.0,2026-10-08 17:40:28.174371
HTCR,9082749.0,2026-10-08 17:40:31.774746
HTD,73050000.0,2026-10-08 17:40:31.774746
HTFC,,2026-10-08 17:40:31.774746
HTFL,212074000.0,2026-10-08 17:40:31.774746
HTGC,566172992.0,2026-10-08 17:40:31.774746
HTH,1270299008.0,2026-10-08 17:40:31.774746
HTHT,,2026-10-08 17:40:31.774746
HTLD,736284992.0,2026-10-08 17:40:31.774746
HTLM,395406432.0,2026-10-08 17:40:31.774746
HTO,828502976.0,2026-10-08 17:40:31.774746
HTOO,,2026-10-08 17:40:31.774746
HTT,,2026-10-08 17:40:31.774746
HTZ,8906000384.0,2026-10-08 17:40:31.774746
HTZWW,8906000384.0,2026-10-08 17:40:31.774746
HUBB,6223600128.0,2026-10-08 17:40:31.774746
HUBC,31662000.0,2026-10-08 17:40:31.774746
HUBCW,,2026-10-08 17:40:31.774746
HUBCZ,31662000.0,2026-10-08 17:40:31.774746
HUBG,3728869888.0,2026-10-08 17:40:31.774746
HUBS,3448997888.0,2026-10-08 17:40:31.774746
HUCK,,2026-09-24 15:38:57.194228
HUDI,58055372.0,2026-10-08 17:40:31.774746
HUHU,22279746.0,2026-10-08 17:40:31.774746
HUIZ,,2026-10-08 17:40:31.774746
HUM,145679007744.0,2026-10-08 17:40:31.774746
HUMA,2121000.0,2026-10-08 17:40:31.774746
HUMAW,2016000.0,2026-08-09 11:22:13.839405
HUN,5897999872.0,2026-10-08 17:40:31.774746
HURA,,2026-10-08 17:40:31.774746
HURC,183242000.0,2026-10-08 17:40:31.774746
HURN,1773988992.0,2026-10-08 17:40:31.774746
HUT,317952992.0,2026-10-08 17:40:31.774746
HUYA,,2026-10-08 17:40:31.774746
HVII,,2026-09-08 14:50:30.912313
HVIIR,,2026-09-08 14:50:30.912313
HVIIU,,2026-09-08 14:50:30.912313
HVMC,,2026-10-08 17:40:31.774746
HVMCU,,2026-10-08 17:40:31.774746
HVMCW,,2026-10-08 17:40:31.774746
HVT,780393984.0,2026-10-08 17:40:31.774746
HVT-A,780393984.0,2026-10-08 17:40:31.774746
HWBK,83925000.0,2026-10-08 17:40:31.774746
HWC,1412391040.0,2026-10-08 17:40:31.774746
HWCPZ,,2026-10-08 17:40:31.774746
HWH,389738.0,2026-09-08 14:50:30.912313
HWKN,1106098944.0,2026-10-08 17:40:31.774746
HWM,9116999680.0,2026-10-08 17:40:31.774746
HXHX,33040012.0,2026-10-08 17:40:31.774746
HXL,1978300032.0,2026-10-08 17:40:31.774746
HY,3510400000.0,2026-10-08 17:40:31.774746
HYAC-U,,2026-09-17 15:23:36.979615
HYFM,106208000.0,2026-10-08 17:40:31.774746
HYFT,,2026-10-08 17:40:31.774746
HYI,,2026-10-08 17:40:31.774746
HYLN,9247000.0,2026-10-08 17:40:31.774746
HYMC,,2026-10-08 17:40:31.774746
HYNE,17175494.0,2026-10-08 17:40:31.774746
HYPD,1400699.0,2026-10-08 17:40:31.774746
HYPR,16537000.0,2026-10-08 17:40:31.774746
HYT,159977216.0,2026-10-08 17:40:31.774746
HZO,2196001024.0,2026-10-08 17:40:31.774746
IA,93151208.0,2026-09-17 15:23:36.979615
IACO,,2026-10-08 17:40:31.774746
IACOU,,2026-10-08 17:40:31.774746
IACOW,,2026-10-08 17:40:31.774746
IACQ,,2026-09-18 14:43:30.195902
IACQU,,2026-10-08 17:40:31.774746
IACQW,,2026-09-18 14:43:30.195902
IAE,,2026-10-08 17:40:31.774746
IAF,4465074.0,2026-10-08 17:40:31.774746
IAG,3681799936.0,2026-10-08 17:40:31.774746
IART,1647666048.0,2026-10-08 17:40:31.774746
IAUX,130047000.0,2026-10-08 17:40:31.774746
IAUX-W,,2026-10-08 17:40:31.774746
IBAC,,2026-10-08 17:40:31.774746
IBACR,,2026-10-08 17:40:31.774746
IBCP,230756000.0,2026-10-08 17:40:31.774746
IBEX,644076032.0,2026-10-08 17:40:31.774746
IBG,2772241.0,2026-10-08 17:40:31.774746
IBIO,100000.0,2026-10-08 17:40:31.774746
IBKR,6834999808.0,2026-10-08 17:40:31.774746
IBM,69094998016.0,2026-10-08 17:40:31.774746
IBN,,2026-10-08 17:40:31.774746
IBO,35000.0,2026-10-08 17:40:31.774746
IBOC,837574016.0,2026-10-08 17:40:31.774746
IBP,2964000000.0,2026-10-08 17:40:31.774746
IBRX,165792000.0,2026-10-08 17:40:31.774746
IBTA,343174016.0,2026-10-08 17:40:31.774746
ICCC,30675528.0,2026-10-08 17:40:31.774746
ICCM,3947000.0,2026-10-08 17:40:31.774746
ICE,10558000128.0,2026-10-08 17:40:31.774746
ICFI,1821073024.0,2026-10-08 17:40:31.774746
ICG,,2026-10-08 17:40:31.774746
ICHR,1013753984.0,2026-10-08 17:40:31.774746
ICL,7712000000.0,2026-10-08 17:40:31.774746
ICLR,8294416896.0,2026-10-08 17:40:31.774746
ICMB,15167592.0,2026-10-08 17:40:31.774746
ICON,15541000.0,2026-10-08 17:40:31.774746
ICR$A,,2026-10-08 17:40:31.774746
ICU,1713000.0,2026-10-08 17:40:31.774746
ICUCW,1713000.0,2026-10-08 17:40:31.774746
ICUI,2159601920.0,2026-10-08 17:40:31.774746
IDA,1802868992.0,2026-10-08 17:40:31.774746
IDAC,,2026-10-06 17:00:28.501908
IDACU,,2026-10-08 17:40:31.774746
IDACW,,2026-10-06 17:00:28.501908
IDAI,3438131.0,2026-10-08 17:40:31.774746
IDCC,788497984.0,2026-10-08 17:40:31.774746
IDE,,2026-10-08 17:40:31.774746
IDN,24114000.0,2026-10-08 17:40:31.774746
IDR,50865600.0,2026-10-08 17:40:31.774746
IDT,1297959936.0,2026-10-08 17:40:31.774746
IDXX,4553223168.0,2026-10-08 17:40:31.774746
IDYA,234127008.0,2026-10-08 17:40:31.774746
IE,3023000.0,2026-10-08 17:40:31.774746
IEAG,,2026-10-08 17:40:31.774746
IEAGR,,2026-10-08 17:40:31.774746
IEAGU,,2026-10-08 17:40:31.774746
IEP,10389000192.0,2026-10-08 17:40:31.774746
IESC,3985742080.0,2026-10-08 17:40:31.774746
IEX,3585299968.0,2026-10-08 17:40:31.774746
IFBD,7128015.0,2026-10-08 17:40:31.774746
IFF,10780999680.0,2026-10-08 17:40:31.774746
IFN,4853091.0,2026-10-08 17:40:31.774746
IFRX,,2026-10-08 17:40:31.774746
IFS,,2026-10-08 17:40:31.774746
IGA,4800497.0,2026-10-08 17:40:31.774746
IGAC,,2026-10-08 17:40:31.774746
IGACR,,2026-10-08 17:40:31.774746
IGACU,,2026-10-08 17:40:31.774746
IGC,1106000.0,2026-10-08 17:40:31.774746
IGD,14607536.0,2026-10-08 17:40:31.774746
IGI,,2026-10-08 17:40:31.774746
IGIC,524179008.0,2026-10-08 17:40:31.774746
IGR,35354464.0,2026-10-08 17:40:31.774746
IH,,2026-10-08 17:40:31.774746
IHD,,2026-10-08 17:40:31.774746
IHG,5328999936.0,2026-10-08 17:40:31.774746
IHRT,3985676032.0,2026-10-08 17:40:31.774746
IHS,1645699968.0,2026-10-08 17:40:31.774746
IHT,7592800.0,2026-10-08 17:40:31.774746
IIF,1459000.0,2026-10-08 17:40:31.774746
III,250248000.0,2026-10-08 17:40:31.774746
IIIN,707680000.0,2026-10-08 17:40:31.774746
IIIV,218156992.0,2026-10-08 17:40:31.774746
IIM,44693868.0,2026-10-08 17:40:31.774746
IIPR,263652992.0,2026-10-08 17:40:31.774746
IIPR$A,,2026-10-08 17:40:31.774746
IKT,,2026-10-08 17:40:31.774746
ILAG,4493572.0,2026-10-08 17:40:31.774746
ILLR,21582000.0,2026-09-08 14:50:30.912313
ILLRW,21582000.0,2026-09-08 14:50:30.912313
ILLU,,2026-10-08 17:40:31.774746
ILLUU,,2026-10-08 17:40:31.774746
ILLUW,,2026-10-08 17:40:31.774746
ILMN,4494000128.0,2026-10-08 17:40:31.774746
ILPT,455388000.0,2026-10-08 17:40:31.774746
IMA,0.0,2026-10-08 17:40:31.774746
IMAX,416081984.0,2026-10-08 17:40:31.774746
IMC,,2026-09-28 18:19:46.995311
IMCC,,2026-10-08 17:40:31.774746
IMCR,430775008.0,2026-10-08 17:40:31.774746
IMDX,1670000.0,2026-10-08 17:40:31.774746
IMKTA,5417588224.0,2026-10-08 17:40:31.774746
IMMP,,2026-10-08 17:40:31.774746
IMMR,1733060992.0,2026-10-08 17:40:31.774746
IMMX,,2026-10-08 17:40:31.774746
IMNM,0.0,2026-10-08 17:40:31.774746
IMNN,,2026-10-08 17:40:31.774746
IMO,,2026-10-08 17:40:31.774746
IMOS,,2026-10-08 17:40:31.774746
IMPP,241350720.0,2026-10-08 17:40:31.774746
IMPPP,241350720.0,2026-10-08 17:40:31.774746
IMRN,,2026-10-08 17:40:31.774746
IMRX,,2026-10-08 17:40:31.774746
IMSR,,2026-10-08 17:40:31.774746
IMSRW,,2026-10-08 17:40:31.774746
IMTE,72641.0,2026-10-08 17:40:31.774746
IMTX,,2026-10-08 17:40:31.774746
IMUX,,2026-10-08 17:40:31.774746
IMVT,,2026-10-08 17:40:31.774746
IMXI,555446976.0,2026-10-08 17:40:31.774746
INAB,,2026-10-08 17:40:31.774746
INAC,,2026-10-08 17:40:31.774746
INACR,,2026-10-08 17:40:31.774746
INACU,,2026-10-08 17:40:31.774746
INBK,55149000.0,2026-10-08 17:40:31.774746
INBKZ,,2026-10-08 17:40:31.774746
INBS,4215175.0,2026-10-08 17:40:31.774746
INBX,0.0,2026-10-08 17:40:31.774746
INCR,,2026-10-08 17:40:31.774746
INCY,5819530240.0,2026-10-08 17:40:31.774746
INDB,948691008.0,2026-10-08 17:40:31.774746
INDI,231148992.0,2026-10-08 17:40:31.774746
INDO,2722491.0,2026-10-08 17:40:31.774746
INDP,,2026-10-08 17:40:31.774746
INDV,1331000064.0,2026-10-08 17:40:31.774746
INEO,58425000.0,2026-10-08 17:40:31.774746
INFQ,42437000.0,2026-10-08 17:40:31.774746
INFQ-W,,2026-10-08 17:40:31.774746
INFU,143335008.0,2026-10-08 17:40:31.774746
INFY,20298999808.0,2026-10-08 17:40:31.774746
ING,,2026-10-08 17:40:31.774746
INGM,55975514112.0,2026-10-08 17:40:31.774746
INGN,354304000.0,2026-10-08 17:40:31.774746
INGR,7215000064.0,2026-10-08 17:40:31.774746
INHD,5541954.0,2026-10-08 17:40:31.774746
INIO,3089799936.0,2026-10-08 17:40:31.774746
INKT,,2026-10-08 17:40:31.774746
INLF,21078518.0,2026-10-08 17:40:31.774746
INLX,16180947.0,2026-10-08 17:40:31.774746
INM,,2026-10-08 17:40:31.774746
INMB,0.0,2026-10-08 17:40:31.774746
INMD,374624992.0,2026-10-08 17:40:31.774746
INN,736148992.0,2026-10-08 17:40:31.774746
INN$E,,2026-10-08 17:40:31.774746
INN$F,,2026-10-08 17:40:31.774746
INNV,989707008.0,2026-10-08 17:40:31.774746
INO,0.0,2026-10-08 17:40:31.774746
INOD,317164000.0,2026-10-08 17:40:31.774746
INR,522680992.0,2026-10-08 17:40:31.774746
INSE,281400000.0,2026-10-08 17:40:31.774746
INSG,172614000.0,2026-10-08 17:40:31.774746
INSM,1137634944.0,2026-10-08 17:40:31.774746
INSP,898742016.0,2026-10-08 17:40:31.774746
INSW,1261373056.0,2026-10-08 17:40:31.774746
INTA,577804992.0,2026-10-08 17:40:31.774746
INTC,57031999488.0,2026-10-08 17:40:31.774746
INTG,73951000.0,2026-10-08 17:40:31.774746
INTJ,,2026-10-08 17:40:31.774746
INTR,,2026-10-08 17:40:31.774746
INTS,,2026-10-08 17:40:31.774746
INTT,128257000.0,2026-10-08 17:40:31.774746
INTU,21447999488.0,2026-10-08 17:40:31.774746
INTZ,5788000.0,2026-10-08 17:40:31.774746
INUV,52292548.0,2026-10-08 17:40:31.774746
INV,3752000.0,2026-10-08 17:40:31.774746
INVA,439998016.0,2026-10-08 17:40:31.774746
INVE,24269000.0,2026-10-08 17:40:31.774746
INVH,2848004096.0,2026-10-08 17:40:31.774746
INVX,997529024.0,2026-10-08 17:40:31.774746
INVZ,53169000.0,2026-10-08 17:40:31.774746
IOND,163212000.0,2026-09-27 15:28:41.135149
IONQ,246474000.0,2026-10-08 17:40:31.774746
IONQ-W,,2026-09-08 14:50:30.912313
IONR,656000.0,2026-10-08 17:40:31.774746
IONS,874092992.0,2026-10-08 17:40:31.774746
IOR,,2026-10-08 17:40:31.774746
IOSP,1842099968.0,2026-10-08 17:40:31.774746
IOT,1847552000.0,2026-10-08 17:40:31.774746
IOTR,14709239.0,2026-10-08 17:40:31.774746
IOVA,324968992.0,2026-10-08 17:40:31.774746
IP,24202999808.0,2026-10-08 17:40:31.774746
IPAR,1501676032.0,2026-10-08 17:40:31.774746
IPCX,,2026-08-09 11:22:13.839405
IPCXR,,2026-08-09 11:22:13.839405
IPCXU,,2026-08-09 11:22:13.839405
IPDN,6130035.0,2026-10-08 17:40:31.774746
IPEX,,2026-09-08 14:50:30.912313
IPEXR,,2026-09-08 14:50:30.912313
IPEXU,,2026-09-08 14:50:30.912313
IPFX,,2026-10-08 17:40:31.774746
IPFXU,,2026-10-08 17:40:31.774746
IPFXW,,2026-10-08 17:40:31.774746
IPGP,1069340032.0,2026-10-08 17:40:31.774746
IPHA,,2026-10-08 17:40:31.774746
IPHX,,2026-10-06 17:00:28.501908
IPHXU,,2026-09-28 18:19:46.995311
IPHXW,,2026-10-06 17:00:28.501908
IPI,241579008.0,2026-10-08 17:40:31.774746
IPM,25189116.0,2026-10-08 17:40:31.774746
IPSC,0.0,2026-10-08 17:40:31.774746
IPST,10539471.0,2026-10-08 17:40:31.774746
IPVV,,2026-09-27 15:28:41.135149
IPVVU,,2026-10-08 17:40:31.774746
IPVVW,,2026-09-27 15:28:41.135149
IPW,19956938.0,2026-10-08 17:40:31.774746
IPWR,30250.0,2026-10-08 17:40:31.774746
IPX,,2026-10-08 17:40:31.774746
IPXG,,2026-09-27 15:28:41.135149
IPXGU,,2026-09-27 15:28:41.135149
IPXGW,,2026-09-27 15:28:41.135149
IQ,,2026-10-08 17:40:31.774746
IQI,40952960.0,2026-10-08 17:40:31.774746
IQMX,,2026-10-01 17:13:08.883541
IQMXW,,2026-10-01 17:13:08.883541
IQST,394071520.0,2026-10-08 17:40:31.774746
IQV,16983000064.0,2026-10-08 17:40:31.774746
IR,7942199808.0,2026-10-08 17:40:31.774746
IRAB,,2026-10-08 17:40:31.774746
IRAB-U,,2026-10-08 17:40:31.774746
IRAB-W,,2026-10-08 17:40:31.774746
IRD,9856000.0,2026-10-08 17:40:31.774746
IRDM,884169024.0,2026-10-08 17:40:31.774746
IREN,707006976.0,2026-10-08 17:40:31.774746
IRHO,,2026-10-08 17:40:31.774746
IRHOR,,2026-10-08 17:40:31.774746
IRHOU,,2026-10-08 17:40:31.774746
IRIX,51573000.0,2026-10-08 17:40:31.774746
IRM,7562470912.0,2026-10-08 17:40:31.774746
IRMD,86338000.0,2026-10-08 17:40:31.774746
IRON,,2026-10-08 17:40:31.774746
IRS,,2026-10-08 17:40:31.774746
IRT,677161984.0,2026-10-08 17:40:31.774746
IRTC,825336000.0,2026-10-08 17:40:31.774746
IRWD,389316000.0,2026-10-08 17:40:31.774746
ISBA,83202000.0,2026-10-08 17:40:31.774746
ISD,,2026-10-08 17:40:31.774746
ISNR,,2026-09-28 18:19:46.995311
ISNRU,,2026-09-09 14:57:24.401443
ISNRW,,2026-09-28 18:19:46.995311
ISOU,,2026-10-08 17:40:31.774746
ISPC,466302.0,2026-10-08 17:40:31.774746
ISPR,96014608.0,2026-10-08 17:40:31.774746
ISRG,11034399744.0,2026-10-08 17:40:31.774746
ISSC,90564056.0,2026-08-09 11:22:13.839405
ISTR,121566000.0,2026-10-08 17:40:31.774746
IT,6463626240.0,2026-10-08 17:40:31.774746
ITG,1375619968.0,2026-10-01 17:13:08.883541
ITGR,1843441024.0,2026-10-08 17:40:31.774746
ITHA,,2026-10-08 17:40:31.774746
ITHAU,,2026-10-08 17:40:31.774746
ITHAW,,2026-10-08 17:40:31.774746
ITIC,292956000.0,2026-10-08 17:40:31.774746
ITOC,556430.0,2026-10-08 17:40:31.774746
ITP,78936064.0,2026-10-08 17:40:31.774746
ITRG,258350000.0,2026-10-08 17:40:31.774746
ITRI,2303165952.0,2026-10-08 17:40:31.774746
ITRN,393228992.0,2026-10-08 17:40:31.774746
ITT,4738100224.0,2026-10-08 17:40:31.774746
ITUB,,2026-10-08 17:40:31.774746
ITW,16469000192.0,2026-10-08 17:40:31.774746
IVA,,2026-10-08 17:40:31.774746
IVAI,,2026-09-30 16:35:32.399909
IVDA,4573848.0,2026-10-08 17:40:31.774746
IVDAW,4573848.0,2026-10-08 17:40:31.774746
IVF,7531121.0,2026-10-08 17:40:31.774746
IVR,139440000.0,2026-10-08 17:40:31.774746
IVR$C,,2026-10-08 17:40:31.774746
IVT,317257984.0,2026-10-08 17:40:31.774746
IVVD,58365000.0,2026-10-08 17:40:31.774746
IVZ,6902499840.0,2026-10-08 17:40:31.774746
IX,,2026-10-08 17:40:31.774746
IXHL,,2026-10-08 17:40:31.774746
IZEA,26516576.0,2026-10-08 17:40:31.774746
IZM,187048688.0,2026-10-08 17:40:31.774746
J,14219215872.0,2026-10-08 17:40:31.774746
JAB,,2026-08-05 12:48:52.156174
JABRR,,2026-08-05 12:48:52.156174
JABRU,,2026-08-11 11:38:45.210895
JABRW,,2026-08-05 12:48:52.156174
JACK,1427555968.0,2026-10-08 17:40:31.774746
JACS,,2026-10-08 17:40:31.774746
JACS-R,,2026-10-08 17:40:31.774746
JACS-U,,2026-10-08 17:40:31.774746
JAGU,,2026-10-08 17:40:31.774746
JAGX,27815000.0,2026-10-08 17:40:31.774746
JAKK,584238016.0,2026-10-08 17:40:31.774746
JAN,723008000.0,2026-10-08 17:40:31.774746
JANX,24000000.0,2026-10-08 17:40:31.774746
JATT,,2026-10-08 17:40:31.774746
JAZZ,4601286144.0,2026-10-08 17:40:31.774746
JBDI,8523000.0,2026-10-08 17:40:31.774746
JBGS,505731008.0,2026-10-08 17:40:31.774746
JBHT,12701309952.0,2026-10-08 17:40:31.774746
JBI,901800000.0,2026-10-08 17:40:31.774746
JBIO,,2026-10-08 17:40:31.774746
JBK,,2026-10-08 17:40:31.774746
JBL,35953999872.0,2026-10-08 17:40:31.774746
JBLU,9502999552.0,2026-10-08 17:40:31.774746
JBS,91168210944.0,2026-10-08 17:40:31.774746
JBSS,1175672960.0,2026-10-08 17:40:31.774746
JBTM,3926200064.0,2026-10-08 17:40:31.774746
JCAP,642724992.0,2026-10-08 17:40:31.774746
JCE,,2026-10-08 17:40:31.774746
JCI,24995000320.0,2026-10-08 17:40:31.774746
JCSE,,2026-10-08 17:40:31.774746
JCTC,39413860.0,2026-10-08 17:40:31.774746
JD,,2026-10-08 17:40:31.774746
JDZG,,2026-10-08 17:40:31.774746
JEF,8514368000.0,2026-10-08 17:40:31.774746
JELD,3151406080.0,2026-10-08 17:40:31.774746
JEM,,2026-10-08 17:40:31.774746
JENA,,2026-10-08 17:40:31.774746
JENA-R,,2026-10-08 17:40:31.774746
JENA-U,,2026-10-08 17:40:31.774746
JF,1598000.0,2026-10-08 17:40:31.774746
JFB,37311168.0,2026-08-09 11:22:13.839405
JFIN,,2026-10-08 17:40:31.774746
JFR,177531072.0,2026-10-08 17:40:31.774746
JFU,,2026-10-08 17:40:31.774746
JG,,2026-10-08 17:40:31.774746
JGH,,2026-10-08 17:40:31.774746
JHG,3165900032.0,2026-06-08 14:44:06.982061
JHI,15387331.0,2026-10-08 17:40:31.774746
JHS,12456325.0,2026-10-08 17:40:31.774746
JHX,5410500096.0,2026-10-08 17:40:31.774746
JILL,588193984.0,2026-10-08 17:40:31.774746
JJSF,1524797056.0,2026-10-08 17:40:31.774746
JKHY,2544338944.0,2026-10-08 17:40:31.774746
JKS,,2026-10-08 17:40:31.774746
JL,42228756.0,2026-10-08 17:40:31.774746
JLHL,,2026-10-08 17:40:31.774746
JLL,27433500672.0,2026-10-08 17:40:31.774746
JLS,,2026-10-08 17:40:31.774746
JMG,,2026-06-08 14:44:06.982061
JMIA,209582000.0,2026-10-08 17:40:31.774746
JMKE,761000000.0,2026-09-28 18:19:46.995311
JMM,4745022.0,2026-10-08 17:40:31.774746
JMSB,66912000.0,2026-10-08 17:40:31.774746
JNJ,97929003008.0,2026-10-08 17:40:31.774746
JOB,84223000.0,2026-10-08 17:40:31.774746
JOBY,116295000.0,2026-10-08 17:40:31.774746
JOBY-W,,2026-08-09 11:22:13.839405
JOE,547840000.0,2026-10-08 17:40:31.774746
JOF,9538537.0,2026-10-08 17:40:31.774746
JONE,,2026-10-03 15:01:17.985862
JONER,,2026-10-03 15:01:17.985862
JONEU,,2026-09-14 16:43:23.543461
JOUT,660908032.0,2026-10-08 17:40:31.774746
JOYY,2268591104.0,2026-10-08 17:40:31.774746
JPC,268645792.0,2026-10-08 17:40:31.774746
JPM,186328006656.0,2026-10-08 17:40:31.774746
JPM$C,,2026-10-08 17:40:31.774746
JPM$D,,2026-10-08 17:40:31.774746
JPM$J,,2026-10-08 17:40:31.774746
JPM$K,,2026-10-08 17:40:31.774746
JPM$L,,2026-10-08 17:40:31.774746
JPM$M,,2026-10-08 17:40:31.774746
JQC,103341688.0,2026-10-08 17:40:31.774746
JRI,,2026-10-08 17:40:31.774746
JRS,13167287.0,2026-10-08 17:40:31.774746
JRSH,176864064.0,2026-10-08 17:40:31.774746
JRVR,653209984.0,2026-10-08 17:40:31.774746
JSM,,2026-10-08 17:40:31.774746
JSPR,,2026-10-08 17:40:31.774746
JSPRW,,2026-09-08 14:50:30.912313
JTAI,10478610.0,2026-10-08 17:40:31.774746
JTTT,,2026-09-27 15:28:41.135149
JUNS,64693.0,2026-10-08 17:40:31.774746
JVA,97125944.0,2026-10-08 17:40:31.774746
JWEL,165001072.0,2026-10-08 17:40:31.774746
JXG,82936768.0,2026-10-08 17:40:31.774746
JXN,6549000192.0,2026-10-08 17:40:31.774746
JXN$A,,2026-10-08 17:40:31.774746
JYD,,2026-10-08 17:40:31.774746
JYNT,58549880.0,2026-10-08 17:40:31.774746
JZ,,2026-10-08 17:40:31.774746
JZXN,9051871.0,2026-10-08 17:40:31.774746
KAI,1152151040.0,2026-10-08 17:40:31.774746
KALA,,2026-10-08 17:40:31.774746
KALU,4135899904.0,2026-10-08 17:40:31.774746
KALV,114480000.0,2026-06-08 14:44:06.982061
KAPA,,2026-10-08 17:40:31.774746
KARD,,2026-09-18 14:43:30.195902
KARO,,2026-10-08 17:40:31.774746
KAZR,50111828.0,2026-09-17 15:23:36.979615
KB,,2026-10-08 17:40:31.774746
KBDC,,2026-10-08 17:40:31.774746
KBH,5180924928.0,2026-10-08 17:40:31.774746
KBON,,2026-10-08 17:40:31.774746
KBONU,,2026-10-08 17:40:31.774746
KBONW,,2026-10-08 17:40:31.774746
KBR,7722999808.0,2026-10-08 17:40:31.774746
KBSX,52974724.0,2026-10-08 17:40:31.774746
KC,,2026-10-08 17:40:31.774746
KCA-U,,2026-10-08 17:40:31.774746
KCAC-U,,2026-10-08 17:40:31.774746
KCAC-W,,2026-10-08 17:40:31.774746
KCHV,,2026-10-08 17:40:31.774746
KCHVR,,2026-10-08 17:40:31.774746
KCHVU,,2026-10-08 17:40:31.774746
KD,14967000064.0,2026-10-08 17:40:31.774746
KDK,7152000.0,2026-10-08 17:40:31.774746
KDKRW,7152000.0,2026-10-08 17:40:31.774746
KDP,20089999360.0,2026-10-08 17:40:31.774746
KE,1431378048.0,2026-10-08 17:40:31.774746
KEEL,188139008.0,2026-10-08 17:40:31.774746
KELYA,4063099904.0,2026-10-08 17:40:31.774746
KELYB,4063099904.0,2026-10-08 17:40:31.774746
KEN,1189928960.0,2026-10-08 17:40:31.774746
KEP,,2026-10-08 17:40:31.774746
KEQU,277215008.0,2026-10-08 17:40:31.774746
KEX,3489434112.0,2026-10-08 17:40:31.774746
KEY,7370999808.0,2026-10-08 17:40:31.774746
KEY$I,,2026-10-08 17:40:31.774746
KEY$J,,2026-10-08 17:40:31.774746
KEY$K,,2026-10-08 17:40:31.774746
KEY$L,,2026-10-08 17:40:31.774746
KEYS,6582000128.0,2026-10-08 17:40:31.774746
KEYY,,2026-09-22 15:19:17.140712
KEYYU,,2026-10-08 17:40:31.774746
KEYYW,,2026-09-22 15:19:17.140712
KF,2284786.0,2026-10-08 17:40:31.774746
KFFB,11503000.0,2026-10-08 17:40:31.774746
KFII,,2026-10-08 17:40:31.774746
KFIIR,,2026-10-08 17:40:31.774746
KFIIU,,2026-10-08 17:40:31.774746
KFRC,1344358016.0,2026-10-08 17:40:31.774746
KFY,2955352064.0,2026-10-08 17:40:31.774746
KG,44552000.0,2026-10-08 17:40:31.774746
KGC,8470900224.0,2026-10-08 17:40:31.774746
KGEI,72047000.0,2026-10-08 17:40:31.774746
KGS,1392493952.0,2026-10-08 17:40:31.774746
KHC,24899999744.0,2026-10-08 17:40:31.774746
KIDS,252724000.0,2026-10-08 17:40:31.774746
KIDZ,2825786.0,2026-10-08 17:40:31.774746
KIDZW,2825786.0,2026-10-08 17:40:31.774746
KIM,2187133952.0,2026-10-08 17:40:31.774746
KIM$L,,2026-10-08 17:40:31.774746
KIM$M,,2026-10-08 17:40:31.774746
KIM$N,,2026-10-08 17:40:31.774746
KINS,237703024.0,2026-10-08 17:40:31.774746
KIO,,2026-10-08 17:40:31.774746
KITT,4079614.0,2026-10-08 17:40:31.774746
KITTW,4079614.0,2026-10-08 17:40:31.774746
KKR,25833117696.0,2026-10-08 17:40:31.774746
KKR$D,,2026-10-08 17:40:31.774746
KKRS,,2026-10-08 17:40:31.774746
KKRT,,2026-10-08 17:40:31.774746
KLAC,13579475968.0,2026-10-08 17:40:31.774746
KLAR,4039000064.0,2026-10-08 17:40:31.774746
KLC,2735013120.0,2026-10-08 17:40:31.774746
KLIC,950212992.0,2026-10-08 17:40:31.774746
KLRA,,2026-10-08 17:40:31.774746
KLRS,,2026-10-08 17:40:31.774746
KLTR,180928000.0,2026-10-08 17:40:31.774746
KLXE,635600000.0,2026-10-08 17:40:31.774746
KLXER,635600000.0,2026-09-24 15:38:57.194228
KMB,16581999616.0,2026-10-08 17:40:31.774746
KMDA,191848992.0,2026-10-08 17:40:31.774746
KMI,17959000064.0,2026-10-08 17:40:31.774746
KMPB,,2026-10-08 17:40:31.774746
KMPR,4592900096.0,2026-10-08 17:40:31.774746
KMRK,16155124.0,2026-10-08 17:40:31.774746
KMT,2356698112.0,2026-10-08 17:40:31.774746
KMTS,106726000.0,2026-10-08 17:40:31.774746
KMX,29457434624.0,2026-10-08 17:40:31.774746
KN,635000000.0,2026-10-08 17:40:31.774746
KNDI,108265984.0,2026-10-08 17:40:31.774746
KNF,3307499008.0,2026-10-08 17:40:31.774746
KNOP,375783008.0,2026-10-08 17:40:31.774746
KNRX,6038542.0,2026-10-08 17:40:31.774746
KNSA,840848000.0,2026-10-08 17:40:31.774746
KNSL,1996003968.0,2026-10-08 17:40:31.774746
KNTK,1885804032.0,2026-10-08 17:40:31.774746
KNX,7729321984.0,2026-10-08 17:40:31.774746
KO,50128998400.0,2026-10-08 17:40:31.774746
KOD,,2026-10-08 17:40:31.774746
KODK,1135000064.0,2026-10-08 17:40:31.774746
KOF,,2026-10-08 17:40:31.774746
KOP,1893400064.0,2026-10-08 17:40:31.774746
KOPN,43616160.0,2026-10-08 17:40:31.774746
KORE,279622016.0,2026-07-09 13:44:22.094440
KOS,1584611968.0,2026-10-08 17:40:31.774746
KOSS,13020773.0,2026-10-08 17:40:31.774746
KOYN,,2026-10-08 17:40:31.774746
KOYNU,,2026-10-08 17:40:31.774746
KOYNW,,2026-10-08 17:40:31.774746
KPET,,2026-10-08 17:40:31.774746
KPET-U,,2026-10-08 17:40:31.774746
KPET-W,,2026-10-08 17:40:31.774746
KPLT,,2026-10-08 17:40:31.774746
KPLTW,298836000.0,2026-06-08 14:44:06.982061
KPRX,,2026-10-08 17:40:31.774746
KPTI,146620992.0,2026-10-08 17:40:31.774746
KR,149326004224.0,2026-10-08 17:40:31.774746
KRAQ,,2026-10-08 17:40:31.774746
KRAQU,,2026-10-08 17:40:31.774746
KRAQW,,2026-10-08 17:40:31.774746
KRC,1094354944.0,2026-10-08 17:40:31.774746
KREF,-72423000.0,2026-10-08 17:40:31.774746
KREF$A,,2026-10-08 17:40:31.774746
KRG,806852992.0,2026-10-08 17:40:31.774746
KRKR,,2026-10-08 17:40:31.774746
KRMD,45107536.0,2026-10-08 17:40:31.774746
KRMN,589552000.0,2026-10-08 17:40:31.774746
KRNT,215848000.0,2026-10-08 17:40:31.774746
KRNY,176410000.0,2026-10-08 17:40:31.774746
KRO,1943100032.0,2026-10-08 17:40:31.774746
KROS,15014000.0,2026-10-08 17:40:31.774746
KRP,344855008.0,2026-10-08 17:40:31.774746
KRRO,2382000.0,2026-10-08 17:40:31.774746
KRSA,,2026-09-09 14:57:24.401443
KRSP,,2026-10-08 17:40:31.774746
KRSP-U,,2026-10-08 17:40:31.774746
KRSP-W,,2026-10-08 17:40:31.774746
KRT,493382016.0,2026-10-08 17:40:31.774746
KRUS,318843008.0,2026-10-08 17:40:31.774746
KRYS,440484000.0,2026-10-08 17:40:31.774746
KSCP,20709000.0,2026-10-08 17:40:31.774746
KSPI,,2026-10-08 17:40:31.774746
KSS,15429999616.0,2026-10-08 17:40:31.774746
KT,,2026-10-08 17:40:31.774746
KTB,3434433024.0,2026-10-08 17:40:31.774746
KTCC,386667008.0,2026-10-08 17:40:31.774746
KTF,26440124.0,2026-10-08 17:40:31.774746
KTH,,2026-10-08 17:40:31.774746
KTN,,2026-10-08 17:40:31.774746
KTOS,1522499968.0,2026-10-08 17:40:31.774746
KTTA,,2026-10-08 17:40:31.774746
KTTAW,,2026-09-08 14:50:30.912313
KTWO,,2026-10-08 17:40:31.774746
KTWOR,,2026-10-08 17:40:31.774746
KTWOU,,2026-10-08 17:40:31.774746
KULR,16095934.0,2026-10-08 17:40:31.774746
KURA,77225000.0,2026-10-08 17:40:31.774746
KUST,17279718.0,2026-10-08 17:40:31.774746
KVAC,,2026-07-09 13:44:22.094440
KVACU,,2026-07-09 13:44:22.094440
KVACW,,2026-07-09 13:44:22.094440
KVHI,125013000.0,2026-10-08 17:40:31.774746
KVUE,15408000000.0,2026-10-08 17:40:31.774746
KVYO,1389656064.0,2026-10-08 17:40:31.774746
KW,541500032.0,2026-06-08 14:44:06.982061
KWM,,2026-09-08 14:50:30.912313
KWMWW,,2026-09-08 14:50:30.912313
KWR,1975348992.0,2026-10-08 17:40:31.774746
KWY,158876992.0,2026-10-08 17:40:31.774746
KXIN,701000.0,2026-10-08 17:40:31.774746
KYIV,1280000000.0,2026-10-08 17:40:31.774746
KYIVW,1280000000.0,2026-10-08 17:40:31.774746
KYMR,105000000.0,2026-10-08 17:40:31.774746
KYN,103241000.0,2026-10-08 17:40:31.774746
KYNB,4616000.0,2026-10-08 17:40:31.774746
KYTX,,2026-10-08 17:40:31.774746
KZIA,,2026-10-08 17:40:31.774746
L,18694000640.0,2026-10-08 17:40:31.774746
LAB,84597000.0,2026-10-08 17:40:31.774746
LABT,,2026-10-08 17:40:31.774746
LAC,,2026-10-08 17:40:31.774746
LAD,37936398336.0,2026-10-08 17:40:31.774746
LADR,217522000.0,2026-10-08 17:40:31.774746
LAES,24578000.0,2026-10-08 17:40:31.774746
LAFA,,2026-10-08 17:40:31.774746
LAFAR,,2026-10-08 17:40:31.774746
LAFAU,,2026-10-08 17:40:31.774746
LAKE,190960992.0,2026-10-08 17:40:31.774746
LAMR,2326225920.0,2026-10-08 17:40:31.774746
LAND,88527000.0,2026-10-08 17:40:31.774746
LANDO,88527000.0,2026-10-08 17:40:31.774746
LANDP,88527000.0,2026-10-08 17:40:31.774746
LANV,,2026-10-08 17:40:31.774746
LANV-W,,2026-06-08 14:44:06.982061
LAR,,2026-10-08 17:40:31.774746
LARK,72392000.0,2026-10-08 17:40:31.774746
LASE,6174609.0,2026-10-08 17:40:31.774746
LASR,310699008.0,2026-10-08 17:40:31.774746
LATA,,2026-10-08 17:40:31.774746
LATAU,,2026-10-08 17:40:31.774746
LATAW,,2026-10-08 17:40:31.774746
LAUR,1830087040.0,2026-10-08 17:40:31.774746
LAW,167118000.0,2026-10-08 17:40:31.774746
LAWR,,2026-10-08 17:40:31.774746
LAZ,3199311104.0,2026-10-08 17:40:31.774746
LB,225454000.0,2026-10-08 17:40:31.774746
LBGJ,11106078.0,2026-10-08 17:40:31.774746
LBRDA,,2026-08-09 11:22:13.839405
LBRDK,,2026-08-09 11:22:13.839405
LBRDP,,2026-08-09 11:22:13.839405
LBRT,4195913984.0,2026-10-08 17:40:31.774746
LBRX,,2026-10-08 17:40:31.774746
LBTYA,4884800000.0,2026-10-08 17:40:31.774746
LBTYB,4884800000.0,2026-10-08 17:40:31.774746
LBTYK,4884800000.0,2026-10-08 17:40:31.774746
LC,1372130048.0,2026-06-08 14:44:06.982061
LCCC,,2026-10-08 17:40:31.774746
LCCCR,,2026-10-08 17:40:31.774746
LCCCU,,2026-10-08 17:40:31.774746
LCFY,,2026-10-08 17:40:31.774746
LCFYW,,2026-10-08 17:40:31.774746
LCID,1547122048.0,2026-10-08 17:40:31.774746
LCII,4028368896.0,2026-10-08 17:40:31.774746
LCLN,873678016.0,2026-10-08 17:40:31.774746
LCNB,92035000.0,2026-10-08 17:40:31.774746
LCTX,13083000.0,2026-10-08 17:40:31.774746
LCUT,661062976.0,2026-10-08 17:40:31.774746
LDI,1260452992.0,2026-10-08 17:40:31.774746
LDOS,17634000896.0,2026-10-08 17:40:31.774746
LDP,,2026-10-08 17:40:31.774746
LE,1320813056.0,2026-10-08 17:40:31.774746
LEA,23700600832.0,2026-10-08 17:40:31.774746
LECO,4481038848.0,2026-10-08 17:40:31.774746
LEDRU,,2026-09-18 14:43:30.195902
LEDS,25932000.0,2026-10-08 17:40:31.774746
LEE,517102016.0,2026-10-08 17:40:31.774746
LEG,3892900096.0,2026-08-09 11:22:13.839405
LEGH,179450000.0,2026-10-08 17:40:31.774746
LEGN,1271399936.0,2026-10-08 17:40:31.774746
LEGO,,2026-10-08 17:40:31.774746
LEGO-U,,2026-10-08 17:40:31.774746
LEGO-W,,2026-10-08 17:40:31.774746
LEGT,,2026-06-08 14:44:06.982061
LEGT-U,,2026-06-08 14:44:06.982061
LEGT-W,,2026-06-08 14:44:06.982061
LEN,31973076992.0,2026-10-08 17:40:31.774746
LEN-B,31973076992.0,2026-10-08 17:40:31.774746
LENZ,21475000.0,2026-10-08 17:40:31.774746
LEO,30120212.0,2026-10-08 17:40:31.774746
LESL,1179570944.0,2026-09-08 14:50:30.912313
LEU,473900000.0,2026-10-08 17:40:31.774746
LEVI,6613700096.0,2026-10-08 17:40:31.774746
LEXX,194000.0,2026-10-08 17:40:31.774746
LFAC,,2026-10-08 17:40:31.774746
LFACU,,2026-10-08 17:40:31.774746
LFACW,,2026-10-08 17:40:31.774746
LFCR,129464592.0,2026-10-08 17:40:31.774746
LFMD,191592464.0,2026-10-08 17:40:31.774746
LFMDP,191592464.0,2026-10-08 17:40:31.774746
LFS,,2026-10-08 17:40:31.774746
LFST,1584834048.0,2026-10-08 17:40:31.774746
LFT,4316270.0,2026-10-08 17:40:31.774746
LFT$A,,2026-10-08 17:40:31.774746
LFTO,798838016.0,2026-10-08 17:40:31.774746
LFUS,2614323968.0,2026-10-08 17:40:31.774746
LFVN,182586000.0,2026-10-08 17:40:31.774746
LFWD,21822000.0,2026-10-08 17:40:31.774746
LGCL,,2026-10-08 17:40:31.774746
LGCY,80056192.0,2026-10-08 17:40:31.774746
LGHL,7259801.0,2026-10-08 17:40:31.774746
LGI,4890328.0,2026-10-08 17:40:31.774746
LGIH,1682797952.0,2026-10-08 17:40:31.774746
LGL,4565000.0,2026-10-08 17:40:31.774746
LGL-R,,2026-06-08 14:44:06.982061
LGN,3745668096.0,2026-10-08 17:40:31.774746
LGND,290542016.0,2026-10-08 17:40:31.774746
LGO,127063000.0,2026-10-08 17:40:31.774746
LGPS,,2026-10-08 17:40:31.774746
LGVN,1187000.0,2026-10-08 17:40:31.774746
LH,14348000256.0,2026-10-08 17:40:31.774746
LHAI,20804612.0,2026-10-08 17:40:31.774746
LHSW,43269568.0,2026-10-08 17:40:31.774746
LHX,22932000768.0,2026-10-08 17:40:31.774746
LI,,2026-10-08 17:40:31.774746
LICN,20522000.0,2026-10-08 17:40:31.774746
LIDR,450000.0,2026-10-08 17:40:31.774746
LIDRW,270000.0,2026-08-09 11:22:13.839405
LIEN,59972528.0,2026-10-08 17:40:31.774746
LIF,572558016.0,2026-10-08 17:40:31.774746
LIFE,586531968.0,2026-10-08 17:40:31.774746
LII,5302199808.0,2026-10-08 17:40:31.774746
LILA,4457399808.0,2026-10-08 17:40:31.774746
LILAK,4457399808.0,2026-10-08 17:40:31.774746
LILAP,4457399808.0,2026-09-17 15:23:36.979615
LILAV,4441500160.0,2026-06-08 14:44:06.982061
LILKV,4441500160.0,2026-06-08 14:44:06.982061
LILPV,,2026-06-08 14:44:06.982061
LIME,986009984.0,2026-10-01 17:13:08.883541
LIMN,,2026-10-08 17:40:31.774746
LIMNW,,2026-10-08 17:40:31.774746
LIN,35448999936.0,2026-10-08 17:40:31.774746
LINC,570779008.0,2026-10-08 17:40:31.774746
LIND,830612992.0,2026-10-08 17:40:31.774746
LINE,5370999808.0,2026-10-08 17:40:31.774746
LINK,12656000.0,2026-10-08 17:40:31.774746
LION,,2026-10-08 17:40:31.774746
LIQT,15432600.0,2026-10-08 17:40:31.774746
LITB,227206000.0,2026-10-08 17:40:31.774746
LITE,3014000128.0,2026-10-08 17:40:31.774746
LITS,,2026-10-08 17:40:31.774746
LIVE,434247008.0,2026-10-08 17:40:31.774746
LIVN,1471518976.0,2026-10-08 17:40:31.774746
LIXT,,2026-06-08 14:44:06.982061
LKFN,273694016.0,2026-10-08 17:40:31.774746
LKFT,,2026-10-08 17:40:31.774746
LKQ,13688000512.0,2026-10-08 17:40:31.774746
LKSP,,2026-10-08 17:40:31.774746
LKSPR,,2026-10-08 17:40:31.774746
LKSPU,,2026-10-08 17:40:31.774746
LLY,79666003968.0,2026-10-08 17:40:31.774746
LLYVA,406968000.0,2026-10-08 17:40:31.774746
LLYVK,406968000.0,2026-10-08 17:40:31.774746
LMAT,262432000.0,2026-10-08 17:40:31.774746
LMB,683771008.0,2026-10-08 17:40:31.774746
LMFA,7133413.0,2026-07-09 13:44:22.094440
LMND,975000000.0,2026-10-08 17:40:31.774746
LMNR,128761000.0,2026-10-08 17:40:31.774746
LMRI,1043377024.0,2026-10-08 17:40:31.774746
LMT,77013999616.0,2026-10-08 17:40:31.774746
LNAI,20942.0,2026-10-08 17:40:31.774746
LNC,19392999424.0,2026-10-08 17:40:31.774746
LNC$D,,2026-10-08 17:40:31.774746
LND,,2026-10-08 17:40:31.774746
LNG,20920000512.0,2026-10-08 17:40:31.774746
LNKS,,2026-10-08 17:40:31.774746
LNN,627856000.0,2026-10-08 17:40:31.774746
LNSR,60264000.0,2026-10-08 17:40:31.774746
LNT,4429000192.0,2026-10-08 17:40:31.774746
LNTH,1556312960.0,2026-10-08 17:40:31.774746
LNZA,58312000.0,2026-10-08 17:40:31.774746
LNZAW,,2026-10-08 17:40:31.774746
LOAN,6590259.0,2026-10-08 17:40:31.774746
LOAR,586168000.0,2026-10-08 17:40:31.774746
LOB,526377984.0,2026-10-08 17:40:31.774746
LOB$A,,2026-10-08 17:40:31.774746
LOBO,25712864.0,2026-10-08 17:40:31.774746
LOCL,51844000.0,2026-10-08 17:40:31.774746
LOCO,500788992.0,2026-10-08 17:40:31.774746
LODE,1014715.0,2026-10-08 17:40:31.774746
LOGI,4920291840.0,2026-10-08 17:40:31.774746
LOKV,,2026-06-08 14:44:06.982061
LOKVU,,2026-06-08 14:44:06.982061
LOKVW,,2026-06-08 14:44:06.982061
LOMA,,2026-10-08 17:40:31.774746
LONA,,2026-10-08 17:40:31.774746
LOOP,441000.0,2026-10-08 17:40:31.774746
LOPE,1142066048.0,2026-10-08 17:40:31.774746
LOT,568870976.0,2026-10-08 17:40:31.774746
LOTWW,568870976.0,2026-10-08 17:40:31.774746
LOVE,697652992.0,2026-10-08 17:40:31.774746
LOVIU,,2026-09-23 15:14:42.240648
LOW,90431995904.0,2026-10-08 17:40:31.774746
LPA,55739424.0,2026-10-08 17:40:31.774746
LPAA,,2026-10-08 17:40:31.774746
LPAAU,,2026-10-08 17:40:31.774746
LPAAW,,2026-10-08 17:40:31.774746
LPBB,,2026-10-08 17:40:31.774746
LPBBU,,2026-10-08 17:40:31.774746
LPBBW,,2026-10-08 17:40:31.774746
LPCN,1569460.0,2026-10-08 17:40:31.774746
LPCV,,2026-10-08 17:40:31.774746
LPCVU,,2026-10-08 17:40:31.774746
LPCVW,,2026-10-08 17:40:31.774746
LPG,578850176.0,2026-10-08 17:40:31.774746
LPL,,2026-10-08 17:40:31.774746
LPLA,19195801600.0,2026-10-08 17:40:31.774746
LPRO,89315000.0,2026-07-09 13:44:24.411983
LPSN,228894000.0,2026-08-09 11:22:13.839405
LPTH,71722096.0,2026-10-08 17:40:31.774746
LPX,2468999936.0,2026-10-08 17:40:31.774746
LQDA,450907008.0,2026-10-08 17:40:25.818901
LQDT,489617984.0,2026-10-08 17:40:25.818901
LRCX,23232690176.0,2026-10-08 17:40:25.818901
LRE,,2026-10-08 17:40:25.818901
LRHC,62267256.0,2026-10-08 17:40:25.818901
LRMR,,2026-10-08 17:40:25.818901
LRN,2518081024.0,2026-10-08 17:40:25.818901
LSAK,721553984.0,2026-10-08 17:40:25.818901
LSBK,29954000.0,2026-10-08 17:40:25.818901
LSCC,651116992.0,2026-10-08 17:40:25.818901
LSE,41118696.0,2026-10-08 17:40:25.818901
LSF,81480024.0,2026-10-08 17:40:25.818901
LSH,22183450.0,2026-07-09 13:44:24.411983
LSPD,1244807936.0,2026-10-08 17:40:25.818901
LSTA,100000.0,2026-10-08 17:40:25.818901
LSTR,4995466752.0,2026-10-08 17:40:25.818901
LTBR,,2026-10-08 17:40:25.818901
LTC,339880992.0,2026-10-08 17:40:25.818901
LTGO,,2026-10-07 17:37:27.243848
LTGR,,2026-09-27 15:28:41.135149
LTGRU,,2026-10-08 17:40:25.818901
LTGRW,,2026-09-27 15:28:41.135149
LTH,3182440960.0,2026-10-08 17:40:25.818901
LTM,15877734400.0,2026-10-08 17:40:25.818901
LTRN,,2026-10-08 17:40:25.818901
LTRX,120899000.0,2026-10-08 17:40:25.818901
LTRYW,,2026-10-08 17:40:25.818901
LU,,2026-10-08 17:40:25.818901
LUCD,5445000.0,2026-10-08 17:40:25.818901
LUCK,1245318016.0,2026-10-08 17:40:25.818901
LUCY,3412018.0,2026-10-08 17:40:25.818901
LUCYW,3412018.0,2026-10-08 17:40:25.818901
LUD,33535352.0,2026-10-08 17:40:25.818901
LULU,11093954560.0,2026-10-08 17:40:25.818901
LUMN,11832000512.0,2026-10-08 17:40:25.818901
LUNG,87442000.0,2026-10-08 17:40:25.818901
LUNR,490120000.0,2026-10-08 17:40:25.818901
LUV,30072999936.0,2026-10-08 17:40:25.818901
LUXE,,2026-10-08 17:40:25.818901
LVLU,261947008.0,2026-10-08 17:40:25.818901
LVO,77287000.0,2026-10-08 17:40:25.818901
LVS,13719000064.0,2026-10-08 17:40:25.818901
LVWR,31286000.0,2026-10-08 17:40:25.818901
LVWR-W,,2026-10-08 17:40:25.818901
LW,6623300096.0,2026-10-08 17:40:25.818901
LWAC,,2026-10-08 17:40:25.818901
LWACU,,2026-10-08 17:40:25.818901
LWACW,,2026-10-08 17:40:25.818901
LWAY,242408992.0,2026-10-08 17:40:25.818901
LWLG,250251.0,2026-10-08 17:40:25.818901
LX,,2026-10-08 17:40:25.818901
LXEH,,2026-10-08 17:40:25.818901
LXEO,,2026-10-08 17:40:31.774746
LXFR,360900000.0,2026-10-08 17:40:31.774746
LXP,347704000.0,2026-10-08 17:40:31.774746
LXP$C,,2026-10-08 17:40:31.774746
LXRX,41469000.0,2026-10-08 17:40:31.774746
LXU,658059008.0,2026-10-08 17:40:31.774746
LYB,31192000512.0,2026-10-08 17:40:31.774746
LYEL,27000.0,2026-10-08 17:40:31.774746
LYFT,6771938816.0,2026-10-08 17:40:31.774746
LYG,,2026-10-08 17:40:31.774746
LYNX,450844000.0,2026-09-18 14:43:30.195902
LYTS,689396992.0,2026-10-08 17:40:31.774746
LYV,26272534528.0,2026-10-08 17:40:31.774746
LZ,792494016.0,2026-10-08 17:40:31.774746
LZB,2110094976.0,2026-10-08 17:40:31.774746
LZM,2399333.0,2026-10-08 17:40:31.774746
LZM-W,,2026-10-08 17:40:31.774746
LZMH,,2026-10-08 17:40:31.774746
M,22780999680.0,2026-10-08 17:40:31.774746
MA,35083001856.0,2026-10-08 17:40:31.774746
MAA,2218780928.0,2026-10-08 17:40:31.774746
MAA$I,,2026-09-08 14:50:31.060341
MAAS,,2026-10-08 17:40:31.774746
MAC,1027411008.0,2026-10-08 17:40:31.774746
MACI,,2026-10-08 17:40:31.774746
MACIU,,2026-10-08 17:40:31.774746
MACIW,,2026-10-08 17:40:31.774746
MAGH,,2026-10-08 17:40:31.774746
MAGN,3284000000.0,2026-10-08 17:40:31.774746
MAIA,,2026-10-08 17:40:31.774746
MAIN,575049984.0,2026-10-08 17:40:31.774746
MAIR,3745100032.0,2026-10-08 17:40:31.774746
MAKO,209160992.0,2026-10-08 17:40:31.774746
MAMA,208604000.0,2026-10-08 17:40:31.774746
MAMK,30833568.0,2026-10-08 17:40:31.774746
MAMO,65643904.0,2026-10-08 17:40:31.774746
MAN,18718099456.0,2026-10-08 17:40:31.774746
MANE,,2026-10-08 17:40:31.774746
MANH,1126193024.0,2026-10-08 17:40:31.774746
MANU,,2026-10-08 17:40:31.774746
MAR,7384999936.0,2026-10-08 17:40:31.774746
MARA,804219008.0,2026-10-08 17:40:31.774746
MARPS,985720.0,2026-10-08 17:40:31.774746
MAS,7619999744.0,2026-10-08 17:40:31.774746
MASI,1558499968.0,2026-06-08 14:44:10.506241
MASK,6759478.0,2026-10-08 17:40:31.774746
MASS,60840000.0,2026-10-08 17:40:31.774746
MAT,5489929216.0,2026-10-08 17:40:31.774746
MATH,37132964.0,2026-10-08 17:40:31.774746
MATV,1988199936.0,2026-10-08 17:40:31.774746
MATW,1108238976.0,2026-10-08 17:40:31.774746
MATX,3459200000.0,2026-10-08 17:40:27.212550
MAX,1224547968.0,2026-10-08 17:40:27.212550
MAYS,21432632.0,2026-10-08 17:40:27.212550
MAZE,20000000.0,2026-10-08 17:40:27.212550
MB,,2026-10-08 17:40:27.212550
MBAI,2334921.0,2026-10-08 17:40:27.212550
MBAV,,2026-07-09 13:44:24.815460
MBAVU,,2026-07-09 13:44:24.815460
MBAVW,,2026-07-09 13:44:24.815460
MBBC,8997675.0,2026-10-08 17:40:27.212550
MBC,2776699904.0,2026-10-08 17:40:27.212550
MBGL,1814000000.0,2026-10-01 17:13:08.883541
MBGL-V,,2026-06-26 13:06:05.677386
MBI,88000000.0,2026-10-08 17:40:27.212550
MBIN,632339008.0,2026-10-08 17:40:27.212550
MBINL,632339008.0,2026-10-08 17:40:27.212550
MBINM,632339008.0,2026-10-08 17:40:27.212550
MBINN,632339008.0,2026-10-08 17:40:27.212550
MBIO,,2026-10-08 17:40:27.212550
MBLY,2016000000.0,2026-10-08 17:40:27.212550
MBNKO,155371008.0,2026-10-08 17:40:27.212550
MBOT,346000.0,2026-10-08 17:40:27.212550
MBRX,,2026-10-08 17:40:27.212550
MBUU,914590016.0,2026-10-08 17:40:27.212550
MBVI,,2026-10-08 17:40:27.212550
MBVIU,,2026-10-08 17:40:27.212550
MBVIW,,2026-10-08 17:40:27.212550
MBWM,263907008.0,2026-10-08 17:40:27.212550
MBX,,2026-10-08 17:40:27.212550
MC,1573993984.0,2026-10-08 17:40:27.212550
MCAH,,2026-09-22 15:19:17.140712
MCAHR,,2026-09-22 15:19:17.140712
MCAHU,,2026-10-08 17:40:27.212550
MCB,312012992.0,2026-10-08 17:40:27.212550
MCBS,184519008.0,2026-10-08 17:40:27.212550
MCD,27701999616.0,2026-10-08 17:40:27.212550
MCFT,348903008.0,2026-10-08 17:40:27.212550
MCGA,,2026-10-08 17:40:27.212550
MCGAU,,2026-10-08 17:40:27.212550
MCGAW,,2026-10-08 17:40:27.212550
MCHB,742465024.0,2026-10-08 17:40:27.212550
MCHP,5122299904.0,2026-10-08 17:40:27.212550
MCHPP,5122299904.0,2026-10-08 17:40:27.212550
MCHX,43982000.0,2026-10-08 17:40:27.212550
MCI,35398056.0,2026-10-08 17:40:27.212550
MCK,410983006208.0,2026-10-08 17:40:27.212550
MCN,3592271.0,2026-10-08 17:40:27.212550
MCO,8160000000.0,2026-10-08 17:40:27.212550
MCR,22344024.0,2026-06-08 14:44:10.506241
MCRB,1883000.0,2026-10-08 17:40:27.212550
MCRI,561964032.0,2026-10-08 17:40:27.212550
MCRP,,2026-10-08 17:40:27.212550
MCS,747892992.0,2026-10-08 17:40:27.212550
MCTA,4807713.0,2026-10-08 17:40:27.212550
MCY,6339579904.0,2026-10-08 17:40:27.212550
MD,1950625024.0,2026-10-08 17:40:27.212550
MDA,,2026-10-08 17:40:27.212550
MDAI,15393000.0,2026-10-08 17:40:27.212550
MDAIW,15393000.0,2026-10-08 17:40:27.212550
MDB,2782769920.0,2026-10-08 17:40:27.212550
MDBH,5476000.0,2026-10-08 17:40:27.212550
MDCX,,2026-10-08 17:40:27.212550
MDCXW,,2026-10-08 17:40:27.212550
MDGL,1283939968.0,2026-10-08 17:40:27.212550
MDIA,139416000.0,2026-10-08 17:40:27.212550
MDLN,29938999296.0,2026-10-08 17:40:27.212550
MDLZ,39674998784.0,2026-10-08 17:40:27.212550
MDRR,9577492.0,2026-10-08 17:40:27.212550
MDT,37541998592.0,2026-10-08 17:40:27.212550
MDU,1830327040.0,2026-10-08 17:40:27.212550
MDV,47014000.0,2026-08-09 11:22:14.590606
MDV$A,,2026-08-09 11:22:14.590606
MDWD,11863000.0,2026-10-08 17:40:27.212550
MDXG,355172992.0,2026-10-08 17:40:27.212550
MDXH,114024000.0,2026-10-08 17:40:27.212550
MEC,586340992.0,2026-10-08 17:40:27.212550
MED,316932992.0,2026-10-08 17:40:27.212550
MEDP,2782287872.0,2026-10-08 17:40:27.212550
MEDS,8022975.0,2026-09-21 16:43:31.380819
MEGI,,2026-10-08 17:40:27.212550
MEGL,,2026-10-08 17:40:27.212550
MEHA,6666752.0,2026-06-08 14:44:10.506241
MEI,1044099968.0,2026-10-08 17:40:27.212550
MELI,35181998080.0,2026-10-08 17:40:27.212550
MENS,,2026-10-08 17:40:27.212550
MEOH,4265221888.0,2026-10-08 17:40:27.212550
MER$K,,2026-10-08 17:40:27.212550
MERC,1857154048.0,2026-10-08 17:40:27.212550
MESH,,2026-10-08 17:40:27.212550
MESHU,,2026-10-08 17:40:27.212550
MESHW,,2026-10-08 17:40:27.212550
MESO,120250000.0,2026-10-08 17:40:27.212550
MET,79398002688.0,2026-10-08 17:40:27.212550
MET$A,,2026-10-08 17:40:27.212550
MET$E,,2026-10-08 17:40:27.212550
MET$F,,2026-10-08 17:40:27.212550
META,228246994944.0,2026-10-08 17:40:27.212550
METC,515415008.0,2026-10-08 17:40:27.212550
METCB,515415008.0,2026-10-08 17:40:27.212550
METCI,515415008.0,2026-10-08 17:40:27.212550
METCZ,515415008.0,2026-10-08 17:40:27.212550
MEVO,,2026-10-08 17:40:27.212550
MEVOU,,2026-10-08 17:40:27.212550
MEVOW,,2026-10-08 17:40:27.212550
MF,24040028.0,2026-09-19 14:05:04.819037
MFA,302828992.0,2026-10-08 17:40:27.212550
MFA$B,,2026-10-08 17:40:27.212550
MFA$C,,2026-10-08 17:40:27.212550
MFAN,,2026-10-08 17:40:27.212550
MFAO,,2026-10-08 17:40:27.212550
MFC,,2026-10-08 17:40:27.212550
MFG,,2026-10-08 17:40:27.212550
MFI,,2026-10-08 17:40:27.212550
MFIC,300983008.0,2026-10-08 17:40:27.212550
MFICL,271686272.0,2026-10-08 17:40:27.212550
MFIN,349967008.0,2026-10-08 17:40:27.212550
MFM,17369056.0,2026-10-08 17:40:27.212550
MFP,938356992.0,2026-10-06 17:00:28.501908
MFPVV,,2026-06-26 13:06:05.677386
MG,739169984.0,2026-10-08 17:40:27.212550
MGA,42671001600.0,2026-10-08 17:40:27.212550
MGEE,752129984.0,2026-10-08 17:40:27.212550
MGF,4077320.0,2026-10-08 17:40:27.212550
MGIH,22044520.0,2026-10-08 17:40:27.212550
MGLD,25313000.0,2026-10-08 17:40:27.212550
MGM,17761441792.0,2026-10-08 17:40:27.212550
MGN,,2026-10-08 17:40:27.212550
MGNI,742044032.0,2026-10-08 17:40:27.212550
MGNX,175142000.0,2026-10-08 17:40:27.212550
MGPI,500012000.0,2026-10-08 17:40:27.212550
MGR,,2026-10-08 17:40:27.212550
MGRB,,2026-10-08 17:40:27.212550
MGRC,932857024.0,2026-10-08 17:40:27.212550
MGRD,,2026-10-08 17:40:27.212550
MGRE,,2026-10-08 17:40:27.212550
MGRT,6236106.0,2026-10-08 17:40:27.212550
MGRX,315227.0,2026-10-08 17:40:27.212550
MGTX,397500992.0,2026-10-08 17:40:27.212550
MGX,13561000.0,2026-10-08 17:40:27.212550
MGY,1479885056.0,2026-10-08 17:40:27.212550
MGYR,38348000.0,2026-10-08 17:40:27.212550
MH,2116973952.0,2026-10-08 17:40:27.212550
MHD,115215648.0,2026-10-08 17:40:27.212550
MHF,6645573.0,2026-10-08 17:40:27.212550
MHH,176487008.0,2026-10-08 17:40:27.212550
MHK,11177600000.0,2026-10-08 17:40:27.212550
MHLA,,2026-10-08 17:40:27.212550
MHNC,,2026-10-08 17:40:27.212550
MHO,4263060992.0,2026-10-08 17:40:27.212550
MI,520829.0,2026-10-08 17:40:27.212550
MIAC,,2026-09-24 15:38:57.194228
MIACU,,2026-10-01 17:13:08.883541
MIACW,,2026-09-24 15:38:57.194228
MIAX,1466530944.0,2026-10-08 17:40:27.212550
MICC,,2026-10-08 17:40:27.212550
MIDD,3389236992.0,2026-10-08 17:40:27.212550
MIDDV,,2026-06-26 13:06:05.677386
MIMI,2290619.0,2026-10-08 17:40:27.212550
MIN,12304650.0,2026-10-08 17:40:27.212550
MIND,34778000.0,2026-10-08 17:40:27.212550
MINE,,2026-10-08 17:40:27.212550
MIR,1024899968.0,2026-10-08 17:40:27.212550
MIRA,,2026-10-08 17:40:27.212550
MIRM,618067008.0,2026-10-08 17:40:27.212550
MIST,2343000.0,2026-10-08 17:40:27.212550
MITK,197902000.0,2026-10-08 17:40:27.212550
MITN,,2026-10-08 17:40:27.212550
MITP,,2026-10-08 17:40:27.212550
MITQ,17317000.0,2026-10-08 17:40:27.212550
MITT,81897000.0,2026-10-08 17:40:27.212550
MITT$A,,2026-10-08 17:40:27.212550
MITT$B,,2026-10-08 17:40:27.212550
MITT$C,,2026-10-08 17:40:27.212550
MIY,26697136.0,2026-10-08 17:40:27.212550
MKC,7685700096.0,2026-10-08 17:40:27.212550
MKC-V,7685700096.0,2026-10-08 17:40:27.212550
MKDW,2384391.0,2026-10-08 17:40:27.212550
MKDWW,2384391.0,2026-10-08 17:40:27.212550
MKL,16596448256.0,2026-10-08 17:40:27.212550
MKLY,,2026-10-08 17:40:27.212550
MKLYR,,2026-10-08 17:40:27.212550
MKLYU,,2026-10-08 17:40:27.212550
MKSI,4346999808.0,2026-10-08 17:40:27.212550
MKTW,317502016.0,2026-10-08 17:40:27.212550
MKTX,870025024.0,2026-10-08 17:40:27.212550
MKZR,20437426.0,2026-10-08 17:40:27.212550
MLAA,,2026-10-08 17:40:27.212550
MLAAU,,2026-10-08 17:40:27.212550
MLAAW,,2026-10-08 17:40:27.212550
MLAB,249724992.0,2026-10-08 17:40:27.212550
MLAC,,2026-06-08 14:44:10.506241
MLACR,,2026-06-08 14:44:10.506241
MLACU,,2026-06-08 14:44:10.506241
MLCI,31175000.0,2026-10-08 17:40:27.212550
MLCIL,,2026-10-08 17:40:27.212550
MLCO,5221691904.0,2026-10-08 17:40:27.212550
MLEC,,2026-10-08 17:40:27.212550
MLECW,,2026-10-08 17:40:27.212550
MLGO,,2026-10-08 17:40:27.212550
MLI,4661136896.0,2026-10-08 17:40:27.212550
MLKN,3809400064.0,2026-10-08 17:40:27.212550
MLM,6688000000.0,2026-10-08 17:40:27.212550
MLP,16148000.0,2026-10-08 17:40:27.212550
MLPB,,2026-10-08 17:40:27.212550
MLR,771443968.0,2026-10-08 17:40:27.212550
MLSS,9421167.0,2026-10-08 17:40:27.212550
MLTX,,2026-10-08 17:40:27.212550
MLYS,,2026-10-08 17:40:27.212550
MMA,,2026-10-08 17:40:27.212550
MMD,23616464.0,2026-10-08 17:40:27.212550
MMED,3222000128.0,2026-10-08 17:40:27.212550
MMEDV,,2026-10-01 17:13:08.883541
MMI,812224000.0,2026-10-08 17:40:27.212550
MMLP,744168000.0,2026-10-08 17:40:27.212550
MMM,25180000256.0,2026-10-08 17:40:27.212550
MMS,5248398848.0,2026-10-08 17:40:27.212550
MMSI,1578813056.0,2026-10-08 17:40:27.212550
MMT,22274464.0,2026-10-08 17:40:27.212550
MMTX,,2026-10-08 17:40:27.212550
MMTXU,,2026-10-08 17:40:27.212550
MMTXW,,2026-10-08 17:40:27.212550
MMU,38607816.0,2026-10-08 17:40:27.212550
MMYT,1060723968.0,2026-10-08 17:40:27.212550
MNDO,19405000.0,2026-10-08 17:40:27.212550
MNDR,7319633.0,2026-10-08 17:40:27.212550
MNDY,1366619008.0,2026-10-08 17:40:27.212550
MNKD,393628992.0,2026-10-08 17:40:27.212550
MNOV,920481.0,2026-10-08 17:40:27.212550
MNPR,,2026-10-08 17:40:27.212550
MNR,1298400000.0,2026-10-08 17:40:27.212550
MNRO,1143270016.0,2026-10-08 17:40:27.212550
MNSB,72222000.0,2026-10-08 17:40:27.212550
MNSBP,72222000.0,2026-10-08 17:40:27.212550
MNSO,,2026-10-08 17:40:27.212550
MNST,9218957312.0,2026-10-08 17:40:27.212550
MNTK,189099008.0,2026-10-08 17:40:27.212550
MNTN,313331008.0,2026-10-08 17:40:27.212550
MNTS,3837000.0,2026-10-08 17:40:27.212550
MNTSW,4003000.0,2026-08-09 11:22:14.590606
MNY,73358384.0,2026-10-08 17:40:27.212550
MNYWW,73358384.0,2026-10-08 17:40:27.212550
MO,20444000256.0,2026-10-08 17:40:27.212550
MOB,3638601.0,2026-10-08 17:40:27.212550
MOBBW,3638601.0,2026-10-08 17:40:27.212550
MOBI,45284976.0,2026-10-08 17:40:27.212550
MOBX,5516000.0,2026-10-08 17:40:27.212550
MOBXW,5516000.0,2026-10-08 17:40:27.212550
MOD,3372400128.0,2026-10-08 17:40:27.212550
MODD,,2026-10-08 17:40:27.212550
MOG-A,4317976064.0,2026-10-08 17:40:27.212550
MOG-B,4317976064.0,2026-10-08 17:40:27.212550
MOGU,,2026-10-08 17:40:27.212550
MOH,42468999168.0,2026-10-08 17:40:27.212550
MOLN,,2026-10-08 17:40:27.212550
MOMO,,2026-10-08 17:40:27.212550
MORN,2566500096.0,2026-10-08 17:40:27.212550
MOS,12247900160.0,2026-10-08 17:40:27.212550
MOV,689865984.0,2026-10-08 17:40:27.212550
MOVE,11105000.0,2026-10-08 17:40:27.212550
MP,416246016.0,2026-10-08 17:40:27.212550
MPA,12107348.0,2026-10-08 17:40:27.212550
MPAA,769462976.0,2026-10-08 17:40:27.212550
MPB,263518000.0,2026-10-08 17:40:27.212550
MPC,154145996800.0,2026-10-08 17:40:27.212550
MPLT,,2026-10-08 17:40:27.212550
MPLX,12033999872.0,2026-10-08 17:40:27.212550
MPT,1104899968.0,2026-10-08 17:40:27.212550
MPTI,58198000.0,2026-10-08 17:40:27.212550
MPU,21780300.0,2026-10-08 17:40:27.212550
MPV,17197748.0,2026-10-08 17:40:27.212550
MPWR,3273157888.0,2026-10-08 17:40:27.212550
MQ,677212032.0,2026-10-08 17:40:27.212550
MQY,106851440.0,2026-10-08 17:40:27.212550
MRAM,62471000.0,2026-10-08 17:40:27.212550
MRBK,113626000.0,2026-10-08 17:40:27.212550
MRCO,,2026-09-17 15:23:36.979615
MRCOU,,2026-10-08 17:40:31.774746
MRCOW,,2026-09-17 15:23:36.979615
MRCY,983622016.0,2026-10-08 17:40:27.212550
MRDN,197192816.0,2026-10-08 17:40:27.212550
MREO,0.0,2026-10-08 17:40:27.212550
MRK,66568998912.0,2026-10-08 17:40:27.212550
MRKR,3546669.0,2026-10-08 17:40:27.212550
MRLN,6771000.0,2026-10-08 17:40:27.212550
MRM,,2026-10-08 17:40:27.212550
MRNA,2228000000.0,2026-10-08 17:40:27.212550
MRNO,,2026-10-08 17:40:27.212550
MRNOW,,2026-10-08 17:40:27.212550
MRP,760542016.0,2026-10-08 17:40:27.212550
MRSH,27946999808.0,2026-10-08 17:40:27.212550
MRT,60327360.0,2026-10-08 17:40:27.212550
MRTN,857646976.0,2026-10-08 17:40:27.212550
MRVI,208775008.0,2026-10-08 17:40:27.212550
MRVL,9450300416.0,2026-10-08 17:40:27.212550
MRX,3488600064.0,2026-10-08 17:40:27.212550
MS,77827997696.0,2026-10-08 17:40:27.212550
MS$A,,2026-10-08 17:40:27.212550
MS$E,,2026-10-08 17:40:27.212550
MS$F,,2026-10-08 17:40:27.212550
MS$I,,2026-10-08 17:40:27.212550
MS$K,,2026-10-08 17:40:27.212550
MS$L,,2026-10-08 17:40:27.212550
MS$O,,2026-10-08 17:40:27.212550
MS$P,,2026-10-08 17:40:27.212550
MS$Q,,2026-10-08 17:40:27.212550
MSA,1946317056.0,2026-10-08 17:40:27.212550
MSAI,6271000.0,2026-10-08 17:40:27.212550
MSAIW,6271000.0,2026-10-08 17:40:27.212550
MSB,11908729.0,2026-10-08 17:40:27.212550
MSBI,286145984.0,2026-10-08 17:40:27.212550
MSBIP,286145984.0,2026-10-08 17:40:27.212550
MSC,684080000.0,2026-10-08 17:40:27.212550
MSCI,3333758976.0,2026-10-08 17:40:27.212550
MSD,12833000.0,2026-10-08 17:40:27.212550
MSDL,374159008.0,2026-10-08 17:40:27.212550
MSEX,206140992.0,2026-10-08 17:40:27.212550
MSFT,331839012864.0,2026-10-08 17:40:27.212550
MSGE,1060784000.0,2026-10-08 17:40:27.212550
MSGM,14518856.0,2026-10-08 17:40:27.212550
MSGS,1153821952.0,2026-10-08 17:40:27.212550
MSGY,23555840.0,2026-10-08 17:40:27.212550
MSI,12236999680.0,2026-10-08 17:40:27.212550
MSIF,140070000.0,2026-10-08 17:40:27.212550
MSLE,,2026-10-08 17:40:27.212550
MSM,3908716032.0,2026-10-08 17:40:27.212550
MSN,5689000.0,2026-10-08 17:40:27.212550
MSS,118702264.0,2026-10-08 17:40:27.212550
MSTR,498347008.0,2026-10-08 17:40:27.212550
MSW,24874318.0,2026-06-08 14:44:10.506241
MT,62846001152.0,2026-10-08 17:40:27.212550
MTA,15611000.0,2026-10-08 17:40:27.212550
MTAK,,2026-09-17 15:23:36.979615
MTAKU,,2026-09-24 15:38:57.194228
MTAKW,,2026-09-17 15:23:36.979615
MTAL,,2026-10-08 17:40:27.212550
MTAL-U,,2026-10-08 17:40:27.212550
MTAL-W,,2026-10-08 17:40:27.212550
MTB,9450999808.0,2026-10-08 17:40:27.212550
MTB$H,,2026-10-08 17:40:27.212550
MTB$J,,2026-10-08 17:40:27.212550
MTB$K,,2026-10-08 17:40:27.212550
MTB$L,,2026-09-27 15:28:41.135149
MTC,0.0,2026-10-08 17:40:27.212550
MTCH,3509319936.0,2026-10-08 17:40:27.212550
MTD,4133874944.0,2026-10-08 17:40:27.212550
MTDR,3839689984.0,2026-10-08 17:40:27.212550
MTEK,2711742.0,2026-10-08 17:40:27.212550
MTEKW,2711742.0,2026-10-08 17:40:27.212550
MTEN,11664925.0,2026-10-08 17:40:27.212550
MTEX,107363000.0,2026-10-08 17:40:27.212550
MTG,1195622016.0,2026-10-08 17:40:27.212550
MTH,5391501824.0,2026-10-08 17:40:27.212550
MTLS,,2026-10-08 17:40:27.212550
MTN,2838203904.0,2026-10-08 17:40:27.212550
MTNB,,2026-10-08 17:40:27.212550
MTNE,,2026-09-22 15:19:17.140712
MTNE-U,,2026-10-08 17:40:27.212550
MTNE-W,,2026-09-22 15:19:17.140712
MTR,553163.0,2026-10-08 17:40:27.212550
MTRN,2098291968.0,2026-10-08 17:40:27.212550
MTRX,873632000.0,2026-10-08 17:40:27.212550
MTSI,1163974016.0,2026-10-08 17:40:27.212550
MTUS,1222499968.0,2026-10-08 17:40:27.212550
MTVA,,2026-10-08 17:40:27.212550
MTW,2320000000.0,2026-10-08 17:40:27.212550
MTX,2147200000.0,2026-10-08 17:40:27.212550
MTZ,16109103104.0,2026-10-08 17:40:27.212550
MU,133188001792.0,2026-10-08 17:40:27.212550
MUA,31939316.0,2026-10-08 17:40:27.212550
MUA-R,,2026-08-04 12:54:48.179960
MUA-V,,2026-07-27 13:34:20.974487
MUC,85651656.0,2026-10-08 17:40:27.212550
MUFG,,2026-10-08 17:40:27.212550
MUJ,49237440.0,2026-10-08 17:40:27.212550
MUR,2992736000.0,2026-10-08 17:40:27.212550
MUSA,19094800384.0,2026-10-08 17:40:27.212550
MUX,248440000.0,2026-10-08 17:40:27.212550
MUZE,,2026-10-08 17:40:27.212550
MUZEU,,2026-10-08 17:40:27.212550
MUZEW,,2026-10-08 17:40:27.212550
MVBF,174240992.0,2026-10-08 17:40:27.212550
MVIS,2872000.0,2026-10-08 17:40:27.212550
MVO,10150268.0,2026-07-09 13:44:24.815460
MVST,367560000.0,2026-10-08 17:40:27.212550
MVSTW,371636992.0,2026-07-09 13:44:24.815460
MWA,1479299968.0,2026-10-08 17:40:27.212550
MWC,,2026-10-08 17:40:27.212550
MWG,44768000.0,2026-10-08 17:40:27.212550
MWH,3174745088.0,2026-10-08 17:40:27.212550
MWYN,5292061.0,2026-10-08 17:40:27.212550
MX,177428000.0,2026-10-08 17:40:27.212550
MXC,6787553.0,2026-10-08 17:40:27.212550
MXCT,31051000.0,2026-10-08 17:40:27.212550
MXE,2088762.0,2026-10-08 17:40:27.212550
MXF,13303228.0,2026-10-08 17:40:27.212550
MXL,568929984.0,2026-10-08 17:40:27.212550
MYE,844625024.0,2026-10-08 17:40:27.212550
MYFW,106665000.0,2026-10-08 17:40:27.212550
MYGN,806600000.0,2026-10-08 17:40:27.212550
MYI,61663664.0,2026-10-08 17:40:27.212550
MYN,31698086.0,2026-10-08 17:40:27.212550
MYND,152028000.0,2026-10-08 17:40:27.212550
MYO,43261848.0,2026-10-08 17:40:27.212550
MYPS,226452000.0,2026-10-08 17:40:27.212550
MYPSW,230798000.0,2026-06-08 14:44:10.506241
MYRG,4006051072.0,2026-10-08 17:40:27.212550
MYSE,499.0,2026-10-08 17:40:27.212550
MYSEW,540.0,2026-08-09 11:22:14.590606
MYSZ,11341000.0,2026-10-08 17:40:27.212550
MYX,,2026-10-08 17:40:27.212550
MYXXR,,2026-10-08 17:40:27.212550
MYXXU,,2026-10-08 17:40:27.212550
MYXXW,,2026-10-08 17:40:27.212550
MZTI,1929822976.0,2026-10-08 17:40:27.212550
MZYX,,2026-10-08 17:40:27.212550
MZYX-U,,2026-10-08 17:40:27.212550
MZYX-W,,2026-10-08 17:40:27.212550
NAAS,,2026-10-08 17:40:27.212550
NABL,533412992.0,2026-10-08 17:40:27.212550
NAC,134400272.0,2026-10-08 17:40:27.212550
NAD,228679536.0,2026-10-08 17:40:27.212550
NAGE,129084000.0,2026-10-08 17:40:27.212550
NAII,142515008.0,2026-10-08 17:40:27.212550
NAK,,2026-10-08 17:40:27.212550
NAKA,28400316.0,2026-10-08 17:40:27.212550
NAMI,,2026-10-08 17:40:27.212550
NAMM,97048000.0,2026-10-08 17:40:27.212550
NAMMW,97048000.0,2026-10-08 17:40:27.212550
NAMS,7121000.0,2026-10-08 17:40:27.212550
NAMSW,7121000.0,2026-10-08 17:40:27.212550
NAN,28522116.0,2026-10-08 17:40:27.212550
NAT,371135008.0,2026-10-08 17:40:27.212550
NATH,169127008.0,2026-10-08 17:40:27.212550
NATL,4418999808.0,2026-10-08 17:40:27.212550
NATR,492023008.0,2026-10-08 17:40:27.212550
NAUT,190000.0,2026-10-08 17:40:27.212550
NAVI,334000000.0,2026-10-08 17:40:27.212550
NAVN,825873024.0,2026-10-08 17:40:27.212550
NAZ,9699296.0,2026-10-08 17:40:27.212550
NB,,2026-10-08 17:40:27.212550
NBB,,2026-10-08 17:40:27.212550
NBBK,249195008.0,2026-10-08 17:40:27.212550
NBH,28007928.0,2026-10-08 17:40:27.212550
NBHC,452265984.0,2026-10-08 17:40:27.212550
NBIS,1355100032.0,2026-10-08 17:40:27.212550
NBIX,3373900032.0,2026-10-08 17:40:27.212550
NBN,236956000.0,2026-10-08 17:40:27.212550
NBP,,2026-10-08 17:40:27.212550
NBR,3214062080.0,2026-10-08 17:40:27.212550
NBRG,,2026-10-08 17:40:27.212550
NBRGR,,2026-10-08 17:40:27.212550
NBRGU,,2026-10-08 17:40:27.212550
NBTB,723808000.0,2026-10-08 17:40:27.212550
NBTX,,2026-10-08 17:40:27.212550
NBXG,,2026-10-08 17:40:27.212550
NC,278476992.0,2026-10-08 17:40:27.212550
NCA,13248142.0,2026-10-08 17:40:27.212550
NCDL,,2026-10-08 17:40:27.212550
NCEL,,2026-10-08 17:40:27.212550
NCEW,51253240.0,2026-10-08 17:40:27.212550
NCI,,2026-10-08 17:40:27.212550
NCL,15125502.0,2026-08-09 11:22:14.590606
NCLH,10154306560.0,2026-10-08 17:40:27.212550
NCMI,249000000.0,2026-10-08 17:40:27.212550
NCNA,,2026-10-08 17:40:27.212550
NCNO,622243968.0,2026-10-08 17:40:27.212550
NCO,,2026-09-29 16:42:51.379190
NCOOR,,2026-09-29 16:42:51.379190
NCOOU,,2026-09-20 14:23:53.357029
NCOOW,,2026-09-29 16:42:51.379190
NCPL,739504.0,2026-10-08 17:40:27.212550
NCPLW,739504.0,2026-10-08 17:40:27.212550
NCRA,6942099.0,2026-10-08 17:40:27.212550
NCSM,181168992.0,2026-08-09 11:22:14.590606
NCT,24337576.0,2026-10-08 17:40:27.212550
NCTY,,2026-10-08 17:40:27.212550
NCV,22364000.0,2026-10-08 17:40:27.212550
NCV$A,,2026-10-08 17:40:27.212550
NCZ,16664000.0,2026-10-08 17:40:27.212550
NCZ$A,,2026-10-08 17:40:27.212550
NDAQ,5614000128.0,2026-10-08 17:40:27.212550
NDLS,495684992.0,2026-10-08 17:40:27.212550
NDMO,,2026-10-08 17:40:27.212550
NDRA,,2026-10-08 17:40:27.212550
NDSN,2979794944.0,2026-10-08 17:40:27.212550
NE,2884698880.0,2026-10-08 17:40:27.212550
NE-A,,2026-10-08 17:40:27.212550
NE-W,,2026-10-08 17:40:27.212550
NEA,269905664.0,2026-10-08 17:40:27.212550
NECB,103095000.0,2026-10-08 17:40:27.212550
NEE,28700000256.0,2026-10-08 17:40:27.212550
NEE$N,,2026-10-08 17:40:27.212550
NEE$S,,2026-10-08 17:40:27.212550
NEE$T,,2026-10-08 17:40:27.212550
NEE$U,,2026-10-08 17:40:27.212550
NEE$V,,2026-10-08 17:40:27.212550
NEE$W,,2026-10-08 17:40:27.212550
NEGG,1375449984.0,2026-10-08 17:40:27.212550
NEM,25767000064.0,2026-10-08 17:40:27.212550
NEN,97228336.0,2026-10-08 17:40:27.212550
NEO,766294976.0,2026-10-08 17:40:27.212550
NEOG,884000000.0,2026-10-08 17:40:27.212550
NEON,2041000.0,2026-10-08 17:40:27.212550
NEOV,13332953.0,2026-10-08 17:40:27.212550
NEOVW,13332953.0,2026-10-08 17:40:27.212550
NEPH,20722000.0,2026-10-08 17:40:27.212550
NERV,,2026-10-08 17:40:27.212550
NESR,1618914944.0,2026-10-08 17:40:27.212550
NET,2512349952.0,2026-10-08 17:40:27.212550
NEU,2742524928.0,2026-10-08 17:40:27.212550
NEUP,1174165.0,2026-10-08 17:40:27.212550
NEWP,,2026-10-08 17:40:27.212550
NEWT,406631008.0,2026-10-08 17:40:27.212550
NEWTG,,2026-10-08 17:40:27.212550
NEWTH,301043008.0,2026-10-08 17:40:27.212550
NEWTI,,2026-10-08 17:40:27.212550
NEWTO,406631008.0,2026-10-08 17:40:27.212550
NEWTP,406631008.0,2026-10-08 17:40:27.212550
NEXA,3462774016.0,2026-10-08 17:40:27.212550
NEXM,,2026-10-08 17:40:27.212550
NEXN,382862016.0,2026-10-08 17:40:27.212550
NEXR,20262000.0,2026-10-08 17:40:27.212550
NEXRW,20262000.0,2026-10-08 17:40:27.212550
NEXT,,2026-10-08 17:40:27.212550
NFBK,154811008.0,2026-07-09 13:44:24.815460
NFE,1266651008.0,2026-10-08 17:40:27.212550
NFEGP,,2026-09-14 16:43:23.543461
NFG,2513656064.0,2026-10-08 17:40:27.212550
NFGC,,2026-10-08 17:40:27.212550
NFJ,28068000.0,2026-10-08 17:40:27.212550
NFLX,48370765824.0,2026-10-08 17:40:27.212550
NG,,2026-10-08 17:40:27.212550
NGEN,,2026-10-08 17:40:27.212550
NGG,,2026-10-08 17:40:27.212550
NGL,3523994880.0,2026-10-08 17:40:27.212550
NGL$B,,2026-10-08 17:40:27.212550
NGL$C,,2026-10-08 17:40:27.212550
NGNE,,2026-10-08 17:40:27.212550
NGS,189418000.0,2026-10-08 17:40:27.212550
NGVC,1343835008.0,2026-10-08 17:40:27.212550
NGVT,1160300032.0,2026-10-08 17:40:27.212550
NHC,1559020032.0,2026-10-08 17:40:27.212550
NHI,435783008.0,2026-10-08 17:40:27.212550
NHIC,,2026-09-08 14:50:31.060341
NHICU,,2026-09-08 14:50:31.060341
NHICW,,2026-09-08 14:50:31.060341
NHIV,,2026-10-08 17:40:27.212550
NHIVU,,2026-10-08 17:40:27.212550
NHIVW,,2026-10-08 17:40:27.212550
NHP,344319008.0,2026-10-08 17:40:27.212550
NHPAP,344319008.0,2026-08-09 11:22:14.590606
NHPBP,344319008.0,2026-09-08 14:50:31.060341
NHS,23614460.0,2026-10-08 17:40:27.212550
NHTC,36035000.0,2026-10-08 17:40:27.212550
NI,6881500160.0,2026-10-08 17:40:27.212550
NIC,510222016.0,2026-10-08 17:40:27.212550
NICE,3069404928.0,2026-10-08 17:40:27.212550
NICM,,2026-10-08 17:40:27.212550
NIE,,2026-10-08 17:40:27.212550
NIKI,,2026-09-19 14:05:04.819037
NIM,4946575.0,2026-10-08 17:40:27.212550
NINE,535995008.0,2026-10-08 17:40:27.212550
NIO,,2026-10-08 17:40:27.212550
NIOBW,,2026-10-08 17:40:27.212550
NIPG,126526544.0,2026-10-08 17:40:27.212550
NIQ,,2026-10-08 17:40:27.212550
NIU,,2026-10-08 17:40:27.212550
NIVF,4726433.0,2026-10-08 17:40:27.212550
NIVFW,4726433.0,2026-10-08 17:40:27.212550
NIXX,128467000.0,2026-10-08 17:40:27.212550
NIXXW,125738000.0,2026-06-08 14:44:10.506241
NJR,2229512960.0,2026-10-08 17:40:27.212550
NKE,45890998272.0,2026-10-08 17:40:27.212550
NKLR,,2026-10-08 17:40:27.212550
NKSH,60565000.0,2026-10-08 17:40:27.212550
NKTR,54589000.0,2026-10-08 17:40:27.212550
NKTX,,2026-10-08 17:40:27.212550
NKX,46964464.0,2026-10-08 17:40:27.212550
NL,161830000.0,2026-10-08 17:40:27.212550
NLOP,65351000.0,2026-10-08 17:40:27.212550
NLY,3254557952.0,2026-10-08 17:40:27.212550
NLY$F,,2026-10-08 17:40:27.212550
NLY$G,,2026-10-08 17:40:27.212550
NLY$I,,2026-09-08 14:50:31.060341
NLY$J,,2026-10-08 17:40:27.212550
NMAD,,2026-10-06 17:00:28.501908
NMAI,,2026-10-08 17:40:27.212550
NMAX,203287440.0,2026-10-08 17:40:27.212550
NMCO,65046112.0,2026-10-08 17:40:27.212550
NMCO-R,,2026-09-10 14:43:12.525053
NMCO-V,,2026-09-04 14:40:23.835421
NMFC,288200000.0,2026-10-08 17:40:27.212550
NMFCZ,,2026-10-08 17:40:27.212550
NMG,,2026-10-08 17:40:27.212550
NMI,5748778.0,2026-10-08 17:40:27.212550
NMIH,730780992.0,2026-10-08 17:40:27.212550
NML,,2026-10-08 17:40:27.212550
NMM,1479645952.0,2026-10-08 17:40:27.212550
NMP,,2026-10-08 17:40:27.212550
NMPAR,,2026-10-08 17:40:27.212550
NMPAU,,2026-10-08 17:40:27.212550
NMR,,2026-10-08 17:40:27.212550
NMRA,,2026-10-08 17:40:27.212550
NMRK,3604357120.0,2026-10-08 17:40:27.212550
NMS,,2026-10-08 17:40:27.212550
NMT,7873324.0,2026-10-08 17:40:27.212550
NMTC,12468715.0,2026-10-08 17:40:27.212550
NMZ,110448368.0,2026-10-08 17:40:27.212550
NN,3977000.0,2026-10-08 17:40:27.212550
NNAVW,4029000.0,2026-06-08 14:44:10.506241
NNBR,455791008.0,2026-10-08 17:40:27.212550
NNDM,120887000.0,2026-10-08 17:40:27.212550
NNE,214042.0,2026-10-08 17:40:27.212550
NNI,1488691968.0,2026-10-08 17:40:27.212550
NNN,953246976.0,2026-10-08 17:40:27.212550
NNNN,8646844.0,2026-10-08 17:40:27.212550
NNOX,15633000.0,2026-10-08 17:40:27.212550
NNVC,,2026-10-08 17:40:27.212550
NNY,7595608.0,2026-10-08 17:40:27.212550
NOA,,2026-10-08 17:40:27.212550
NOAH,,2026-10-08 17:40:27.212550
NOC,42892001280.0,2026-10-08 17:40:27.212550
NODK,267395008.0,2026-10-08 17:40:27.212550
NOEM,,2026-10-08 17:40:27.212550
NOEMR,,2026-10-08 17:40:27.212550
NOEMU,,2026-10-08 17:40:27.212550
NOEMW,,2026-10-08 17:40:27.212550
NOG,2012178944.0,2026-10-08 17:40:27.212550
NOK,,2026-10-08 17:40:27.212550
NOMA,1495741.0,2026-10-08 17:40:27.212550
NOMD,,2026-10-08 17:40:27.212550
NOTV,507356000.0,2026-06-08 14:44:10.506241
NOV,8638999552.0,2026-10-08 17:40:27.212550
NOVT,1029699008.0,2026-10-08 17:40:27.212550
NOVTU,1029699008.0,2026-10-08 17:40:27.212550
NOW,14732000256.0,2026-10-08 17:40:27.212550
NP,181799008.0,2026-10-08 17:40:27.212550
NPAC,,2026-10-08 17:40:27.212550
NPACU,,2026-10-08 17:40:27.212550
NPACW,,2026-10-08 17:40:27.212550
NPB,257248000.0,2026-10-08 17:40:27.212550
NPCE,106993000.0,2026-10-08 17:40:27.212550
NPCT,,2026-10-08 17:40:27.212550
NPFD,49022980.0,2026-10-08 17:40:27.212550
NPK,544681024.0,2026-10-08 17:40:27.212550
NPKI,300688000.0,2026-10-08 17:40:27.212550
NPO,1223800064.0,2026-10-08 17:40:27.212550
NPT,614567808.0,2026-10-08 17:40:27.212550
NPV,16706706.0,2026-10-08 17:40:27.212550
NPWR,,2026-10-08 17:40:27.212550
NPWR-W,,2026-10-08 17:40:27.212550
NRC,139996992.0,2026-10-08 17:40:27.212550
NRDS,860000000.0,2026-10-08 17:40:27.212550
NRDY,178096000.0,2026-10-08 17:40:27.212550
NREF,151295008.0,2026-10-08 17:40:27.212550
NREF$A,,2026-10-08 17:40:27.212550
NRG,33124999168.0,2026-10-08 17:40:27.212550
NRGV,225872992.0,2026-10-08 17:40:27.212550
NRIM,215726000.0,2026-10-08 17:40:27.212550
NRIX,36766000.0,2026-10-08 17:40:27.212550
NRK,75987992.0,2026-10-08 17:40:27.212550
NRO,11827084.0,2026-10-08 17:40:27.212550
NRP,199964992.0,2026-10-08 17:40:27.212550
NRSN,,2026-10-08 17:40:27.212550
NRSNW,,2026-10-08 17:40:27.212550
NRT,10368682.0,2026-10-08 17:40:27.212550
NRUC,,2026-10-08 17:40:27.212550
NRXP,3394000.0,2026-10-08 17:40:27.212550
NRXS,5316119.0,2026-10-08 17:40:27.212550
NSA,749542976.0,2026-07-09 13:44:24.815460
NSA$A,,2026-07-09 13:44:24.815460
NSA$B,,2026-07-09 13:44:24.815460
NSAI,,2026-10-02 16:26:48.954695
NSAIR,,2026-10-02 16:26:48.954695
NSAIU,,2026-09-18 14:43:30.195902
NSAIW,,2026-10-02 16:26:48.954695
NSC,12540000256.0,2026-10-08 17:40:27.212550
NSIT,8579624960.0,2026-10-08 17:40:27.212550
NSLR,2051513.0,2026-10-01 17:13:08.883541
NSLRL,,2026-10-01 17:13:08.883541
NSP,6872000000.0,2026-10-08 17:40:27.212550
NSPR,10841000.0,2026-10-08 17:40:27.212550
NSRX,,2026-10-08 17:40:27.212550
NSSC,202316000.0,2026-10-08 17:40:27.212550
NSTR,,2026-10-02 16:26:48.954695
NSTR-W,,2026-10-02 16:26:48.954695
NSTS,11015000.0,2026-09-08 14:50:31.060341
NSYS,124651000.0,2026-10-08 17:40:27.212550
NTAP,7391000064.0,2026-10-08 17:40:27.212550
NTB,625164032.0,2026-10-08 17:40:27.212550
NTCL,12510534.0,2026-10-08 17:40:27.212550
NTCT,883158016.0,2026-10-08 17:40:27.212550
NTES,,2026-10-08 17:40:27.212550
NTGR,694409984.0,2026-10-08 17:40:27.212550
NTHI,39990.0,2026-10-08 17:40:27.212550
NTIC,91836720.0,2026-10-08 17:40:27.212550
NTIP,0.0,2026-10-08 17:40:27.212550
NTLA,59506000.0,2026-10-08 17:40:27.212550
NTNX,2853544960.0,2026-10-08 17:40:27.212550
NTR,27288000512.0,2026-10-08 17:40:27.212550
NTRA,2707076096.0,2026-10-08 17:40:27.212550
NTRB,1617680.0,2026-10-08 17:40:27.212550
NTRBW,1617680.0,2026-09-08 14:50:31.060341
NTRP,5028436.0,2026-10-08 17:40:27.212550
NTRS,9085500416.0,2026-10-08 17:40:27.212550
NTRSO,9085500416.0,2026-10-08 17:40:27.212550
NTSK,802636032.0,2026-10-08 17:40:27.212550
NTST,219156000.0,2026-10-08 17:40:27.212550
NTWK,74371376.0,2026-10-08 17:40:27.212550
NTWO,,2026-10-08 17:40:27.212550
NTWOU,,2026-10-08 17:40:27.212550
NTWOW,,2026-10-08 17:40:27.212550
NTZ,,2026-08-09 11:22:14.590606
NU,8442067968.0,2026-10-08 17:40:27.212550
NUAI,900915.0,2026-10-08 17:40:27.212550
NUAIW,900915.0,2026-10-08 17:40:27.212550
NUCL,,2026-10-08 17:40:27.212550
NUCLW,,2026-10-08 17:40:27.212550
NUE,36101001216.0,2026-10-08 17:40:27.212550
NUR,,2026-09-17 15:23:36.979615
NUS,1375250944.0,2026-10-08 17:40:27.212550
NUTR,2338907.0,2026-08-09 11:22:14.590606
NUTX,846720000.0,2026-10-08 17:40:27.212550
NUV,90466592.0,2026-10-08 17:40:27.212550
NUVB,169900000.0,2026-10-08 17:40:27.212550
NUVL,,2026-07-09 13:44:24.815460
NUW,,2026-10-08 17:40:27.212550
NUWE,9013000.0,2026-10-08 17:40:27.212550
NVA,,2026-09-17 15:23:36.979615
NVA-W,,2026-09-17 15:23:36.979615
NVAX,413796000.0,2026-10-08 17:40:27.212550
NVCR,699193024.0,2026-10-08 17:40:28.174371
NVCT,,2026-10-08 17:40:28.174371
NVDA,302970011648.0,2026-10-08 17:40:28.174371
NVEC,31260632.0,2026-10-08 17:40:28.174371
NVG,222419648.0,2026-10-08 17:40:28.174371
NVGS,614473984.0,2026-10-08 17:40:28.174371
NVMI,937497984.0,2026-10-08 17:40:28.174371
NVNI,,2026-10-08 17:40:28.174371
NVNIW,,2026-10-08 17:40:28.174371
NVNO,,2026-10-08 17:40:28.174371
NVO,,2026-10-08 17:40:28.174371
NVR,9631335424.0,2026-10-08 17:40:28.174371
NVRI,2122722944.0,2026-10-08 17:40:28.174371
NVS,56692998144.0,2026-10-08 17:40:28.174371
NVST,2856499968.0,2026-10-08 17:40:28.174371
NVT,4833999872.0,2026-10-08 17:40:28.174371
NVTS,36535000.0,2026-10-08 17:40:28.174371
NVVE,4793942.0,2026-07-09 13:44:21.672021
NVX,5617119.0,2026-10-08 17:40:28.174371
NWAX,,2026-10-08 17:40:28.174371
NWAX-U,,2026-10-08 17:40:28.174371
NWAX-W,,2026-10-08 17:40:28.174371
NWBI,654411008.0,2026-10-08 17:40:28.174371
NWCL,,2026-09-22 15:19:17.140712
NWCLW,,2026-09-22 15:19:17.140712
NWE,1691384960.0,2026-10-08 17:40:28.174371
NWFL,99685000.0,2026-10-08 17:40:28.174371
NWG,,2026-10-08 17:40:28.174371
NWGL,9398399.0,2026-10-08 17:40:28.174371
NWL,7246000128.0,2026-10-08 17:40:28.174371
NWN,1292839936.0,2026-10-08 17:40:28.174371
NWPX,574435968.0,2026-10-08 17:40:25.818901
NWS,9027999744.0,2026-10-08 17:40:25.818901
NWSA,9027999744.0,2026-10-08 17:40:25.818901
NWTG,7164000.0,2026-10-08 17:40:25.818901
NX,1863147008.0,2026-10-08 17:40:25.818901
NXAT,,2026-09-09 14:57:24.401443
NXATW,,2026-09-09 14:57:24.401443
NXB,150186400.0,2026-10-08 17:40:25.818901
NXDR,274600000.0,2026-10-08 17:40:25.818901
NXDT,76074000.0,2026-10-08 17:40:25.818901
NXDT$A,,2026-10-08 17:40:25.818901
NXE,,2026-10-08 17:40:25.818901
NXG,,2026-10-08 17:40:25.818901
NXGL,12067000.0,2026-10-08 17:40:25.818901
NXGLW,12067000.0,2026-10-08 17:40:25.818901
NXH,1139531008.0,2026-09-17 15:23:36.979615
NXL,217155.0,2026-10-08 17:40:25.818901
NXP,37131480.0,2026-10-08 17:40:25.818901
NXPI,13185000448.0,2026-10-08 17:40:25.818901
NXPL,48892000.0,2026-10-08 17:40:25.818901
NXRT,253384992.0,2026-10-08 17:40:25.818901
NXST,5875999744.0,2026-10-08 17:40:25.818901
NXT,3630307072.0,2026-10-08 17:40:25.818901
NXTC,,2026-10-08 17:40:25.818901
NXTS,,2026-10-08 17:40:25.818901
NXTT,12920940.0,2026-10-08 17:40:25.818901
NXXT,94678112.0,2026-10-08 17:40:25.818901
NYAX,453180000.0,2026-10-08 17:40:25.818901
NYC,33408000.0,2026-10-08 17:40:25.818901
NYT,2950725888.0,2026-10-08 17:40:25.818901
NYXH,,2026-10-08 17:40:25.818901
NZF,207406672.0,2026-10-08 17:40:25.818901
O,6065508864.0,2026-10-08 17:40:25.818901
OABI,38457000.0,2026-10-08 17:40:25.818901
OABIW,38457000.0,2026-10-08 17:40:25.818901
OACC,,2026-10-08 17:40:25.818901
OACCU,,2026-10-08 17:40:25.818901
OACCW,,2026-10-08 17:40:25.818901
OAK$A,,2026-10-08 17:40:25.818901
OAK$B,,2026-10-08 17:40:25.818901
OBA,,2026-10-08 17:40:25.818901
OBAI,9917000.0,2026-10-08 17:40:25.818901
OBAWU,,2026-10-08 17:40:25.818901
OBAWW,,2026-10-08 17:40:25.818901
OBDC,1698930944.0,2026-10-08 17:40:25.818901
OBE,,2026-10-08 17:40:25.818901
OBIO,31976000.0,2026-10-08 17:40:25.818901
OBK,377286016.0,2026-10-08 17:40:25.818901
OBT,122674000.0,2026-10-08 17:40:25.818901
OBX,,2026-10-04 15:35:58.398799
OC,9847000064.0,2026-10-08 17:40:25.818901
OCAC,,2026-10-02 16:26:48.954695
OCAC-R,,2026-10-02 16:26:48.954695
OCAC-U,,2026-09-09 14:57:24.401443
OCAC-W,,2026-10-02 16:26:48.954695
OCC,82770552.0,2026-10-08 17:40:25.818901
OCCI,44030668.0,2026-10-08 17:40:25.818901
OCCIM,44030668.0,2026-10-08 17:40:25.818901
OCCIN,44030668.0,2026-10-08 17:40:25.818901
OCFC,427640992.0,2026-10-08 17:40:25.818901
OCG,1888848.0,2026-10-08 17:40:25.818901
OCGN,4581000.0,2026-10-08 17:40:25.818901
OCLT,,2026-09-11 14:46:03.412100
OCLTR,,2026-09-11 14:46:03.412100
OCLTU,,2026-10-07 17:37:27.243848
OCLTW,,2026-09-11 14:46:03.412100
OCS,,2026-10-08 17:40:25.818901
OCSAW,,2026-10-08 17:40:25.818901
OCSL,292228992.0,2026-10-08 17:40:25.818901
OCTV,1626668032.0,2026-10-08 17:40:25.818901
OCUL,52055000.0,2026-10-08 17:40:25.818901
ODC,489764000.0,2026-10-08 17:40:25.818901
ODD,679084992.0,2026-10-08 17:40:25.818901
ODFL,5602506752.0,2026-10-08 17:40:25.818901
ODTX,99000.0,2026-10-08 17:40:25.818901
ODV,,2026-07-09 13:44:24.411983
ODVWZ,,2026-07-09 13:44:24.411983
ODYS,1090000.0,2026-10-08 17:40:25.818901
OEC,1823000064.0,2026-10-08 17:40:25.818901
OESX,92474000.0,2026-10-08 17:40:25.818901
OFAL,712809.0,2026-10-08 17:40:25.818901
OFG,651161984.0,2026-10-08 17:40:25.818901
OFIX,833185984.0,2026-10-08 17:40:25.818901
OFLX,96591000.0,2026-10-08 17:40:25.818901
OFRM,288172992.0,2026-10-08 17:40:25.818901
OFS,35661000.0,2026-10-08 17:40:25.818901
OFSSH,,2026-10-08 17:40:25.818901
OFSSO,35661000.0,2026-10-08 17:40:25.818901
OGC,2462700032.0,2026-10-08 17:40:25.818901
OGCP,782822016.0,2026-10-08 17:40:25.818901
OGE,3235300096.0,2026-10-08 17:40:25.818901
OGEN,,2026-10-08 17:40:25.818901
OGG,,2026-09-19 14:05:04.819037
OGGWZ,,2026-09-19 14:05:04.819037
OGI,,2026-10-08 17:40:25.818901
OGN,6127000064.0,2026-10-08 17:40:25.818901
OGS,2311846912.0,2026-10-08 17:40:25.818901
OHAC,,2026-10-08 17:40:25.818901
OHACR,,2026-10-08 17:40:25.818901
OHACU,,2026-10-08 17:40:25.818901
OHI,1261364992.0,2026-10-08 17:40:25.818901
OI,6360000000.0,2026-10-08 17:40:25.818901
OIA,22792100.0,2026-10-08 17:40:25.818901
OIG,153139008.0,2026-09-18 14:43:30.195902
OII,2872084992.0,2026-10-08 17:40:25.818901
OIM,,2026-10-08 17:40:25.818901
OIMAU,,2026-10-08 17:40:25.818901
OIMAW,,2026-10-08 17:40:25.818901
OIO,,2026-10-08 17:40:25.818901
OIOWW,,2026-10-08 17:40:25.818901
OIS,645665984.0,2026-10-08 17:40:25.818901
OKE,39366000640.0,2026-10-08 17:40:25.818901
OKLO,1210000.0,2026-10-08 17:40:25.818901
OKTA,3072999936.0,2026-10-08 17:40:25.818901
OKUR,,2026-10-08 17:40:25.818901
OKYO,,2026-10-08 17:40:25.818901
OLB,7023775.0,2026-10-08 17:40:25.818901
OLED,606908032.0,2026-10-08 17:40:25.818901
OLLI,2793107968.0,2026-10-08 17:40:25.818901
OLMA,,2026-10-08 17:40:25.818901
OLN,6703200256.0,2026-10-08 17:40:25.818901
OLOX,4068541.0,2026-10-08 17:40:25.818901
OLP,102494000.0,2026-10-08 17:40:25.818901
OLPX,425351008.0,2026-06-08 14:44:09.894286
OM,117803000.0,2026-10-08 17:40:25.818901
OMAB,,2026-10-08 17:40:25.818901
OMC,22371299328.0,2026-10-08 17:40:25.818901
OMCL,1246702976.0,2026-10-08 17:40:25.818901
OMDA,309759008.0,2026-10-08 17:40:25.818901
OMER,38422000.0,2026-10-08 17:40:25.818901
OMEX,184074.0,2026-10-08 17:40:25.818901
OMF,3020000000.0,2026-10-08 17:40:25.818901
OMH,,2026-10-08 17:40:25.818901
OMSE,155910000.0,2026-10-08 17:40:25.818901
ON,6197799936.0,2026-10-08 17:40:25.818901
ONB,2660699904.0,2026-10-08 17:40:25.818901
ONBPO,2660699904.0,2026-10-08 17:40:25.818901
ONBPP,2660699904.0,2026-10-08 17:40:25.818901
ONC,6128963072.0,2026-10-08 17:40:25.818901
ONCH,,2026-10-08 17:40:25.818901
ONCHU,,2026-10-08 17:40:25.818901
ONCHW,,2026-10-08 17:40:25.818901
ONCO,645824.0,2026-10-08 17:40:25.818901
ONCY,,2026-10-08 17:40:25.818901
ONDS,174103008.0,2026-10-08 17:40:25.818901
ONEG,49358000.0,2026-10-08 17:40:25.818901
ONEN,,2026-09-24 15:38:57.194228
ONEW,1813699968.0,2026-10-08 17:40:25.818901
ONFO,8134486.0,2026-10-08 17:40:25.818901
ONFOW,8134486.0,2026-10-08 17:40:25.818901
ONIT,1147500032.0,2026-10-08 17:40:25.818901
ONL,131611000.0,2026-10-08 17:40:25.818901
ONMD,1455000.0,2026-10-08 17:40:25.818901
ONMDW,1455000.0,2026-10-08 17:40:25.818901
ONON,,2026-10-08 17:40:25.818901
ONT,773340032.0,2026-10-08 17:40:25.818901
ONTO,1120136960.0,2026-10-08 17:40:25.818901
OOMA,306585984.0,2026-10-08 17:40:25.818901
OPAD,404527008.0,2026-10-08 17:40:25.818901
OPAL,339886016.0,2026-10-08 17:40:25.818901
OPBK,97130000.0,2026-10-08 17:40:25.818901
OPCH,5693515776.0,2026-10-08 17:40:25.818901
OPEN,3254000128.0,2026-10-08 17:40:25.818901
OPENL,3254000128.0,2026-10-08 17:40:25.818901
OPENW,3254000128.0,2026-10-08 17:40:25.818901
OPENZ,3254000128.0,2026-10-08 17:40:25.818901
OPFI,327479008.0,2026-10-08 17:40:25.818901
OPFI-W,,2026-07-09 13:44:24.411983
OPHC,56893000.0,2026-10-08 17:40:25.818901
OPI,440142016.0,2026-09-18 14:43:30.195902
OPK,587897024.0,2026-10-08 17:40:25.818901
OPLN,2075200000.0,2026-10-08 17:40:25.818901
OPNW,,2026-10-01 17:13:08.883541
OPP,,2026-10-08 17:40:25.818901
OPP$A,,2026-10-08 17:40:25.818901
OPP$B,,2026-10-08 17:40:25.818901
OPP$C,,2026-10-08 17:40:25.818901
OPRA,682985984.0,2026-10-08 17:40:25.818901
OPRT,743953024.0,2026-10-08 17:40:25.818901
OPRX,98654000.0,2026-10-08 17:40:25.818901
OPTH,,2026-10-08 17:40:25.818901
OPTT,4258000.0,2026-10-08 17:40:25.818901
OPTU,8380052992.0,2026-10-08 17:40:25.818901
OPTX,29242712.0,2026-10-08 17:40:25.818901
OPTXW,29242712.0,2026-10-08 17:40:25.818901
OPXS,39800000.0,2026-10-08 17:40:25.818901
OPY,1715870976.0,2026-10-08 17:40:25.818901
OR,362742016.0,2026-10-08 17:40:25.818901
ORA,1188438016.0,2026-10-08 17:40:25.818901
ORBS,25118888.0,2026-10-08 17:40:25.818901
ORC,270140992.0,2026-10-08 17:40:25.818901
ORCL,71776002048.0,2026-10-08 17:40:25.818901
ORCL$D,,2026-10-08 17:40:25.818901
ORGN,13969000.0,2026-06-08 14:44:09.894286
ORGNW,13969000.0,2026-06-08 14:44:09.894286
ORGO,457454016.0,2026-10-08 17:40:25.818901
ORI,9716799488.0,2026-10-08 17:40:25.818901
ORIC,,2026-10-08 17:40:25.818901
ORIO,,2026-10-08 17:40:25.818901
ORIQ,,2026-10-08 17:40:25.818901
ORIQU,,2026-10-08 17:40:25.818901
ORIQW,,2026-10-08 17:40:25.818901
ORIS,12219000.0,2026-06-08 14:44:09.894286
ORKA,,2026-10-08 17:40:25.818901
ORKT,,2026-10-08 17:40:25.818901
ORLA,1296091008.0,2026-07-09 13:44:24.411983
ORLY,18572562432.0,2026-10-08 17:40:25.818901
ORMP,0.0,2026-10-08 17:40:25.818901
ORN,896499968.0,2026-10-08 17:40:25.818901
ORRF,255380992.0,2026-10-08 17:40:25.818901
OSBC,341369984.0,2026-10-08 17:40:25.818901
OSCR,15318633472.0,2026-10-08 17:40:25.818901
OSG,320673984.0,2026-10-08 17:40:25.818901
OSIS,1785984000.0,2026-10-08 17:40:25.818901
OSK,10610299904.0,2026-10-08 17:40:25.818901
OSPN,246384000.0,2026-10-08 17:40:25.818901
OSPR,,2026-09-21 16:43:31.380819
OSPRU,,2026-10-01 17:13:08.883541
OSPRW,,2026-09-21 16:43:31.380819
OSRH,2628591.0,2026-08-09 11:22:12.111586
OSRHW,2628591.0,2026-08-09 11:22:12.111586
OSS,38666140.0,2026-10-08 17:40:25.818901
OST,36337680.0,2026-10-08 17:40:25.818901
OSTX,,2026-10-08 17:40:25.818901
OSUR,112412000.0,2026-10-08 17:40:25.818901
OSW,1009521984.0,2026-10-08 17:40:25.818901
OTAI,,2026-09-28 18:19:46.995311
OTAI-R,,2026-09-28 18:19:46.995311
OTAI-U,,2026-10-08 17:40:25.818901
OTEX,5246401024.0,2026-10-08 17:40:25.818901
OTF,1307137024.0,2026-10-08 17:40:25.818901
OTGA,,2026-10-08 17:40:25.818901
OTGAU,,2026-10-08 17:40:25.818901
OTGAW,,2026-10-08 17:40:25.818901
OTIS,14910999552.0,2026-10-08 17:40:25.818901
OTLK,-1163481.0,2026-10-08 17:40:25.818901
OTLY,924995008.0,2026-10-08 17:40:25.818901
OTTR,1315070976.0,2026-10-08 17:40:25.818901
OUST,204907008.0,2026-10-08 17:40:25.818901
OUT,1932899968.0,2026-10-08 17:40:25.818901
OVBC,62439000.0,2026-10-08 17:40:25.818901
OVID,1583000.0,2026-10-08 17:40:25.818901
OVLY,83066000.0,2026-10-08 17:40:25.818901
OVV,9523000320.0,2026-10-08 17:40:25.818901
OWL,2990448896.0,2026-10-08 17:40:25.818901
OWLS,7890204.0,2026-10-08 17:40:25.818901
OWLT,114411000.0,2026-10-08 17:40:25.818901
OXBR,2785000.0,2026-10-08 17:40:25.818901
OXBRW,2785000.0,2026-10-08 17:40:25.818901
OXLC,464064416.0,2026-10-08 17:40:25.818901
OXLCG,356735392.0,2026-10-08 17:40:25.818901
OXLCI,306787776.0,2026-10-08 17:40:25.818901
OXLCL,,2026-10-08 17:40:25.818901
OXLCM,,2026-10-08 17:40:25.818901
OXLCN,464064416.0,2026-10-08 17:40:25.818901
OXLCO,464064416.0,2026-10-08 17:40:25.818901
OXLCZ,,2026-10-08 17:40:25.818901
OXM,1467608064.0,2026-10-08 17:40:25.818901
OXSQ,39000412.0,2026-10-08 17:40:25.818901
OXSQG,,2026-10-08 17:40:25.818901
OXSQH,40243556.0,2026-10-08 17:40:25.818901
OXY,23925999616.0,2026-10-08 17:40:25.818901
OXY-W,,2026-10-08 17:40:25.818901
OYSE,,2026-10-08 17:40:25.818901
OYSER,,2026-10-08 17:40:25.818901
OYSEU,,2026-10-08 17:40:25.818901
OZ,15048000.0,2026-10-08 17:40:25.818901
OZK,1552274048.0,2026-10-08 17:40:25.818901
OZKAP,1552274048.0,2026-10-08 17:40:25.818901
P,4262149888.0,2026-10-08 17:40:25.818901
PAA,52304998400.0,2026-10-08 17:40:25.818901
PAAC,,2026-10-08 17:40:25.818901
PAACU,,2026-10-08 17:40:25.818901
PAACW,,2026-10-08 17:40:25.818901
PAAI,100590000.0,2026-10-01 17:13:08.883541
PAAS,4312000000.0,2026-10-08 17:40:25.818901
PAC,,2026-10-08 17:40:25.818901
PACB,159271008.0,2026-10-08 17:40:25.818901
PACH,,2026-10-08 17:40:25.818901
PACHU,,2026-10-08 17:40:25.818901
PACHW,,2026-10-08 17:40:25.818901
PACK,417900000.0,2026-10-08 17:40:25.818901
PACS,5551037952.0,2026-10-08 17:40:25.818901
PAG,32198500352.0,2026-10-08 17:40:25.818901
PAGP,52304998400.0,2026-10-08 17:40:25.818901
PAGS,,2026-10-08 17:40:25.818901
PAHC,1518093056.0,2026-10-08 17:40:25.818901
PAI,7225164.0,2026-10-08 17:40:25.818901
PAII,,2026-10-08 17:40:25.818901
PAII-U,,2026-10-08 17:40:25.818901
PAII-W,,2026-10-08 17:40:25.818901
PAL,422762016.0,2026-10-08 17:40:25.818901
PALI,500000.0,2026-10-08 17:40:25.818901
PALO,,2026-10-08 17:40:25.818901
PALOU,,2026-10-08 17:40:25.818901
PALOW,,2026-10-08 17:40:25.818901
PAM,2416999936.0,2026-10-08 17:40:25.818901
PAMT,598113024.0,2026-10-08 17:40:25.818901
PANL,710249024.0,2026-10-08 17:40:25.818901
PANW,11480000512.0,2026-10-08 17:40:25.818901
PAPL,2779762.0,2026-10-08 17:40:25.818901
PAR,496667008.0,2026-10-08 17:40:25.818901
PARA,10624419.0,2026-10-06 17:00:28.501908
PARAW,10624419.0,2026-10-06 17:00:28.501908
PARK,251366000.0,2026-10-08 17:40:25.818901
PARR,8618795008.0,2026-10-08 17:40:25.818901
PASG,,2026-10-08 17:40:25.818901
PASW,,2026-10-08 17:40:25.818901
PATH,1720857984.0,2026-10-08 17:40:25.818901
PATK,3938674944.0,2026-10-08 17:40:25.818901
PAVM,112000.0,2026-10-08 17:40:25.818901
PAVS,14602369.0,2026-10-08 17:40:25.818901
PAX,428000000.0,2026-10-08 17:40:25.818901
PAXGU,,2026-10-06 17:00:28.501908
PAXS,,2026-10-08 17:40:25.818901
PAY,1360371968.0,2026-10-08 17:40:25.818901
PAYC,2140700032.0,2026-10-08 17:40:25.818901
PAYO,1081395968.0,2026-10-08 17:40:25.818901
PAYP,,2026-10-08 17:40:25.818901
PAYS,100642168.0,2026-10-08 17:40:25.818901
PAYX,6602500096.0,2026-10-08 17:40:25.818901
PB,1391284992.0,2026-10-08 17:40:25.818901
PBA,,2026-10-08 17:40:25.818901
PBAM,126895000.0,2026-09-28 18:19:46.995311
PBF,34373201920.0,2026-10-08 17:40:25.818901
PBFS,98514000.0,2026-10-08 17:40:25.818901
PBH,1104884992.0,2026-10-08 17:40:25.818901
PBHC,33788000.0,2026-10-08 17:40:25.818901
PBI,1866210944.0,2026-10-08 17:40:25.818901
PBI$B,,2026-10-08 17:40:25.818901
PBK,,2026-10-08 17:40:25.818901
PBLS,148000.0,2026-09-10 14:43:12.525053
PBM,,2026-10-08 17:40:25.818901
PBMWW,,2026-10-08 17:40:25.818901
PBR,,2026-10-08 17:40:25.818901
PBR-A,,2026-10-08 17:40:25.818901
PBT,17694290.0,2026-10-08 17:40:25.818901
PBYI,231244000.0,2026-10-08 17:40:25.818901
PC,,2026-10-08 17:40:25.818901
PCAP,,2026-10-08 17:40:25.818901
PCAPU,,2026-10-08 17:40:25.818901
PCAPW,,2026-10-08 17:40:25.818901
PCAR,27815800832.0,2026-10-08 17:40:25.818901
PCB,118409000.0,2026-10-08 17:40:25.818901
PCF,6491996.0,2026-10-08 17:40:25.818901
PCG,25837000704.0,2026-10-08 17:40:25.818901
PCG$A,,2026-10-08 17:40:25.818901
PCG$B,,2026-10-08 17:40:25.818901
PCG$C,,2026-10-08 17:40:25.818901
PCG$D,,2026-10-08 17:40:25.818901
PCG$E,,2026-10-08 17:40:25.818901
PCG$G,,2026-10-08 17:40:25.818901
PCG$H,,2026-10-08 17:40:25.818901
PCG$I,,2026-10-08 17:40:25.818901
PCG$X,,2026-10-08 17:40:25.818901
PCLA,,2026-10-08 17:40:25.818901
PCM,10656000.0,2026-10-08 17:40:25.818901
PCN,96839000.0,2026-10-08 17:40:25.818901
PCOR,1422448000.0,2026-10-08 17:40:25.818901
PCQ,40900000.0,2026-10-08 17:40:25.818901
PCRX,746163968.0,2026-10-08 17:40:25.818901
PCSA,,2026-10-08 17:40:25.818901
PCSC,,2026-07-09 13:44:24.411983
PCT,13764000.0,2026-10-08 17:40:25.818901
PCTTU,13764000.0,2026-10-08 17:40:25.818901
PCTTW,13764000.0,2026-10-08 17:40:25.818901
PCTY,1771325952.0,2026-10-08 17:40:25.818901
PCVX,,2026-10-08 17:40:25.818901
PCYO,33726000.0,2026-10-08 17:40:25.818901
PD,494732992.0,2026-10-08 17:40:25.818901
PDC,,2026-10-08 17:40:25.818901
PDCC,,2026-10-08 17:40:25.818901
PDD,,2026-10-08 17:40:25.818901
PDEX,77548000.0,2026-10-08 17:40:25.818901
PDFS,241176992.0,2026-10-08 17:40:25.818901
PDI,,2026-10-08 17:40:25.818901
PDLB,113763000.0,2026-10-08 17:40:25.818901
PDM,569433024.0,2026-10-08 17:40:25.818901
PDO,,2026-10-08 17:40:25.818901
PDPA,,2026-10-08 17:40:25.818901
PDS,,2026-10-08 17:40:25.818901
PDSB,,2026-10-08 17:40:25.818901
PDT,59740820.0,2026-10-08 17:40:25.818901
PDX,,2026-10-08 17:40:25.818901
PDYN,11842000.0,2026-10-08 17:40:25.818901
PDYNW,11842000.0,2026-09-08 14:50:28.779950
PEB,1500539008.0,2026-10-08 17:40:25.818901
PEB$E,,2026-10-08 17:40:25.818901
PEB$F,,2026-10-08 17:40:25.818901
PEB$G,,2026-10-08 17:40:25.818901
PEB$H,,2026-10-08 17:40:25.818901
PEBK,90182000.0,2026-10-08 17:40:25.818901
PEBO,434544000.0,2026-10-08 17:40:25.818901
PECE,,2026-10-08 17:40:25.818901
PECER,,2026-10-08 17:40:25.818901
PECEU,,2026-10-08 17:40:25.818901
PECEW,,2026-10-08 17:40:25.818901
PECO,750889984.0,2026-10-08 17:40:25.818901
PED,116378000.0,2026-10-08 17:40:25.818901
PEG,12542999552.0,2026-10-08 17:40:25.818901
PEGA,1736355968.0,2026-10-08 17:40:25.818901
PEN,1504873984.0,2026-10-08 17:40:25.818901
PENG,1731468032.0,2026-10-08 17:40:25.818901
PENN,7159900160.0,2026-10-08 17:40:25.818901
PEO,20776184.0,2026-10-08 17:40:25.818901
PEP,96904003584.0,2026-10-08 17:40:25.818901
PEPG,,2026-10-08 17:40:25.818901
PERF,71068000.0,2026-10-08 17:40:25.818901
PERI,436217984.0,2026-10-08 17:40:25.818901
PESI,57180000.0,2026-10-08 17:40:25.818901
PETS,168856000.0,2026-10-08 17:40:25.818901
PETZ,1251259.0,2026-10-08 17:40:25.818901
PEW,101035000.0,2026-10-08 17:40:25.818901
PEW-W,,2026-10-08 17:40:25.818901
PFAI,3413062.0,2026-10-08 17:40:25.818901
PFBC,286640000.0,2026-10-08 17:40:25.818901
PFD,16724966.0,2026-10-08 17:40:25.818901
PFE,63695998976.0,2026-10-08 17:40:25.818901
PFFL,,2026-10-08 17:40:25.818901
PFG,15693200384.0,2026-10-08 17:40:25.818901
PFGC,64339501056.0,2026-10-08 17:40:25.818901
PFH,,2026-10-08 17:40:25.818901
PFIS,190715008.0,2026-10-08 17:40:25.818901
PFL,38074000.0,2026-10-08 17:40:25.818901
PFLA,271111008.0,2026-10-08 17:40:25.818901
PFLT,271111008.0,2026-10-08 17:40:25.818901
PFN,88518000.0,2026-10-08 17:40:25.818901
PFO,14412962.0,2026-10-08 17:40:25.818901
PFS,894275008.0,2026-10-08 17:40:25.818901
PFSA,,2026-10-08 17:40:25.818901
PFSI,3331824128.0,2026-10-08 17:40:25.818901
PFX,25179408.0,2026-10-08 17:40:25.818901
PFXNZ,,2026-10-08 17:40:25.818901
PG,87031996416.0,2026-10-08 17:40:25.818901
PGAC,,2026-10-08 17:40:25.818901
PGACR,,2026-10-08 17:40:25.818901
PGACU,,2026-10-08 17:40:25.818901
PGC,288680992.0,2026-10-08 17:40:25.818901
PGEN,85717000.0,2026-10-08 17:40:25.818901
PGNY,1310764032.0,2026-10-08 17:40:25.818901
PGP,11521000.0,2026-10-08 17:40:25.818901
PGR,91019001856.0,2026-10-08 17:40:25.818901
PGY,1389959040.0,2026-10-08 17:40:25.818901
PGYWW,1389959040.0,2026-10-08 17:40:25.818901
PGZ,,2026-10-08 17:40:25.818901
PH,21499000832.0,2026-10-08 17:40:25.818901
PHAR,366479008.0,2026-10-08 17:40:25.818901
PHAT,239662000.0,2026-10-08 17:40:25.818901
PHG,,2026-10-08 17:40:25.818901
PHGE,332000.0,2026-09-08 14:50:28.779950
PHI,,2026-10-08 17:40:25.818901
PHIN,3615000064.0,2026-10-08 17:40:25.818901
PHIO,,2026-10-08 17:40:25.818901
PHK,102293000.0,2026-10-08 17:40:25.818901
PHM,16407075840.0,2026-10-08 17:40:25.818901
PHOE,7205749.0,2026-10-08 17:40:25.818901
PHOS,,2026-09-10 14:43:12.525053
PHR,507792992.0,2026-10-08 17:40:25.818901
PHUN,2751000.0,2026-10-08 17:40:25.818901
PHVS,,2026-10-08 17:40:25.818901
PHXE$,,2026-10-08 17:40:25.818901
PI,371524992.0,2026-10-08 17:40:25.818901
PICS,,2026-10-08 17:40:25.818901
PII,7517300224.0,2026-10-08 17:40:25.818901
PIII,1502838016.0,2026-10-08 17:40:25.818901
PIIIW,1502838016.0,2026-10-08 17:40:25.818901
PIM,9905247.0,2026-10-08 17:40:25.818901
PINE,69871000.0,2026-10-08 17:40:25.818901
PINE$A,,2026-10-08 17:40:25.818901
PINS,4555720192.0,2026-10-08 17:40:25.818901
PIPR,2115250048.0,2026-10-08 17:40:25.818901
PJT,1885650048.0,2026-10-08 17:40:25.818901
PK,2544999936.0,2026-10-08 17:40:25.818901
PKBK,88834000.0,2026-10-08 17:40:25.818901
PKE,76213000.0,2026-10-08 17:40:25.818901
PKG,9534600192.0,2026-10-08 17:40:25.818901
PKOH,1654700032.0,2026-10-08 17:40:25.818901
PKX,,2026-10-08 17:40:25.818901
PL,378278016.0,2026-10-08 17:40:25.818901
PLAB,866824000.0,2026-10-08 17:40:25.818901
PLAG,10067529.0,2026-10-08 17:40:25.818901
PLAY,2081100032.0,2026-10-08 17:40:25.818901
PLBC,106884000.0,2026-10-08 17:40:25.818901
PLBL,20700438.0,2026-10-08 17:40:25.818901
PLBY,125359000.0,2026-10-08 17:40:25.818901
PLCE,1125724032.0,2026-10-08 17:40:25.818901
PLCI,,2026-09-12 13:49:16.620674
PLCIR,,2026-09-12 13:49:16.620674
PLCIU,,2026-09-24 15:38:57.194228
PLD,9657474048.0,2026-10-08 17:40:25.818901
PLG,,2026-10-08 17:40:25.818901
PLGO,2513400064.0,2026-10-08 17:40:25.818901
PLMK,,2026-10-08 17:40:25.818901
PLMKU,,2026-10-08 17:40:25.818901
PLMKW,,2026-10-08 17:40:25.818901
PLMR,1091383040.0,2026-10-08 17:40:25.818901
PLNT,1301656064.0,2026-10-08 17:40:25.818901
PLOW,699104000.0,2026-10-08 17:40:25.818901
PLPC,740155008.0,2026-10-08 17:40:25.818901
PLRX,,2026-10-08 17:40:25.818901
PLRZ,,2026-10-08 17:40:25.818901
PLSE,1185000.0,2026-10-08 17:40:25.818901
PLSM,,2026-10-08 17:40:25.818901
PLTK,2829199872.0,2026-10-08 17:40:25.818901
PLTR,6155940864.0,2026-10-08 17:40:25.818901
PLTS,1675239.0,2026-09-08 14:50:28.779950
PLUG,744086976.0,2026-10-08 17:40:25.818901
PLUN,,2026-09-18 14:43:30.195902
PLUN-R,,2026-09-18 14:43:30.195902
PLUN-U,,2026-10-08 17:40:25.818901
PLUR,1016000.0,2026-10-08 17:40:25.818901
PLUS,2448887040.0,2026-10-08 17:40:25.818901
PLUT,,2026-10-08 17:40:25.818901
PLX,80619000.0,2026-10-08 17:40:25.818901
PLXS,4596752896.0,2026-10-08 17:40:25.818901
PLYX,,2026-10-08 17:40:25.818901
PM,42545000448.0,2026-10-08 17:40:25.818901
PMA,14628290.0,2026-10-08 17:40:31.774746
PMAX,,2026-10-08 17:40:25.818901
PMCB,,2026-10-08 17:40:25.818901
PMEC,78009000.0,2026-10-08 17:40:25.818901
PMI,6300000.0,2026-10-08 17:40:25.818901
PML,84158000.0,2026-10-08 17:40:25.818901
PMM,19735668.0,2026-10-08 17:40:25.818901
PMN,,2026-10-08 17:40:25.818901
PMNT,22926000.0,2026-06-08 14:44:09.894286
PMO,21822572.0,2026-10-08 17:40:25.818901
PMT,684412032.0,2026-10-08 17:40:25.818901
PMT$A,,2026-10-08 17:40:25.818901
PMT$B,,2026-10-08 17:40:25.818901
PMT$C,,2026-10-08 17:40:25.818901
PMTR,,2026-10-08 17:40:25.818901
PMTRU,,2026-10-08 17:40:25.818901
PMTRW,,2026-10-08 17:40:25.818901
PMTS,587308992.0,2026-10-08 17:40:25.818901
PMTU,,2026-10-08 17:40:25.818901
PMTV,,2026-10-08 17:40:25.818901
PMTW,684412032.0,2026-10-08 17:40:25.818901
PMVP,,2026-10-08 17:40:25.818901
PN,64634060.0,2026-10-08 17:40:25.818901
PNAQ,,2026-09-25 15:41:53.468465
PNAQ-R,,2026-09-25 15:41:53.468465
PNAQ-U,,2026-10-06 17:00:28.501908
PNBK,39437000.0,2026-10-08 17:40:25.818901
PNC,24319000576.0,2026-10-08 17:40:25.818901
PNFP,3302606080.0,2026-10-08 17:40:25.818901
PNFP$A,,2026-10-08 17:40:25.818901
PNFP$B,,2026-10-08 17:40:25.818901
PNFP$C,,2026-10-08 17:40:25.818901
PNI,13990000.0,2026-10-08 17:40:25.818901
PNNT,104907000.0,2026-10-08 17:40:25.818901
PNR,4011800064.0,2026-10-08 17:40:25.818901
PNRG,177704992.0,2026-10-08 17:40:25.818901
PNTG,1101709952.0,2026-10-08 17:40:25.818901
PNW,5554253824.0,2026-10-08 17:40:25.818901
POAS,,2026-10-08 17:40:25.818901
POCI,31531764.0,2026-10-08 17:40:25.818901
PODC,62802000.0,2026-10-08 17:40:25.818901
PODD,3053400064.0,2026-10-08 17:40:25.818901
POET,1712950.0,2026-10-08 17:40:25.818901
POLA,4620000.0,2026-10-08 17:40:25.818901
POLE,,2026-10-08 17:40:25.818901
POLEU,,2026-10-08 17:40:25.818901
POLEW,,2026-10-08 17:40:25.818901
POM,,2026-10-08 17:40:25.818901
PONO,,2026-10-08 17:40:25.818901
PONOR,,2026-10-08 17:40:25.818901
PONOU,,2026-10-08 17:40:25.818901
PONY,125037000.0,2026-10-08 17:40:25.818901
POOL,5394292224.0,2026-10-08 17:40:25.818901
POR,3534000128.0,2026-10-08 17:40:25.818901
PORT-U,,2026-10-01 17:13:08.883541
POST,8412499968.0,2026-10-08 17:40:25.818901
POWI,449369984.0,2026-10-08 17:40:25.818901
POWL,1157522048.0,2026-10-08 17:40:25.818901
POWW,53721492.0,2026-10-08 17:40:25.818901
POWWP,53721492.0,2026-10-08 17:40:25.818901
PPBT,,2026-10-08 17:40:25.818901
PPC,18436042752.0,2026-10-08 17:40:25.818901
PPCB,,2026-10-08 17:40:25.818901
PPG,16421000192.0,2026-10-08 17:40:25.818901
PPHC,200908000.0,2026-10-08 17:40:25.818901
PPIH,226108000.0,2026-10-08 17:40:25.818901
PPL,9397999616.0,2026-10-08 17:40:25.818901
PPLC,9397999616.0,2026-10-08 17:40:25.818901
PPLI,2381117952.0,2026-10-08 17:40:25.818901
PPSI,21802000.0,2026-10-08 17:40:25.818901
PPT,20925082.0,2026-10-08 17:40:25.818901
PPTA,,2026-10-08 17:40:25.818901
PR,5737345024.0,2026-10-08 17:40:25.818901
PRA,1095440000.0,2026-06-08 14:44:09.894286
PRAA,1331236992.0,2026-10-08 17:40:25.818901
PRAX,,2026-10-08 17:40:25.818901
PRCH,513596992.0,2026-10-08 17:40:25.818901
PRCT,337340992.0,2026-10-08 17:40:25.818901
PRDO,858609024.0,2026-10-08 17:40:25.818901
PRE,154592992.0,2026-10-08 17:40:25.818901
PRENW,154592992.0,2026-10-08 17:40:25.818901
PRFX,31000.0,2026-10-08 17:40:25.818901
PRG,2614681088.0,2026-10-08 17:40:25.818901
PRGO,4144900096.0,2026-10-08 17:40:25.818901
PRGS,999934976.0,2026-10-08 17:40:25.818901
PRH,,2026-10-08 17:40:25.818901
PRHI,29804000.0,2026-10-08 17:40:25.818901
PRHIZ,29804000.0,2026-10-08 17:40:25.818901
PRI,3486134016.0,2026-10-08 17:40:25.818901
PRIF$D,,2026-10-08 17:40:25.818901
PRIF$K,,2026-10-08 17:40:25.818901
PRIF$L,,2026-10-08 17:40:25.818901
PRIM,7284199936.0,2026-10-08 17:40:25.818901
PRK,608670976.0,2026-10-08 17:40:25.818901
PRKS,1647011968.0,2026-10-08 17:40:25.818901
PRLB,560536000.0,2026-10-08 17:40:25.818901
PRLD,22424000.0,2026-10-08 17:40:25.818901
PRM,757072000.0,2026-10-08 17:40:25.818901
PRMB,6742499840.0,2026-10-08 17:40:25.818901
PRME,4073000.0,2026-10-08 17:40:25.818901
PROF,19086000.0,2026-10-08 17:40:25.818901
PROK,818000.0,2026-10-08 17:40:25.818901
PROP,343008992.0,2026-10-08 17:40:25.818901
PROV,40607000.0,2026-10-08 17:40:25.818901
PRPL,453454016.0,2026-10-08 17:40:25.818901
PRPO,27198000.0,2026-10-08 17:40:25.818901
PRQR,,2026-10-08 17:40:25.818901
PRS,,2026-10-08 17:40:25.818901
PRSO,8374000.0,2026-10-08 17:40:25.818901
PRSU,483230016.0,2026-10-08 17:40:25.818901
PRT,3690151.0,2026-10-08 17:40:25.818901
PRTA,54530000.0,2026-10-08 17:40:25.818901
PRTH,1000380992.0,2026-10-08 17:40:25.818901
PRTS,515799008.0,2026-10-08 17:40:25.818901
PRU,65223999488.0,2026-10-08 17:40:25.818901
PRVA,2358068992.0,2026-10-08 17:40:25.818901
PRZO,1745895.0,2026-10-08 17:40:25.818901
PS,768707264.0,2026-10-08 17:40:25.818901
PSA,4910444032.0,2026-10-08 17:40:25.818901
PSA$F,,2026-10-08 17:40:25.818901
PSA$G,,2026-10-08 17:40:25.818901
PSA$H,,2026-10-08 17:40:25.818901
PSA$I,,2026-10-08 17:40:25.818901
PSA$J,,2026-10-08 17:40:25.818901
PSA$K,,2026-10-08 17:40:25.818901
PSA$L,,2026-10-08 17:40:25.818901
PSA$M,,2026-10-08 17:40:25.818901
PSA$N,,2026-10-08 17:40:25.818901
PSA$O,,2026-10-08 17:40:25.818901
PSA$P,,2026-10-08 17:40:25.818901
PSA$Q,,2026-10-08 17:40:25.818901
PSA$R,,2026-10-08 17:40:25.818901
PSA$S,,2026-10-08 17:40:25.818901
PSA$T,,2026-09-21 16:43:31.380819
PSA$U,,2026-09-21 16:43:31.380819
PSBD,,2026-10-08 17:40:25.818901
PSEC,639454016.0,2026-10-08 17:40:25.818901
PSEC$A,,2026-10-08 17:40:25.818901
PSF,,2026-10-08 17:40:25.818901
PSFE,1762337024.0,2026-10-08 17:40:25.818901
PSHG,113127000.0,2026-10-08 17:40:25.818901
PSIG,53151084.0,2026-10-08 17:40:25.818901
PSIX,676188032.0,2026-10-08 17:40:25.818901
PSKY,29109999616.0,2026-09-08 14:50:28.779950
PSMT,5691024896.0,2026-10-08 17:40:25.818901
PSN,6292604928.0,2026-10-08 17:40:25.818901
PSNL,69669000.0,2026-10-08 17:40:25.818901
PSNY,2995595008.0,2026-10-08 17:40:25.818901
PSNYW,2995595008.0,2026-10-08 17:40:25.818901
PSO,,2026-10-08 17:40:25.818901
PSQH,27027752.0,2026-10-08 17:40:25.818901
PSQH-W,,2026-10-08 17:40:25.818901
PSQL,,2026-09-28 18:19:46.995311
PSQLW,,2026-09-28 18:19:46.995311
PSTL,105552000.0,2026-10-08 17:40:25.818901
PSTV,5182000.0,2026-07-09 13:44:24.411983
PSUS,,2026-10-08 17:40:25.818901
PSX,152167006208.0,2026-10-08 17:40:25.818901
PTA,,2026-10-08 17:40:25.818901
PTAC,,2026-10-06 17:00:28.501908
PTACU,,2026-10-08 17:40:25.818901
PTACW,,2026-10-06 17:00:28.501908
PTC,2953971968.0,2026-10-08 17:40:25.818901
PTCT,1008753984.0,2026-10-08 17:40:25.818901
PTEN,4672065024.0,2026-10-08 17:40:25.818901
PTGX,281992000.0,2026-10-08 17:40:25.818901
PTHS,43304000.0,2026-10-08 17:40:25.818901
PTLE,71647384.0,2026-10-08 17:40:25.818901
PTLO,748750016.0,2026-10-08 17:40:25.818901
PTN,13185031.0,2026-10-08 17:40:25.818901
PTNM,,2026-07-09 13:44:24.411983
PTON,2446000128.0,2026-10-08 17:40:25.818901
PTOR,,2026-10-08 17:40:25.818901
PTORU,,2026-10-08 17:40:25.818901
PTORW,,2026-10-08 17:40:25.818901
PTRN,3013259008.0,2026-10-08 17:40:25.818901
PTY,279790016.0,2026-10-08 17:40:25.818901
PUBM,289166016.0,2026-10-08 17:40:25.818901
PUK,14309000192.0,2026-10-08 17:40:25.818901
PULM,,2026-10-08 17:40:25.818901
PUMP,1160087040.0,2026-10-08 17:40:25.818901
PURR,9460000.0,2026-10-08 17:40:25.818901
PUSA,,2026-10-08 17:40:25.818901
PVH,8921499648.0,2026-10-08 17:40:25.818901
PVL,7902359.0,2026-10-08 17:40:25.818901
PVLA,,2026-10-08 17:40:25.818901
PW,2789393.0,2026-10-08 17:40:25.818901
PW$A,,2026-10-08 17:40:25.818901
PWCM,6862132.0,2026-09-21 16:43:31.380819
PWP,689246976.0,2026-10-08 17:40:25.818901
PWR,32905140224.0,2026-10-08 17:40:25.818901
PWRL,,2026-10-08 17:40:25.818901
PXED,1013680000.0,2026-10-08 17:40:25.818901
PXLW,1044000.0,2026-10-08 17:40:25.818901
PXS,42348000.0,2026-10-08 17:40:25.818901
PYPD,,2026-10-08 17:40:25.818901
PYPL,34127998976.0,2026-10-08 17:40:25.818901
PYT,,2026-10-08 17:40:25.818901
PYXS,11038000.0,2026-10-08 17:40:25.818901
PZG,,2026-10-08 17:40:25.818901
PZZA,1967339008.0,2026-10-08 17:40:25.818901
Q,5209999872.0,2026-10-08 17:40:25.818901
QADR,,2026-10-08 17:40:25.818901
QADRU,,2026-10-08 17:40:25.818901
QADRW,,2026-10-08 17:40:25.818901
QBTS,12425000.0,2026-10-08 17:40:25.818901
QCLS,,2026-10-08 17:40:25.818901
QCOM,44068999168.0,2026-10-08 17:40:25.818901
QCRH,379236000.0,2026-10-08 17:40:25.818901
QDEL,2674200064.0,2026-10-08 17:40:25.818901
QETA,,2026-10-08 17:40:25.818901
QETAR,,2026-10-08 17:40:25.818901
QETAU,,2026-10-08 17:40:25.818901
QFIN,,2026-10-08 17:40:25.818901
QGEN,2100363008.0,2026-10-08 17:40:25.818901
QH,,2026-10-08 17:40:25.818901
QLEP,,2026-09-23 15:14:42.240648
QLEP-U,,2026-06-08 14:44:09.894286
QLEP-W,,2026-09-23 15:14:42.240648
QLYS,702977024.0,2026-10-08 17:40:25.818901
QMCO,296097984.0,2026-10-08 17:40:25.818901
QMLS,17021902.0,2026-09-16 15:15:02.811913
QMMM,1876252.0,2026-08-09 11:22:12.111586
QNBC,65594000.0,2026-09-20 14:23:53.357029
QNC,,2026-10-08 17:40:25.818901
QNCX,,2026-10-08 17:40:25.818901
QNME,5850681.0,2026-10-03 15:01:17.985862
QNRX,,2026-10-08 17:40:25.818901
QNST,1293712000.0,2026-10-08 17:40:25.818901
QNT,22973000.0,2026-10-08 17:40:25.818901
QNTM,,2026-10-08 17:40:25.818901
QQQX,,2026-10-08 17:40:25.818901
QRED,,2026-10-08 17:40:25.818901
QRED-R,,2026-10-08 17:40:25.818901
QRED-U,,2026-10-08 17:40:25.818901
QRHC,248051008.0,2026-10-08 17:40:25.818901
QRVO,3644534016.0,2026-09-08 14:50:28.779950
QS,,2026-10-08 17:40:25.818901
QSEA,,2026-10-08 17:40:25.818901
QSEAR,,2026-10-08 17:40:25.818901
QSEAU,,2026-10-08 17:40:25.818901
QSI,1605000.0,2026-10-08 17:40:25.818901
QSIAW,1852000.0,2026-06-08 14:44:09.894286
QSR,9699000320.0,2026-10-08 17:40:25.818901
QTEX,1554000.0,2026-10-08 17:40:25.818901
QTEXW,289000.0,2026-07-09 13:44:24.411983
QTI,26432000.0,2026-10-08 17:40:25.818901
QTRX,153408992.0,2026-10-08 17:40:25.818901
QTTB,53737000.0,2026-10-08 17:40:25.818901
QTWO,846196992.0,2026-10-08 17:40:25.818901
QUAD,2377100032.0,2026-10-08 17:40:25.818901
QUBT,9824000.0,2026-10-08 17:40:25.818901
QUCY,537080.0,2026-10-08 17:40:25.818901
QUIK,16295000.0,2026-10-08 17:40:25.818901
QUMS,,2026-10-08 17:40:25.818901
QUMSR,,2026-10-08 17:40:25.818901
QUMSU,,2026-10-08 17:40:25.818901
QURE,18672000.0,2026-10-08 17:40:25.818901
QVC,8844000256.0,2026-08-08 11:21:45.491621
QVCG,8844000256.0,2026-09-09 14:57:24.401443
QXL,1316000.0,2026-10-08 17:40:25.818901
QXO,9898200064.0,2026-10-08 17:40:25.818901
QXO$B,,2026-10-08 17:40:25.818901
R,12819000320.0,2026-10-08 17:40:25.818901
RA,,2026-10-08 17:40:25.818901
RAAQ,,2026-06-08 14:44:09.894286
RAAQU,,2026-06-08 14:44:09.894286
RAAQW,,2026-06-08 14:44:09.894286
RAC,,2026-10-08 17:40:25.818901
RAC-U,,2026-10-08 17:40:25.818901
RAC-W,,2026-10-08 17:40:25.818901
RACC,,2026-10-08 17:40:25.818901
RACD,,2026-09-12 13:49:16.620674
RACE,,2026-10-08 17:40:25.818901
RADX,,2026-10-08 17:40:25.818901
RAIL,463524000.0,2026-10-08 17:40:25.818901
RAIN,10500.0,2026-10-08 17:40:25.818901
RAINW,10500.0,2026-10-08 17:40:25.818901
RAL,2185999872.0,2026-10-08 17:40:25.818901
RAMP,832104000.0,2026-10-08 17:40:25.818901
RAND,5498959.0,2026-10-08 17:40:25.818901
RANG,,2026-10-08 17:40:25.818901
RANGR,,2026-10-08 17:40:25.818901
RANGU,,2026-10-08 17:40:25.818901
RANI,4877000.0,2026-10-08 17:40:25.818901
RAPP,20000000.0,2026-10-08 17:40:25.818901
RARE,717000000.0,2026-10-08 17:40:25.818901
RAVE,12910000.0,2026-10-08 17:40:25.818901
RAY,,2026-09-08 14:50:28.779950
RAYA,22855436.0,2026-10-08 17:40:25.818901
RBA,4847799808.0,2026-10-08 17:40:25.818901
RBB,131718000.0,2026-10-08 17:40:25.818901
RBBN,797640000.0,2026-10-08 17:40:25.818901
RBC,1954400000.0,2026-10-08 17:40:25.818901
RBCAA,382449984.0,2026-10-08 17:40:25.818901
RBKB,52050000.0,2026-10-08 17:40:25.818901
RBLX,5685551104.0,2026-10-08 17:40:25.818901
RBNE,14279932.0,2026-10-08 17:40:25.818901
RBRK,1542178048.0,2026-10-08 17:40:25.818901
RC,-270311008.0,2026-10-08 17:40:25.818901
RC$C,,2026-10-08 17:40:25.818901
RC$E,,2026-10-08 17:40:25.818901
RCAT,71541000.0,2026-10-08 17:40:25.818901
RCBC,154930000.0,2026-10-06 17:00:28.501908
RCD,,2026-10-08 17:40:25.818901
RCEL,75631000.0,2026-10-08 17:40:25.818901
RCG,226360.0,2026-10-08 17:40:25.818901
RCI,,2026-10-08 17:40:25.818901
RCKT,,2026-10-08 17:40:25.818901
RCKTW,,2026-08-09 11:22:12.111586
RCKY,505024992.0,2026-10-08 17:40:31.774746
RCL,18681999360.0,2026-10-08 17:40:31.774746
RCMT,333619008.0,2026-10-08 17:40:31.774746
RCON,,2026-10-08 17:40:31.774746
RCS,27580000.0,2026-10-08 17:40:31.774746
RCT,54580968.0,2026-10-08 17:40:31.774746
RCUS,117000000.0,2026-10-08 17:40:31.774746
RDAC,,2026-10-08 17:40:31.774746
RDACR,,2026-10-08 17:40:31.774746
RDACU,,2026-10-08 17:40:31.774746
RDAG,,2026-10-08 17:40:31.774746
RDAGU,,2026-10-08 17:40:31.774746
RDAGW,,2026-10-08 17:40:31.774746
RDCM,67590000.0,2026-10-08 17:40:31.774746
RDDT,2778833920.0,2026-10-08 17:40:31.774746
RDGT,132163736.0,2026-10-08 17:40:28.174371
RDHL,0.0,2026-10-08 17:40:28.174371
RDI,214460992.0,2026-10-08 17:40:28.174371
RDIB,214460992.0,2026-10-08 17:40:28.174371
RDN,1649537024.0,2026-10-08 17:40:28.174371
RDNT,2268932096.0,2026-10-08 17:40:28.174371
RDNW,1095100032.0,2026-10-08 17:40:28.174371
RDVT,99023000.0,2026-10-08 17:40:28.174371
RDW,426272000.0,2026-10-08 17:40:28.174371
RDWR,317812992.0,2026-10-08 17:40:28.174371
RDY,,2026-10-08 17:40:28.174371
RDZN,60350572.0,2026-10-08 17:40:28.174371
RDZNW,60350572.0,2026-10-08 17:40:28.174371
REA,,2026-10-08 17:40:28.174371
REAL,749910016.0,2026-10-08 17:40:28.174371
REAX,2239813888.0,2026-10-08 17:40:28.174371
REBN,16099865.0,2026-10-08 17:40:28.174371
RECT,,2026-10-08 17:40:28.174371
REE,1297000.0,2026-06-08 14:44:07.369559
REED,29143000.0,2026-10-08 17:40:28.174371
REF,563473024.0,2026-09-28 18:19:46.995311
REFI,48836028.0,2026-10-08 17:40:28.174371
REFR,654233.0,2026-10-08 17:40:28.174371
REG,1685532032.0,2026-10-08 17:40:28.174371
REGCO,1685532032.0,2026-10-08 17:40:28.174371
REGCP,1685532032.0,2026-10-08 17:40:28.174371
REGN,15534699520.0,2026-10-08 17:40:28.174371
REI,308340576.0,2026-10-08 17:40:28.174371
REKR,49818000.0,2026-10-08 17:40:28.174371
RELL,238880000.0,2026-10-08 17:40:28.174371
RELX,,2026-10-08 17:40:28.174371
RELY,1809629056.0,2026-10-08 17:40:28.174371
RENT,366900000.0,2026-10-08 17:40:28.174371
RENX,15013798.0,2026-10-08 17:40:28.174371
REPL,,2026-10-08 17:40:28.174371
REPX,483860000.0,2026-10-08 17:40:28.174371
RERE,,2026-10-08 17:40:28.174371
RES,1788504064.0,2026-10-08 17:40:28.174371
RETO,3370789.0,2026-10-08 17:40:28.174371
REVB,,2026-10-08 17:40:28.174371
REVBW,,2026-10-08 17:40:28.174371
REX,658576000.0,2026-10-08 17:40:28.174371
REXR,991923008.0,2026-10-08 17:40:28.174371
REXR$B,,2026-10-08 17:40:28.174371
REXR$C,,2026-10-08 17:40:28.174371
REYN,3785999872.0,2026-10-08 17:40:28.174371
REZI,7651999744.0,2026-10-08 17:40:28.174371
REZI-V,,2026-07-29 12:56:48.738569
RF,7238000128.0,2026-10-08 17:40:28.174371
RF$C,,2026-10-08 17:40:28.174371
RF$E,,2026-10-08 17:40:28.174371
RF$F,,2026-10-08 17:40:28.174371
RFAI,,2026-10-08 17:40:28.174371
RFAIR,,2026-10-08 17:40:28.174371
RFAIU,,2026-10-08 17:40:28.174371
RFAM,,2026-10-08 17:40:28.174371
RFAMR,,2026-10-08 17:40:28.174371
RFAMU,,2026-10-08 17:40:28.174371
RFI,10872131.0,2026-10-08 17:40:28.174371
RFIL,86307000.0,2026-10-08 17:40:28.174371
RFL,980000.0,2026-10-08 17:40:28.174371
RFM,,2026-10-08 17:40:28.174371
RFMZ,,2026-10-08 17:40:28.174371
RGA,25969999872.0,2026-10-08 17:40:28.174371
RGC,,2026-10-08 17:40:28.174371
RGCO,107140880.0,2026-10-08 17:40:28.174371
RGEN,785100992.0,2026-10-08 17:40:28.174371
RGLD,1535682944.0,2026-10-08 17:40:28.174371
RGNT,,2026-10-08 17:40:28.174371
RGNX,174482000.0,2026-10-08 17:40:28.174371
RGP,429863008.0,2026-10-08 17:40:28.174371
RGR,577241984.0,2026-10-08 17:40:28.174371
RGS,224484992.0,2026-10-08 17:40:28.174371
RGT,,2026-10-08 17:40:28.174371
RGTI,13353000.0,2026-10-08 17:40:28.174371
RGTIW,13353000.0,2026-10-08 17:40:28.174371
RH,3448911104.0,2026-10-08 17:40:28.174371
RHI,5293400064.0,2026-10-08 17:40:28.174371
RHLD,1119554944.0,2026-10-08 17:40:28.174371
RHP,2733824000.0,2026-10-08 17:40:28.174371
RIBB,,2026-10-08 17:40:28.174371
RIBBR,,2026-10-08 17:40:28.174371
RIBBU,,2026-10-08 17:40:28.174371
RICK,284419008.0,2026-10-08 17:40:28.174371
RIG,4118000128.0,2026-10-08 17:40:28.174371
RIGL,276784992.0,2026-10-08 17:40:28.174371
RILY,1066051008.0,2026-10-08 17:40:28.174371
RILYG,,2026-10-08 17:40:28.174371
RILYL,1066051008.0,2026-10-08 17:40:28.174371
RILYN,,2026-09-08 14:50:29.232910
RILYP,1066051008.0,2026-10-08 17:40:28.174371
RILYT,,2026-10-08 17:40:28.174371
RILYZ,,2026-10-08 17:40:28.174371
RIME,8521000.0,2026-10-08 17:40:28.174371
RIO,61793001472.0,2026-10-08 17:40:28.174371
RIOT,674513984.0,2026-10-08 17:40:28.174371
RITM,4316491776.0,2026-10-08 17:40:28.174371
RITM$A,,2026-10-08 17:40:28.174371
RITM$B,,2026-10-08 17:40:28.174371
RITM$C,,2026-10-08 17:40:28.174371
RITM$D,,2026-10-08 17:40:28.174371
RITM$E,,2026-10-08 17:40:28.174371
RITM$F,,2026-10-08 17:40:28.174371
RITR,,2026-09-08 14:50:29.232910
RIV,,2026-10-08 17:40:28.174371
RIV$A,,2026-10-08 17:40:28.174371
RIV-R,,2026-09-04 14:40:23.835421
RIV-V,,2026-08-28 21:17:20.540979
RIVN,5882999808.0,2026-10-08 17:40:28.174371
RJET,1974599936.0,2026-10-08 17:40:28.174371
RJF,15239999488.0,2026-10-08 17:40:28.174371
RKDA,4746000.0,2026-10-08 17:40:28.174371
RKLB,769145984.0,2026-10-08 17:40:28.174371
RKT,10243000320.0,2026-10-08 17:40:28.174371
RKTO,,2026-10-08 17:40:28.174371
RL,8355200000.0,2026-10-08 17:40:28.174371
RLAY,10350000.0,2026-10-08 17:40:28.174371
RLGT,934355968.0,2026-10-08 17:40:28.174371
RLI,1974396032.0,2026-10-08 17:40:28.174371
RLJ,1381645952.0,2026-10-08 17:40:28.174371
RLJ$A,,2026-10-08 17:40:28.174371
RLMD,,2026-10-08 17:40:28.174371
RLTY,,2026-10-08 17:40:28.174371
RLX,,2026-10-08 17:40:28.174371
RLYB,646000.0,2026-10-08 17:40:28.174371
RM,647838016.0,2026-10-08 17:40:28.174371
RMAX,283121984.0,2026-08-09 11:22:13.350083
RMBI,49853864.0,2026-10-08 17:40:28.174371
RMBS,756331008.0,2026-10-08 17:40:28.174371
RMCF,27237000.0,2026-10-08 17:40:28.174371
RMCO,6167480.0,2026-10-08 17:40:28.174371
RMCOW,6167480.0,2026-10-08 17:40:28.174371
RMD,5653443072.0,2026-10-08 17:40:28.174371
RMI,,2026-10-08 17:40:28.174371
RMIX,276695008.0,2026-10-08 17:40:28.174371
RML,,2026-09-09 14:57:24.401443
RMM,,2026-10-08 17:40:28.174371
RMMZ,,2026-10-08 17:40:28.174371
RMNI,429766016.0,2026-10-08 17:40:28.174371
RMR,223022000.0,2026-10-08 17:40:28.174371
RMSG,,2026-10-08 17:40:28.174371
RMSGW,,2026-10-08 17:40:28.174371
RMT,5136823.0,2026-10-08 17:40:28.174371
RMTI,69389000.0,2026-10-08 17:40:28.174371
RNA,35837000.0,2026-10-08 17:40:28.174371
RNAC,1477000.0,2026-10-08 17:40:28.174371
RNAQ,,2026-09-15 15:22:22.531084
RNAQU,,2026-09-27 15:28:41.135149
RNAQW,,2026-09-15 15:22:22.531084
RNAZ,,2026-10-08 17:40:28.174371
RNG,2583898112.0,2026-10-08 17:40:28.174371
RNGR,606700032.0,2026-10-08 17:40:28.174371
RNGT,,2026-10-08 17:40:28.174371
RNGTU,,2026-10-08 17:40:28.174371
RNGTW,,2026-10-08 17:40:28.174371
RNP,70096608.0,2026-10-08 17:40:28.174371
RNR,11165704192.0,2026-10-08 17:40:28.174371
RNR$F,,2026-10-08 17:40:28.174371
RNR$G,,2026-10-08 17:40:28.174371
RNST,1062574976.0,2026-10-08 17:40:28.174371
RNTX,,2026-10-08 17:40:28.174371
RNW,,2026-10-08 17:40:28.174371
RNWWW,,2026-08-09 11:22:13.350083
RNXT,1976000.0,2026-10-08 17:40:28.174371
ROAD,3477932032.0,2026-10-08 17:40:28.174371
ROC,,2026-10-08 17:40:28.174371
ROCK,1445460992.0,2026-10-08 17:40:28.174371
ROG,834800000.0,2026-10-08 17:40:28.174371
ROIV,7532000.0,2026-10-08 17:40:28.174371
ROK,8972999680.0,2026-10-08 17:40:28.174371
ROKU,5209110016.0,2026-10-08 17:40:28.174371
ROL,3924018944.0,2026-10-08 17:40:28.174371
ROLR,15632000.0,2026-10-08 17:40:28.174371
ROMA,,2026-10-08 17:40:28.174371
ROOT,1567500032.0,2026-10-08 17:40:28.174371
ROP,8280300032.0,2026-10-08 17:40:28.174371
ROST,24511797248.0,2026-10-08 17:40:28.174371
RPAY,337808992.0,2026-10-08 17:40:28.174371
RPC,312912992.0,2026-10-08 17:40:28.174371
RPD,855921984.0,2026-10-08 17:40:28.174371
RPGL,,2026-10-08 17:40:28.174371
RPID,35176000.0,2026-10-08 17:40:28.174371
RPM,7965272064.0,2026-10-08 17:40:28.174371
RPRX,2535997952.0,2026-10-08 17:40:28.174371
RPT,21471000.0,2026-10-08 17:40:28.174371
RPT$C,,2026-10-08 17:40:28.174371
RQI,87416896.0,2026-10-08 17:40:28.174371
RQI-R,,2026-06-22 15:48:25.736893
RQI-V,,2026-06-17 14:24:24.590539
RR,5389000.0,2026-10-08 17:40:28.174371
RRBI,128844000.0,2026-10-08 17:40:28.174371
RRC,3270234880.0,2026-10-08 17:40:28.174371
RREV,,2026-10-08 17:40:28.174371
RREVU,,2026-10-08 17:40:28.174371
RREVW,,2026-10-08 17:40:28.174371
RRGB,1190071040.0,2026-10-08 17:40:28.174371
RRR,2004930048.0,2026-10-08 17:40:28.174371
RRX,6057800192.0,2026-10-08 17:40:28.174371
RS,15805800448.0,2026-10-08 17:40:28.174371
RSF,,2026-10-08 17:40:28.174371
RSG,16890999808.0,2026-10-08 17:40:28.174371
RSI,1366941056.0,2026-10-08 17:40:28.174371
RSKD,368150016.0,2026-10-08 17:40:28.174371
RSSS,48306956.0,2026-10-08 17:40:28.174371
RSVR,179982256.0,2026-10-08 17:40:28.174371
RSVRW,175664496.0,2026-07-09 13:44:21.672021
RTAC,,2026-10-08 17:40:28.174371
RTACU,,2026-10-08 17:40:28.174371
RTACW,,2026-10-08 17:40:28.174371
RTB,1915000.0,2026-10-08 17:40:28.174371
RTO,7133000192.0,2026-10-08 17:40:28.174371
RTX,93499998208.0,2026-10-08 17:40:28.174371
RUBI,21227000.0,2026-10-08 17:40:28.174371
RUM,117657432.0,2026-10-08 17:40:28.174371
RUMBW,117657432.0,2026-10-08 17:40:28.174371
RUN,3475609088.0,2026-10-08 17:40:28.174371
RUSHA,7236521984.0,2026-10-08 17:40:28.174371
RUSHB,7236521984.0,2026-10-08 17:40:28.174371
RVI,,2026-10-08 17:40:28.174371
RVII,,2026-09-12 13:49:16.620674
RVLV,1310286976.0,2026-10-08 17:40:28.174371
RVMD,,2026-10-08 17:40:28.174371
RVMDW,,2026-10-08 17:40:28.174371
RVP,33903324.0,2026-10-08 17:40:28.174371
RVSB,43576000.0,2026-10-08 17:40:28.174371
RVSN,2265000.0,2026-10-08 17:40:28.174371
RVSNW,2265000.0,2026-10-08 17:40:28.174371
RVT,29373540.0,2026-10-08 17:40:28.174371
RVTY,2911811072.0,2026-10-08 17:40:28.174371
RWAY,133260000.0,2026-10-08 17:40:28.174371
RWAYI,133260000.0,2026-10-08 17:40:28.174371
RWAYL,,2026-10-08 17:40:28.174371
RWAYM,,2026-10-06 17:00:28.501908
RWT,261570000.0,2026-10-08 17:40:28.174371
RWT$A,,2026-10-08 17:40:28.174371
RWTN,,2026-10-08 17:40:28.174371
RWTO,,2026-10-08 17:40:28.174371
RWTP,261570000.0,2026-10-08 17:40:28.174371
RWTQ,261570000.0,2026-10-08 17:40:28.174371
RWTS,,2026-10-08 17:40:28.174371
RXO,6088999936.0,2026-10-08 17:40:28.174371
RXRX,54856000.0,2026-10-08 17:40:28.174371
RXST,127582000.0,2026-10-08 17:40:28.174371
RXT,2702200064.0,2026-10-08 17:40:28.174371
RY,,2026-10-08 17:40:28.174371
RYAAY,,2026-10-08 17:40:28.174371
RYAM,1465588992.0,2026-10-08 17:40:28.174371
RYAN,3163227904.0,2026-10-08 17:40:28.174371
RYDE,,2026-10-08 17:40:28.174371
RYET,7481411.0,2026-10-08 17:40:28.174371
RYM,51010000.0,2026-10-08 17:40:28.174371
RYN,968291968.0,2026-10-08 17:40:28.174371
RYOJ,9335591.0,2026-10-08 17:40:28.174371
RYTM,239918000.0,2026-10-08 17:40:28.174371
RYZ,5839000064.0,2026-10-08 17:40:28.174371
RZAI,,2026-09-29 16:42:51.379190
RZB,24931999744.0,2026-06-08 14:44:07.369559
RZC,,2026-10-08 17:40:28.174371
RZLT,,2026-10-08 17:40:28.174371
RZLV,171271104.0,2026-10-08 17:40:28.174371
RZLVW,171271104.0,2026-10-08 17:40:28.174371
S,1098704000.0,2026-10-08 17:40:28.174371
SA,,2026-10-08 17:40:28.174371
SAAQ,,2026-10-08 17:40:28.174371
SAAQU,,2026-10-08 17:40:28.174371
SAAQW,,2026-10-08 17:40:28.174371
SABA,16916466.0,2026-10-08 17:40:28.174371
SABR,2853995008.0,2026-10-08 17:40:28.174371
SABS,,2026-10-08 17:40:28.174371
SABSW,,2026-10-08 17:40:28.174371
SAC,,2026-10-08 17:40:28.174371
SAC-U,,2026-10-08 17:40:28.174371
SAC-W,,2026-10-08 17:40:28.174371
SACH,9601000.0,2026-10-08 17:40:28.174371
SACH$A,,2026-10-08 17:40:28.174371
SAFE,436414016.0,2026-10-08 17:40:28.174371
SAFT,1286306944.0,2026-10-08 17:40:28.174371
SAFX,15279292.0,2026-10-08 17:40:28.174371
SAGT,,2026-10-08 17:40:28.174371
SAGU,,2026-10-08 17:40:28.174371
SAGU-R,,2026-10-08 17:40:28.174371
SAGU-U,,2026-10-08 17:40:28.174371
SAGU-W,,2026-10-08 17:40:28.174371
SAH,15467599872.0,2026-10-08 17:40:28.174371
SAIA,3392315904.0,2026-10-08 17:40:28.174371
SAIC,7401999872.0,2026-10-08 17:40:28.174371
SAIH,4522000.0,2026-10-08 17:40:28.174371
SAIHW,4522000.0,2026-10-08 17:40:28.174371
SAIL,1165543936.0,2026-10-08 17:40:28.174371
SAIQ,,2026-10-02 16:26:48.954695
SAJ,,2026-10-08 17:40:28.174371
SAM,1925446016.0,2026-10-08 17:40:28.174371
SAMG,125443000.0,2026-10-08 17:40:28.174371
SAMO,,2026-10-01 17:13:08.883541
SAMO-U,,2026-09-09 14:57:24.401443
SAMO-W,,2026-10-01 17:13:08.883541
SAN,,2026-10-08 17:40:28.174371
SANA,,2026-10-08 17:40:28.174371
SANG,200064992.0,2026-10-08 17:40:28.174371
SANM,12763371520.0,2026-10-08 17:40:28.174371
SAP,,2026-10-08 17:40:28.174371
SAR,124171224.0,2026-10-08 17:40:28.174371
SARO,6324532224.0,2026-10-08 17:40:28.174371
SAT,,2026-09-08 14:50:29.232910
SATA,8501000.0,2026-10-08 17:40:28.174371
SATL,31906000.0,2026-10-08 17:40:28.174371
SATLW,31906000.0,2026-10-08 17:40:28.174371
SATS,14802719744.0,2026-06-08 14:44:07.369559
SAV,,2026-10-08 17:40:28.174371
SAX,,2026-09-27 15:28:41.135149
SAY,,2026-10-08 17:40:28.174371
SAZ,,2026-10-08 17:40:28.174371
SB,307500000.0,2026-10-08 17:40:28.174371
SB$C,,2026-10-08 17:40:28.174371
SB$D,,2026-10-08 17:40:28.174371
SBAC,2870621952.0,2026-10-08 17:40:28.174371
SBC,175168576.0,2026-10-08 17:40:28.174371
SBCF,682184000.0,2026-10-08 17:40:28.174371
SBCWW,175168576.0,2026-10-08 17:40:28.174371
SBET,50202000.0,2026-10-08 17:40:28.174371
SBEV,8684.0,2026-08-09 11:22:13.350083
SBFG,67589000.0,2026-10-08 17:40:28.174371
SBFM,35346772.0,2026-10-08 17:40:28.174371
SBFMW,35346772.0,2026-10-08 17:40:28.174371
SBGI,3256000000.0,2026-10-08 17:40:28.174371
SBH,3729115904.0,2026-10-08 17:40:28.174371
SBI,6994686.0,2026-10-08 17:40:28.174371
SBLK,1203005056.0,2026-10-08 17:40:28.174371
SBMT,,2026-10-08 17:40:28.174371
SBR,75387568.0,2026-10-08 17:40:28.174371
SBRA,863772032.0,2026-10-08 17:40:28.174371
SBS,,2026-10-08 17:40:28.174371
SBSI,245011008.0,2026-10-08 17:40:28.174371
SBSW,,2026-10-08 17:40:28.174371
SBUX,38338301952.0,2026-10-08 17:40:28.174371
SBXD,,2026-09-08 14:50:29.232910
SBXD-U,,2026-09-08 14:50:29.232910
SBXD-W,,2026-09-08 14:50:29.232910
SBXE,,2026-10-08 17:40:28.174371
SBXE-U,,2026-10-08 17:40:28.174371
SBXE-W,,2026-10-08 17:40:28.174371
SCAG,17649652.0,2026-10-08 17:40:28.174371
SCAGW,17649652.0,2026-10-08 17:40:28.174371
SCAT,,2026-10-08 17:40:25.818901
SCATR,,2026-10-08 17:40:25.818901
SCATU,,2026-09-27 15:28:41.135149
SCATW,,2026-10-08 17:40:25.818901
SCCD,,2026-10-08 17:40:28.174371
SCCE,,2026-10-08 17:40:28.174371
SCCF,,2026-10-08 17:40:28.174371
SCCG,,2026-10-08 17:40:28.174371
SCCO,15787499520.0,2026-10-08 17:40:28.174371
SCD,12336400.0,2026-10-08 17:40:28.174371
SCE$G,,2026-10-08 17:40:28.174371
SCE$L,,2026-10-08 17:40:28.174371
SCE$M,,2026-10-08 17:40:28.174371
SCE$N,,2026-10-08 17:40:28.174371
SCHL,1573100032.0,2026-10-08 17:40:28.174371
SCHW,26025000960.0,2026-10-08 17:40:28.174371
SCHW$D,,2026-10-08 17:40:28.174371
SCHW$J,,2026-10-08 17:40:28.174371
SCI,4369364992.0,2026-10-08 17:40:28.174371
SCII,,2026-10-08 17:40:28.174371
SCIIR,,2026-10-08 17:40:28.174371
SCIIU,,2026-10-08 17:40:28.174371
SCKT,13804315.0,2026-10-08 17:40:28.174371
SCL,2432787968.0,2026-10-08 17:40:28.174371
SCLX,31608000.0,2026-10-08 17:40:28.174371
SCLXW,31608000.0,2026-10-08 17:40:28.174371
SCM,97086496.0,2026-10-08 17:40:28.174371
SCNI,1487000.0,2026-10-08 17:40:28.174371
SCNX,821315.0,2026-10-08 17:40:28.174371
SCOR,346939008.0,2026-10-08 17:40:28.174371
SCPQ,,2026-10-08 17:40:28.174371
SCPQU,,2026-10-08 17:40:28.174371
SCPQW,,2026-10-08 17:40:28.174371
SCSC,3226062080.0,2026-10-08 17:40:28.174371
SCTX,33302000.0,2026-09-24 15:38:57.194228
SCVL,1128338944.0,2026-06-08 14:44:07.369559
SCWO,1890165.0,2026-10-08 17:40:28.174371
SCYX,19216000.0,2026-10-08 17:40:28.174371
SCZM,423760000.0,2026-10-08 17:40:28.174371
SD,180116000.0,2026-10-08 17:40:28.174371
SDA,543491968.0,2026-10-08 17:40:28.174371
SDAWW,,2026-10-08 17:40:28.174371
SDEV,-23290000.0,2026-10-08 17:40:28.174371
SDGR,259035008.0,2026-10-08 17:40:28.174371
SDHC,1001939968.0,2026-10-08 17:40:28.174371
SDHI,,2026-10-08 17:40:28.174371
SDHIR,,2026-10-08 17:40:28.174371
SDHIU,,2026-10-08 17:40:28.174371
SDHY,,2026-10-08 17:40:28.174371
SDM,37200512.0,2026-06-08 14:44:07.369559
SDOT,411000.0,2026-10-08 17:40:28.174371
SDRL,1476000000.0,2026-10-08 17:40:28.174371
SDST,,2026-10-08 17:40:28.174371
SDSTW,,2026-10-08 17:40:28.174371
SE,27723159552.0,2026-10-08 17:40:28.174371
SEAL$A,,2026-10-08 17:40:28.174371
SEAL$B,,2026-10-08 17:40:28.174371
SEAT,518831008.0,2026-10-08 17:40:28.174371
SEATW,518831008.0,2026-10-08 17:40:28.174371
SEB,10272000000.0,2026-10-08 17:40:28.174371
SECZ,66770256.0,2026-10-01 17:13:08.883541
SEDG,1332280960.0,2026-10-08 17:40:28.174371
SEED,,2026-10-08 17:40:28.174371
SEER,14217000.0,2026-10-08 17:40:28.174371
SEG,122308000.0,2026-10-08 17:40:28.174371
SEGG,559590.0,2026-10-08 17:40:28.174371
SEI,762184000.0,2026-10-08 17:40:28.174371
SEIC,2450235904.0,2026-10-08 17:40:28.174371
SELF,12772759.0,2026-10-08 17:40:28.174371
SEM,5521134080.0,2026-06-08 14:44:07.369559
SENEA,1767390976.0,2026-10-08 17:40:28.174371
SENEB,1767390976.0,2026-10-08 17:40:28.174371
SENS,48545000.0,2026-10-08 17:40:28.174371
SEPN,98882000.0,2026-10-08 17:40:28.174371
SER,0.0,2026-10-08 17:40:28.174371
SERA,70000.0,2026-10-08 17:40:28.174371
SERV,7791000.0,2026-10-08 17:40:28.174371
SES,23463000.0,2026-10-08 17:40:28.174371
SES-W,,2026-08-09 11:22:13.350083
SEV,,2026-10-08 17:40:28.174371
SEVN,25890000.0,2026-10-08 17:40:28.174371
SEZL,531887008.0,2026-10-08 17:40:28.174371
SF,5834527232.0,2026-10-08 17:40:28.174371
SF$B,,2026-10-08 17:40:28.174371
SF$C,,2026-10-08 17:40:28.174371
SF$D,,2026-10-08 17:40:28.174371
SFB,,2026-10-08 17:40:28.174371
SFBC,40262000.0,2026-10-08 17:40:28.174371
SFBS,585216000.0,2026-10-08 17:40:28.174371
SFD,15473000448.0,2026-10-08 17:40:28.174371
SFHG,,2026-10-08 17:40:28.174371
SFIX,1348119040.0,2026-10-08 17:40:28.174371
SFL,712360000.0,2026-10-08 17:40:28.174371
SFM,9004103680.0,2026-10-08 17:40:28.174371
SFNC,110271000.0,2026-10-08 17:40:28.174371
SFST,128815000.0,2026-10-08 17:40:28.174371
SFWL,620833024.0,2026-10-08 17:40:28.174371
SG,681769984.0,2026-10-08 17:40:28.174371
SGA,103940000.0,2026-10-08 17:40:28.174371
SGC,573756032.0,2026-10-08 17:40:28.174371
SGHC,2431000064.0,2026-10-08 17:40:28.174371
SGHT,83377000.0,2026-10-08 17:40:28.174371
SGI,7616000000.0,2026-10-08 17:40:28.174371
SGLD,,2026-10-01 17:13:08.883541
SGLY,1693264.0,2026-10-08 17:40:28.174371
SGML,142494000.0,2026-10-08 17:40:28.174371
SGMT,,2026-10-08 17:40:28.174371
SGP,,2026-10-08 17:40:28.174371
SGRP,132581000.0,2026-07-09 13:44:21.672021
SGRX,,2026-10-04 15:35:58.398799
SGRY,3366299904.0,2026-10-08 17:40:28.174371
SGU,1911734016.0,2026-10-08 17:40:28.174371
SHAK,1552296960.0,2026-10-08 17:40:28.174371
SHAZ,3089950.0,2026-10-08 17:40:28.174371
SHBI,230212000.0,2026-10-08 17:40:28.174371
SHC,1216173056.0,2026-10-08 17:40:28.174371
SHEL,296600993792.0,2026-10-08 17:40:28.174371
SHEN,367003008.0,2026-10-08 17:40:28.174371
SHFS,8415251.0,2026-10-08 17:40:28.174371
SHFSW,8415251.0,2026-10-08 17:40:28.174371
SHG,,2026-10-08 17:40:28.174371
SHIM,436980992.0,2026-10-08 17:40:28.174371
SHIP,194207008.0,2026-10-08 17:40:28.174371
SHLS,588057984.0,2026-10-08 17:40:28.174371
SHMD,,2026-10-08 17:40:28.174371
SHMDW,,2026-10-08 17:40:28.174371
SHO,1001907008.0,2026-10-08 17:40:28.174371
SHO$H,,2026-10-08 17:40:28.174371
SHO$I,,2026-10-08 17:40:28.174371
SHOE,1106259968.0,2026-09-12 13:49:16.620674
SHOO,2740536064.0,2026-10-08 17:40:28.174371
SHOP,13269000192.0,2026-10-08 17:40:28.174371
SHOT,,2026-09-17 15:23:36.979615
SHOTR,,2026-09-17 15:23:36.979615
SHOTU,,2026-09-10 14:43:12.525053
SHPH,,2026-10-08 17:40:28.174371
SHW,24410300416.0,2026-10-08 17:40:28.174371
SI,,2026-10-08 17:40:28.174371
SIBN,213603008.0,2026-10-08 17:40:28.174371
SID,,2026-10-08 17:40:28.174371
SIDU,2826829.0,2026-10-08 17:40:28.174371
SIEB,104342000.0,2026-10-08 17:40:28.174371
SIF,99372000.0,2026-10-08 17:40:28.174371
SIFY,,2026-10-08 17:40:28.174371
SIG,6818599936.0,2026-10-08 17:40:28.174371
SIGA,53658920.0,2026-10-08 17:40:28.174371
SIGI,5470957056.0,2026-10-08 17:40:28.174371
SIGIP,5470957056.0,2026-10-08 17:40:28.174371
SII,399720000.0,2026-10-08 17:40:28.174371
SILA,201944992.0,2026-06-08 14:44:07.369559
SILC,75426000.0,2026-10-08 17:40:28.174371
SILO,54077.0,2026-10-08 17:40:28.174371
SIM,,2026-10-08 17:40:28.174371
SIMA,,2026-10-08 17:40:28.174371
SIMAU,,2026-10-08 17:40:28.174371
SIMAW,,2026-10-08 17:40:28.174371
SIMO,1313565952.0,2026-10-08 17:40:28.174371
SIND,,2026-09-27 15:28:41.135149
SINT,1330000.0,2026-10-08 17:40:28.174371
SION,,2026-10-08 17:40:28.174371
SIRI,8602999808.0,2026-10-08 17:40:28.174371
SITC,69975000.0,2026-10-08 17:40:28.174371
SITE,4774600192.0,2026-10-08 17:40:28.174371
SITM,467851008.0,2026-10-08 17:40:28.174371
SJ,,2026-10-08 17:40:28.174371
SJM,9156899840.0,2026-10-08 17:40:28.174371
SJT,1049.0,2026-10-08 17:40:28.174371
SKBL,47621004.0,2026-06-08 14:44:07.369559
SKE,,2026-10-08 17:40:28.174371
SKHY,,2026-09-12 13:49:16.620674
SKHYV,,2026-07-10 13:06:49.435913
SKIL,505087008.0,2026-10-08 17:40:28.174371
SKIN,290046016.0,2026-10-08 17:40:28.174371
SKK,12949000.0,2026-10-08 17:40:28.174371
SKLZ,111704000.0,2026-06-08 14:44:07.369559
SKM,,2026-10-08 17:40:28.174371
SKT,627747968.0,2026-10-08 17:40:28.174371
SKWD,1733511040.0,2026-10-08 17:40:28.174371
SKY,2672555008.0,2026-10-08 17:40:28.174371
SKYA,5718476.0,2026-10-08 17:40:28.174371
SKYAW,5718476.0,2026-10-08 17:40:28.174371
SKYD,,2026-10-06 17:00:28.501908
SKYE,,2026-10-08 17:40:28.174371
SKYH,33940000.0,2026-10-08 17:40:28.174371
SKYH-W,,2026-10-08 17:40:28.174371
SKYQ,1617033.0,2026-10-08 17:40:28.174371
SKYT,541529024.0,2026-07-09 13:44:21.672021
SKYW,4190448128.0,2026-10-08 17:40:28.174371
SKYX,96199248.0,2026-10-08 17:40:28.174371
SLAB,855894016.0,2026-10-08 17:40:28.174371
SLAI,24328000.0,2026-07-09 13:44:21.672021
SLB,36366000128.0,2026-10-08 17:40:28.174371
SLBT,3270101.0,2026-09-15 15:22:22.531084
SLDB,,2026-10-08 17:40:28.174371
SLDE,1388801024.0,2026-10-08 17:40:28.174371
SLDP,7392000.0,2026-10-08 17:40:28.174371
SLDPW,7392000.0,2026-10-08 17:40:28.174371
SLE,11635000.0,2026-10-08 17:40:28.174371
SLF,,2026-10-08 17:40:28.174371
SLG,997995008.0,2026-10-08 17:40:28.174371
SLG$I,,2026-10-08 17:40:28.174371
SLGB,,2026-10-08 17:40:28.174371
SLGL,1795000.0,2026-10-08 17:40:28.174371
SLGN,6681870848.0,2026-10-08 17:40:28.174371
SLI,,2026-10-08 17:40:28.174371
SLM,1685997952.0,2026-10-08 17:40:28.174371
SLMBP,1685997952.0,2026-10-08 17:40:28.174371
SLMT,,2026-10-08 17:40:28.174371
SLN,615000.0,2026-10-08 17:40:28.174371
SLND,603011008.0,2026-10-08 17:40:28.174371
SLND-W,,2026-10-08 17:40:28.174371
SLNG,55893000.0,2026-10-08 17:40:28.174371
SLNH,42077000.0,2026-10-08 17:40:28.174371
SLNHP,42077000.0,2026-10-08 17:40:28.174371
SLP,82058000.0,2026-09-08 14:50:29.232910
SLQT,1618498944.0,2026-10-08 17:40:28.174371
SLRC,209560000.0,2026-10-08 17:40:28.174371
SLS,,2026-10-08 17:40:28.174371
SLSN,55370000.0,2026-10-08 17:40:28.174371
SLSR,,2026-10-08 17:40:28.174371
SLVM,3296999936.0,2026-10-08 17:40:28.174371
SLXN,,2026-10-08 17:40:28.174371
SLXNW,,2026-10-08 17:40:28.174371
SM,4961999872.0,2026-10-08 17:40:28.174371
SMA,283432000.0,2026-10-08 17:40:28.174371
SMBC,189192000.0,2026-10-08 17:40:28.174371
SMBK,204186000.0,2026-10-08 17:40:28.174371
SMC,584270016.0,2026-10-08 17:40:28.174371
SMCI,39063072768.0,2026-10-08 17:40:28.174371
SMCIP,39063072768.0,2026-09-16 15:15:02.811913
SMFG,,2026-10-08 17:40:28.174371
SMG,3483500032.0,2026-10-08 17:40:28.174371
SMHB,,2026-10-08 17:40:28.174371
SMHI,210435008.0,2026-10-08 17:40:28.174371
SMID,89497000.0,2026-10-08 17:40:28.174371
SMJF,,2026-10-08 17:40:28.174371
SMMT,,2026-10-08 17:40:28.174371
SMP,1836690944.0,2026-10-08 17:40:28.174371
SMPL,1392235008.0,2026-10-08 17:40:28.174371
SMR,10690000.0,2026-10-08 17:40:28.174371
SMRT,151200992.0,2026-10-08 17:40:28.174371
SMSI,16884000.0,2026-10-08 17:40:28.174371
SMTC,1174215040.0,2026-10-08 17:40:28.174371
SMTI,109814928.0,2026-10-08 17:40:28.174371
SMTK,662000.0,2026-10-08 17:40:28.174371
SMWB,295611008.0,2026-10-08 17:40:28.174371
SMX,,2026-10-08 17:40:28.174371
SMXT,98885680.0,2026-10-08 17:40:28.174371
SMXWW,,2026-10-08 17:40:28.174371
SN,6909956096.0,2026-10-08 17:40:28.174371
SNA,5274899968.0,2026-10-08 17:40:28.174371
SNAL,85900104.0,2026-10-08 17:40:28.174371
SNAP,6351084032.0,2026-10-08 17:40:28.174371
SNBR,1337176064.0,2026-06-08 14:44:07.369559
SND,386985984.0,2026-10-08 17:40:28.174371
SNDA,481073984.0,2026-10-08 17:40:28.174371
SNDK,20248000512.0,2026-10-08 17:40:28.174371
SNDL,,2026-10-08 17:40:28.174371
SNDR,5819200000.0,2026-10-08 17:40:28.174371
SNDX,252251008.0,2026-10-08 17:40:28.174371
SNES,2374000.0,2026-10-08 17:40:28.174371
SNEX,155784396800.0,2026-10-08 17:40:28.174371
SNFCA,335961504.0,2026-10-08 17:40:28.174371
SNGX,,2026-10-08 17:40:28.174371
SNN,6300000256.0,2026-10-08 17:40:28.174371
SNOA,21920000.0,2026-10-08 17:40:28.174371
SNOW,5434647040.0,2026-10-08 17:40:28.174371
SNPS,9416465408.0,2026-10-08 17:40:28.174371
SNSC,5225872.0,2026-09-11 14:46:03.412100
SNSE,,2026-06-08 14:44:07.369559
SNT,36803000.0,2026-10-08 17:40:28.174371
SNTG,68909.0,2026-10-08 17:40:28.174371
SNTI,55000.0,2026-10-08 17:40:28.174371
SNUS$H,,2026-09-19 14:05:04.819037
SNUS$I,,2026-09-19 14:05:04.819037
SNWV,44022000.0,2026-10-08 17:40:28.174371
SNX,75673559040.0,2026-10-08 17:40:28.174371
SNY,,2026-10-08 17:40:28.174371
SNYR,27702980.0,2026-09-08 14:50:29.232910
SO,30179000320.0,2026-10-08 17:40:28.174371
SOAR,30188000.0,2026-10-08 17:40:28.174371
SOBO,2000999936.0,2026-10-08 17:40:28.174371
SOBR,354654.0,2026-09-08 14:50:29.232910
SOC,138396000.0,2026-10-08 17:40:28.174371
SOCA,,2026-10-08 17:40:28.174371
SOCAU,,2026-10-08 17:40:28.174371
SOCAW,,2026-10-08 17:40:28.174371
SOFI,4268439040.0,2026-10-08 17:40:28.174371
SOGP,,2026-10-08 17:40:28.174371
SOHU,599244992.0,2026-10-08 17:40:28.174371
SOJC,,2026-10-08 17:40:28.174371
SOJD,,2026-10-08 17:40:28.174371
SOJE,,2026-10-08 17:40:28.174371
SOJF,,2026-10-08 17:40:28.174371
SOLS,4095000064.0,2026-10-08 17:40:28.174371
SOLV,8310000128.0,2026-10-08 17:40:28.174371
SOMN,30179000320.0,2026-10-08 17:40:28.174371
SON,7461010944.0,2026-10-08 17:40:28.174371
SONM,-11190000.0,2026-10-08 17:40:28.174371
SONO,1490349056.0,2026-10-08 17:40:28.174371
SONY,,2026-10-08 17:40:28.174371
SOPH,86167000.0,2026-10-08 17:40:28.174371
SOR,20301104.0,2026-10-08 17:40:28.174371
SORA,12720434.0,2026-10-08 17:40:28.174371
SORN,,2026-10-08 17:40:28.174371
SORNU,,2026-10-08 17:40:28.174371
SORNW,,2026-10-08 17:40:28.174371
SOS,113520000.0,2026-10-08 17:40:28.174371
SOTK,21437700.0,2026-10-08 17:40:28.174371
SOUL,,2026-10-08 17:40:28.174371
SOUL-R,,2026-10-08 17:40:28.174371
SOUL-U,,2026-10-08 17:40:28.174371
SOUN,203200000.0,2026-10-08 17:40:28.174371
SOUNW,203200000.0,2026-10-08 17:40:28.174371
SOWG,-1856312.0,2026-10-08 17:40:28.174371
SPAI,2881329.0,2026-10-08 17:40:28.174371
SPB,2872699904.0,2026-10-08 17:40:28.174371
SPCB,29408000.0,2026-10-08 17:40:28.174371
SPCE,1038000.0,2026-10-08 17:40:28.174371
SPCX,23043999744.0,2026-09-12 13:49:16.620674
SPE,8501056.0,2026-10-08 17:40:28.174371
SPE$C,,2026-10-08 17:40:28.174371
SPEG,,2026-10-08 17:40:28.174371
SPEGR,,2026-10-08 17:40:28.174371
SPEGU,,2026-10-08 17:40:28.174371
SPFI,223822000.0,2026-10-08 17:40:28.174371
SPG,6940724224.0,2026-10-08 17:40:28.174371
SPG$J,,2026-10-08 17:40:28.174371
SPGI,16122000384.0,2026-10-08 17:40:28.174371
SPGI-V,,2026-06-26 13:06:05.677386
SPH,1394347008.0,2026-10-08 17:40:28.174371
SPHL,,2026-10-08 17:40:28.174371
SPHR,1356845056.0,2026-10-08 17:40:28.174371
SPIR,62377000.0,2026-10-08 17:40:28.174371
SPKL,,2026-09-08 14:50:29.232910
SPKLU,,2026-09-08 14:50:29.232910
SPKLW,,2026-09-08 14:50:29.232910
SPMA,65733228.0,2026-10-08 17:40:28.174371
SPMC,65733228.0,2026-10-08 17:40:28.174371
SPME,65733228.0,2026-10-08 17:40:28.174371
SPNT,3000699904.0,2026-10-08 17:40:28.174371
SPOK,135964992.0,2026-10-08 17:40:28.174371
SPOT,,2026-10-08 17:40:28.174371
SPPL,,2026-10-08 17:40:28.174371
SPRB,,2026-10-08 17:40:28.174371
SPRC,679000.0,2026-10-08 17:40:28.174371
SPRO,46997000.0,2026-10-08 17:40:28.174371
SPRU,108488000.0,2026-10-08 17:40:28.174371
SPRY,116927000.0,2026-10-08 17:40:28.174371
SPSC,772492032.0,2026-10-08 17:40:28.174371
SPT,481824000.0,2026-10-08 17:40:28.174371
SPTX,,2026-10-08 17:40:28.174371
SPWH,1217841024.0,2026-10-08 17:40:28.174371
SPWR,283123008.0,2026-10-08 17:40:28.174371
SPWRW,283123008.0,2026-10-08 17:40:28.174371
SPXC,2475899904.0,2026-10-08 17:40:28.174371
SPXX,11533736.0,2026-10-08 17:40:28.174371
SQFT,15898658.0,2026-10-08 17:40:28.174371
SQFTP,15898658.0,2026-10-08 17:40:28.174371
SQFTW,15898658.0,2026-10-08 17:40:28.174371
SQM,6725432832.0,2026-10-08 17:40:28.174371
SQNS,23642000.0,2026-10-08 17:40:28.174371
SR,2668400128.0,2026-10-08 17:40:28.174371
SRAD,,2026-10-08 17:40:28.174371
SRBK,32873000.0,2026-10-08 17:40:28.174371
SRCE,442369984.0,2026-10-08 17:40:28.174371
SRE,13552000000.0,2026-10-08 17:40:28.174371
SREA,,2026-10-08 17:40:28.174371
SRFM,110742000.0,2026-10-08 17:40:28.174371
SRG,12520000.0,2026-10-08 17:40:28.174371
SRG$A,,2026-10-08 17:40:28.174371
SRI,896896000.0,2026-10-08 17:40:28.174371
SRJN,,2026-10-08 17:40:28.174371
SRL,,2026-10-08 17:40:28.174371
SRPT,1974343936.0,2026-10-08 17:40:28.174371
SRRK,,2026-10-08 17:40:28.174371
SRTA,255975008.0,2026-10-08 17:40:28.174371
SRTS,17507000.0,2026-10-08 17:40:28.174371
SRV,,2026-10-08 17:40:28.174371
SRXH,,2026-10-08 17:40:28.174371
SRZN,11511000.0,2026-10-08 17:40:28.174371
SRZNW,11511000.0,2026-08-09 11:22:13.350083
SSAC,,2026-10-08 17:40:28.174371
SSACR,,2026-10-08 17:40:28.174371
SSACU,,2026-10-08 17:40:28.174371
SSACW,,2026-10-08 17:40:28.174371
SSB,2676012032.0,2026-10-08 17:40:28.174371
SSBI,27284000.0,2026-10-08 17:40:28.174371
SSD,2421897984.0,2026-10-08 17:40:28.174371
SSEA,,2026-10-08 17:40:28.174371
SSEAR,,2026-10-08 17:40:28.174371
SSEAU,,2026-10-08 17:40:28.174371
SSII,52404908.0,2026-10-08 17:40:28.174371
SSL,,2026-10-08 17:40:28.174371
SSM,170227.0,2026-10-08 17:40:28.174371
SSMR,425345.0,2026-10-08 17:40:28.174371
SSNC,6564299776.0,2026-10-08 17:40:28.174371
SSP,2093380992.0,2026-10-08 17:40:28.174371
SSRM,1933139968.0,2026-10-08 17:40:28.174371
SSSS,1919167.0,2026-06-08 14:44:07.369559
SSSSL,,2026-06-08 14:44:07.369559
SST,180935008.0,2026-10-08 17:40:28.174371
SSTI,97956000.0,2026-10-08 17:40:28.174371
SSTK,901286016.0,2026-10-08 17:40:28.174371
SSYS,547273024.0,2026-10-08 17:40:28.174371
ST,3775300096.0,2026-10-08 17:40:28.174371
STAA,339590016.0,2026-10-08 17:40:28.174371
STAG,880593024.0,2026-10-08 17:40:28.174371
STAK,27189080.0,2026-10-08 17:40:28.174371
STBA,404686016.0,2026-10-08 17:40:28.174371
STC,3271717120.0,2026-10-08 17:40:28.174371
STDN,7538793.0,2026-09-15 15:22:22.531084
STE,6037499904.0,2026-10-08 17:40:28.174371
STEL,420664992.0,2026-06-08 14:44:07.369559
STEM,148034000.0,2026-10-08 17:40:28.174371
STEP,2008205056.0,2026-10-08 17:40:28.174371
STEW,33048016.0,2026-10-08 17:40:28.174371
STEX,146000.0,2026-10-08 17:40:28.174371
STFS,,2026-10-08 17:40:28.174371
STG,,2026-10-08 17:40:28.174371
STGW,3040891904.0,2026-10-08 17:40:28.174371
STHO,98265000.0,2026-10-08 17:40:28.174371
STI,219690.0,2026-10-08 17:40:28.174371
STIM,155096000.0,2026-10-08 17:40:28.174371
STK,,2026-10-08 17:40:28.174371
STKE,,2026-10-08 17:40:28.174371
STKH,,2026-10-08 17:40:28.174371
STKS,800507008.0,2026-10-08 17:40:28.174371
STLA,,2026-10-08 17:40:28.174371
STLD,20538677248.0,2026-10-08 17:40:28.174371
STLN,587244032.0,2026-10-03 15:01:17.985862
STLNW,587244032.0,2026-10-03 15:01:17.985862
STM,13098999808.0,2026-10-08 17:40:28.174371
STN,,2026-10-08 17:40:28.174371
STNE,,2026-10-08 17:40:28.174371
STNG,1215607040.0,2026-10-08 17:40:28.174371
STOK,27588000.0,2026-10-08 17:40:28.174371
STRA,1286350976.0,2026-10-08 17:40:28.174371
STRC,498347008.0,2026-10-08 17:40:28.174371
STRD,498347008.0,2026-10-08 17:40:28.174371
STRF,498347008.0,2026-10-08 17:40:28.174371
STRK,498347008.0,2026-10-08 17:40:28.174371
STRL,3438486016.0,2026-10-08 17:40:28.174371
STRO,45702000.0,2026-10-08 17:40:28.174371
STRR,209754000.0,2026-10-08 17:40:28.174371
STRRP,209754000.0,2026-10-08 17:40:28.174371
STRS,28662000.0,2026-08-09 11:22:13.350083
STRT,579392000.0,2026-10-08 17:40:28.174371
STRW,159839008.0,2026-10-08 17:40:28.174371
STRZ,1249032960.0,2026-10-08 17:40:28.174371
STT,15022999552.0,2026-10-08 17:40:28.174371
STT$G,,2026-10-08 17:40:28.174371
STTK,1000000.0,2026-10-08 17:40:28.174371
STUB,1936398976.0,2026-10-08 17:40:28.174371
STVN,,2026-10-08 17:40:28.174371
STWD,597280000.0,2026-10-08 17:40:28.174371
STX,12195000320.0,2026-10-08 17:40:28.174371
STXS,30068000.0,2026-10-08 17:40:28.174371
STZ,9208699904.0,2026-10-08 17:40:28.174371
SU,,2026-10-08 17:40:28.174371
SUGP,,2026-10-08 17:40:28.174371
SUI,2331699968.0,2026-10-08 17:40:28.174371
SUIG,3128631.0,2026-10-08 17:40:28.174371
SUJA,355009984.0,2026-10-08 17:40:28.174371
SUMA,,2026-10-08 17:40:28.174371
SUMAR,,2026-10-08 17:40:28.174371
SUMAU,,2026-10-08 17:40:28.174371
SUN,39580999680.0,2026-10-08 17:40:28.174371
SUNB,11468000256.0,2026-10-08 17:40:28.174371
SUNC,39580999680.0,2026-10-08 17:40:28.174371
SUNE,61561072.0,2026-10-08 17:40:28.174371
SUNS,22343120.0,2026-10-08 17:40:28.174371
SUPN,830438016.0,2026-10-08 17:40:28.174371
SUPV,,2026-10-08 17:40:28.174371
SUPX,5690861.0,2026-10-08 17:40:28.174371
SURG,67056128.0,2026-10-08 17:40:28.174371
SUZ,,2026-10-08 17:40:28.174371
SVA,,2026-10-08 17:40:28.174371
SVAC,,2026-07-09 13:44:21.672021
SVACU,,2026-07-09 13:44:21.672021
SVACW,,2026-07-09 13:44:21.672021
SVAQ,,2026-10-08 17:40:28.174371
SVAQU,,2026-10-08 17:40:28.174371
SVAQW,,2026-10-08 17:40:28.174371
SVC,1661648000.0,2026-10-08 17:40:28.174371
SVCC,,2026-10-08 17:40:28.174371
SVCCU,,2026-09-09 14:57:24.401443
SVCCW,,2026-09-09 14:57:24.401443
SVCO,72485000.0,2026-09-09 14:57:24.401443
SVIA,,2026-09-22 15:19:17.140712
SVIAW,,2026-09-22 15:19:17.140712
SVIV,,2026-09-09 14:57:24.401443
SVIVU,,2026-09-09 14:57:24.401443
SVIVW,,2026-09-09 14:57:24.401443
SVM,495465984.0,2026-09-09 14:57:24.401443
SVRA,,2026-09-09 14:57:24.401443
SVRE,,2026-09-09 14:57:24.401443
SVREW,,2026-09-09 14:57:24.401443
SVRN,13400000.0,2026-09-09 14:57:24.401443
SVV,1743015040.0,2026-09-09 14:57:24.401443
SW,31325999104.0,2026-09-09 14:57:24.401443
SWAG,119527000.0,2026-09-09 14:57:24.401443
SWAGW,119527000.0,2026-09-09 14:57:24.401443
SWBI,551355008.0,2026-09-09 14:57:24.401443
SWIM,576641984.0,2026-09-09 14:57:24.401443
SWK,15247699968.0,2026-09-09 14:57:24.401443
SWKHL,,2026-09-09 14:57:24.401443
SWKS,4014099968.0,2026-09-09 14:57:24.401443
SWMR,297748.0,2026-09-09 14:57:24.401443
SWRD,16919422.0,2026-09-10 14:43:12.525053
SWVL,24167888.0,2026-09-09 14:57:24.401443
SWVLW,,2026-09-09 14:57:24.401443
SWX,1740919040.0,2026-09-09 14:57:24.401443
SWZ,,2026-09-09 14:57:24.401443
SXC,1897600000.0,2026-09-09 14:57:24.401443
SXI,891596992.0,2026-09-09 14:57:24.401443
SXT,1703470976.0,2026-09-09 14:57:24.401443
SXTC,1138052.0,2026-09-09 14:57:24.401443
SXTP,1214931.0,2026-09-09 14:57:24.401443
SXTPW,,2026-09-09 14:57:24.401443
SY,,2026-09-09 14:57:24.401443
SYBT,418231008.0,2026-09-09 14:57:24.401443
SYF,9907999744.0,2026-09-09 14:57:24.401443
SYF$A,,2026-09-09 14:57:24.401443
SYF$B,,2026-09-09 14:57:24.401443
SYK,25837000704.0,2026-09-09 14:57:24.401443
SYM,2645760000.0,2026-09-09 14:57:24.401443
SYNA,1197200000.0,2026-09-09 14:57:24.401443
SYNX,5806000.0,2026-09-09 14:57:24.401443
SYPR,115105000.0,2026-09-09 14:57:24.401443
SYRE,,2026-09-09 14:57:24.401443
SYY,84552998912.0,2026-09-09 14:57:24.401443
SZZL,,2026-09-09 14:57:24.401443
SZZLR,,2026-09-09 14:57:24.401443
SZZLU,,2026-09-09 14:57:24.401443
T,127238995968.0,2026-09-09 14:57:24.401443
T$A,,2026-09-09 14:57:24.401443
T$C,,2026-09-09 14:57:24.401443
TAC,,2026-09-09 14:57:24.401443
TACH,,2026-09-09 14:57:24.401443
TACHU,,2026-09-09 14:57:24.401443
TACHW,,2026-09-09 14:57:24.401443
TACO,,2026-09-09 14:57:24.401443
TACOU,,2026-09-09 14:57:24.401443
TACOW,,2026-09-09 14:57:24.401443
TACT,52992000.0,2026-09-09 14:57:24.401443
TAK,,2026-09-09 14:57:24.401443
TAL,3192285952.0,2026-09-09 14:57:24.401443
TALK,245730000.0,2026-08-10 11:42:27.607789
TALKW,,2026-06-09 13:41:06.766761
TALO,1979092992.0,2026-09-09 14:57:24.401443
TANH,38359164.0,2026-09-09 14:57:24.401443
TAOP,30816536.0,2026-09-09 14:57:24.401443
TAOX,772499.0,2026-09-09 14:57:24.401443
TAP,11083499520.0,2026-09-09 14:57:24.401443
TAP-A,11083499520.0,2026-09-09 14:57:24.401443
TARA,,2026-09-09 14:57:24.401443
TARS,606331008.0,2026-09-09 14:57:24.401443
TASK,1226790016.0,2026-09-09 14:57:24.401443
TATT,186854000.0,2026-09-09 14:57:24.401443
TAVI,,2026-09-09 14:57:24.401443
TAVIR,,2026-09-09 14:57:24.401443
TAVIU,,2026-09-09 14:57:24.401443
TAYD,41649672.0,2026-09-09 14:57:24.401443
TBB,,2026-09-09 14:57:24.401443
TBBB,,2026-09-09 14:57:24.401443
TBBK,531902016.0,2026-09-09 14:57:24.401443
TBCH,297772992.0,2026-09-09 14:57:24.401443
TBCV,,2026-10-06 17:00:28.501908
TBCVU,,2026-09-13 14:44:59.818209
TBCVW,,2026-10-06 17:00:28.501908
TBH,,2026-06-09 13:41:06.766761
TBI,1691010944.0,2026-09-09 14:57:24.401443
TBLA,1962294016.0,2026-09-09 14:57:24.401443
TBLAW,1950941952.0,2026-06-09 13:41:06.766761
TBLD,,2026-09-09 14:57:24.401443
TBN,,2026-09-09 14:57:24.401443
TBPH,104311000.0,2026-09-09 14:57:24.401443
TBRG,345899008.0,2026-06-09 13:41:06.766761
TC,,2026-09-09 14:57:24.401443
TCBI,1270317056.0,2026-09-09 14:57:24.401443
TCBI$B,,2026-10-08 17:40:25.818901
TCBIO,1270317056.0,2026-09-09 14:57:24.401443
TCBK,426209984.0,2026-09-09 14:57:24.401443
TCBS,16520000.0,2026-09-09 14:57:24.401443
TCBX,228956000.0,2026-09-09 14:57:24.401443
TCGL,,2026-06-09 13:41:06.766761
TCGX,,2026-10-04 15:35:58.398799
TCI,50099000.0,2026-09-09 14:57:24.401443
TCMD,350313984.0,2026-09-09 14:57:24.401443
TCOM,,2026-09-09 14:57:24.401443
TCPA,,2026-09-09 14:57:24.401443
TCPC,177037648.0,2026-09-09 14:57:24.401443
TCRT,3000.0,2026-09-09 14:57:24.401443
TCRX,7111000.0,2026-09-09 14:57:24.401443
TCX,394440992.0,2026-09-09 14:57:24.401443
TD,,2026-09-09 14:57:24.401443
TDAC,,2026-09-09 14:57:24.401443
TDACU,,2026-09-09 14:57:24.401443
TDACW,,2026-09-09 14:57:24.401443
TDAY,2230614016.0,2026-09-09 14:57:24.401443
TDC,1691000064.0,2026-09-09 14:57:24.401443
TDF,6355152.0,2026-09-09 14:57:24.401443
TDG,10005999616.0,2026-09-09 14:57:24.401443
TDIC,,2026-09-09 14:57:24.401443
TDOC,2489479936.0,2026-09-09 14:57:24.401443
TDS,1257964032.0,2026-09-09 14:57:24.401443
TDS$U,,2026-09-09 14:57:24.401443
TDS$V,,2026-09-09 14:57:24.401443
TDTH,160925.0,2026-09-09 14:57:24.401443
TDUP,334303008.0,2026-09-09 14:57:24.401443
TDW,1346419968.0,2026-09-09 14:57:24.401443
TDWD,,2026-09-09 14:57:24.401443
TDWDR,,2026-09-09 14:57:24.401443
TDWDU,,2026-09-09 14:57:24.401443
TDY,6374400000.0,2026-09-09 14:57:24.401443
TE,996851008.0,2026-09-09 14:57:24.401443
TE-W,,2026-06-09 13:41:06.766761
TEAD,1221580032.0,2026-09-09 14:57:24.401443
TEAM,,2026-09-09 14:57:24.401443
TECH,1215038976.0,2026-09-09 14:57:24.401443
TECK,,2026-09-09 14:57:24.401443
TECX,,2026-09-09 14:57:24.401443
TEI,41702580.0,2026-09-09 14:57:24.401443
TEL,19321999360.0,2026-09-09 14:57:24.401443
TELA,79908000.0,2026-09-09 14:57:24.401443
TELO,,2026-09-09 14:57:24.401443
TEM,1432018944.0,2026-09-09 14:57:24.401443
TEN,854601024.0,2026-09-09 14:57:24.401443
TEN$E,,2026-09-09 14:57:24.401443
TEN$F,,2026-09-09 14:57:24.401443
TENB,1043539008.0,2026-09-09 14:57:24.401443
TENX,,2026-09-09 14:57:24.401443
TEO,,2026-09-09 14:57:24.401443
TER,4464031232.0,2026-09-09 14:57:24.401443
TEVA,17315000320.0,2026-09-09 14:57:24.401443
TEX,6677000192.0,2026-09-09 14:57:24.401443
TFC,19028000768.0,2026-09-09 14:57:24.401443
TFC$I,,2026-09-09 14:57:24.401443
TFC$O,,2026-09-09 14:57:24.401443
TFC$R,,2026-09-09 14:57:24.401443
TFII,8121615872.0,2026-09-09 14:57:24.401443
TFIN,454558016.0,2026-09-09 14:57:24.401443
TFIN$,,2026-09-09 14:57:24.401443
TFPM,488576000.0,2026-09-09 14:57:24.401443
TFSL,347228992.0,2026-09-09 14:57:24.401443
TFX,2254523904.0,2026-09-09 14:57:24.401443
TG,781745024.0,2026-09-09 14:57:24.401443
TGB,,2026-09-09 14:57:24.401443
TGE,98325000.0,2026-09-09 14:57:24.401443
TGE-W,,2026-09-09 14:57:24.401443
TGEN,,2026-09-09 14:57:24.401443
TGHL,,2026-09-09 14:57:24.401443
TGL,,2026-09-09 14:57:24.401443
TGLS,1050078976.0,2026-09-09 14:57:24.401443
TGS,,2026-09-09 14:57:24.401443
TGT,107704999936.0,2026-09-09 14:57:24.401443
TGTX,799536000.0,2026-09-09 14:57:24.401443
TH,347368000.0,2026-09-09 14:57:24.401443
THC,21812000768.0,2026-09-09 14:57:24.401443
THCH,,2026-09-09 14:57:24.401443
THEO,,2026-09-14 16:43:23.543461
THEOR,,2026-09-14 16:43:23.543461
THEOU,,2026-10-04 15:35:58.398799
THFF,268170000.0,2026-09-09 14:57:24.401443
THG,6764400128.0,2026-09-09 14:57:24.401443
THH,,2026-09-09 14:57:24.401443
THM,,2026-09-09 14:57:24.401443
THO,9820300288.0,2026-09-09 14:57:24.401443
THQ,,2026-09-09 14:57:24.401443
THRM,1579529984.0,2026-09-09 14:57:24.401443
THRMV,,2026-09-28 18:19:46.995311
THRY,711585984.0,2026-09-09 14:57:24.401443
THW,,2026-09-09 14:57:24.401443
TIC,2054531968.0,2026-09-09 14:57:24.401443
TIGO,7248000000.0,2026-09-09 14:57:24.401443
TIGR,607240128.0,2026-09-09 14:57:24.401443
TII,87177000.0,2026-09-09 14:57:24.401443
TIL,,2026-09-09 14:57:24.401443
TILE,1440653952.0,2026-09-09 14:57:24.401443
TIMB,,2026-09-09 14:57:24.401443
TIPT,-1059000.0,2026-09-09 14:57:24.401443
TISI,893536000.0,2026-09-09 14:57:24.401443
TITN,2305108992.0,2026-09-09 14:57:24.401443
TJGC,,2026-09-09 14:57:24.401443
TJX,62363000832.0,2026-09-09 14:57:24.401443
TK,1151122048.0,2026-09-09 14:57:24.401443
TKC,,2026-09-09 14:57:24.401443
TKLF,373223808.0,2026-09-09 14:57:24.401443
TKNO,43700000.0,2026-09-09 14:57:24.401443
TKO,5301862912.0,2026-09-09 14:57:24.401443
TKR,4760300032.0,2026-09-09 14:57:24.401443
TLAC,,2026-09-17 15:23:36.979615
TLACU,,2026-10-01 17:13:08.883541
TLACW,,2026-09-17 15:23:36.979615
TLF,77211000.0,2026-09-09 14:57:24.401443
TLIH,,2026-09-09 14:57:24.401443
TLK,,2026-09-09 14:57:24.401443
TLN,3740999936.0,2026-09-09 14:57:24.401443
TLNC,,2026-09-09 14:57:24.401443
TLNCU,,2026-09-09 14:57:24.401443
TLNCW,,2026-09-09 14:57:24.401443
TLPH,1000.0,2026-09-09 14:57:24.401443
TLRY,915454016.0,2026-09-09 14:57:24.401443
TLS,193708000.0,2026-09-09 14:57:24.401443
TLSA,,2026-09-09 14:57:24.401443
TLSI,45077000.0,2026-09-09 14:57:24.401443
TLSIW,45077000.0,2026-09-09 14:57:24.401443
TLX,890785024.0,2026-09-09 14:57:24.401443
TLYS,582944000.0,2026-09-09 14:57:24.401443
TM,,2026-09-09 14:57:24.401443
TMC,,2026-09-09 14:57:24.401443
TMCI,205307008.0,2026-09-09 14:57:24.401443
TMCR,,2026-09-09 14:57:24.401443
TMCWW,,2026-09-09 14:57:24.401443
TMDE,,2026-09-09 14:57:24.401443
TMDX,668467968.0,2026-09-09 14:57:24.401443
TME,,2026-09-09 14:57:24.401443
TMHC,7612553216.0,2026-07-10 13:06:49.435913
TMO,46336000000.0,2026-09-09 14:57:24.401443
TMP,446607008.0,2026-09-09 14:57:24.401443
TMQ,,2026-09-09 14:57:24.401443
TMS,515148000.0,2026-09-23 15:14:42.240648
TMSWW,515148000.0,2026-09-23 15:14:42.240648
TMTS,,2026-09-09 14:57:24.401443
TMTSU,,2026-09-09 14:57:24.401443
TMTSW,,2026-09-09 14:57:24.401443
TMUS,92188999680.0,2026-09-09 14:57:24.401443
TMUSI,,2026-09-09 14:57:24.401443
TMUSL,,2026-09-09 14:57:24.401443
TMUSZ,,2026-09-09 14:57:24.401443
TNC,1216800000.0,2026-09-09 14:57:24.401443
TNDM,1041417024.0,2026-09-09 14:57:24.401443
TNET,4826999808.0,2026-09-09 14:57:24.401443
TNGX,53811000.0,2026-09-09 14:57:24.401443
TNK,1152893952.0,2026-09-09 14:57:24.401443
TNL,4094000128.0,2026-09-09 14:57:24.401443
TNMG,,2026-09-09 14:57:24.401443
TNON,5312000.0,2026-09-09 14:57:24.401443
TNONW,,2026-09-09 14:57:24.401443
TNXP,29102000.0,2026-09-09 14:57:24.401443
TNYA,1335000.0,2026-09-09 14:57:24.401443
TOI,545763968.0,2026-07-10 13:06:49.435913
TOIIW,545763968.0,2026-07-10 13:06:49.435913
TOL,10759035904.0,2026-09-09 14:57:24.401443
TOMZ,6929390.0,2026-09-09 14:57:24.401443
TONT,,2026-09-27 15:28:41.135149
TONT-U,,2026-09-27 15:28:41.135149
TONT-W,,2026-09-27 15:28:41.135149
TONX,30800000.0,2026-09-09 14:57:24.401443
TOON,32629000.0,2026-09-09 14:57:24.401443
TOP,4467072.0,2026-09-09 14:57:24.401443
TOPP,17515212.0,2026-09-09 14:57:24.401443
TOPS,80415000.0,2026-09-09 14:57:24.401443
TORO,21505948.0,2026-09-09 14:57:24.401443
TOST,6803999744.0,2026-09-09 14:57:24.401443
TOUR,,2026-09-09 14:57:24.401443
TOVX,300000.0,2026-09-09 14:57:24.401443
TOWN,1117165952.0,2026-09-09 14:57:24.401443
TOYO,549234176.0,2026-09-09 14:57:24.401443
TP,38700760.0,2026-10-06 17:00:28.501908
TPB,507230016.0,2026-09-09 14:57:24.401443
TPC,5949230080.0,2026-09-09 14:57:24.401443
TPCS,33361000.0,2026-09-09 14:57:24.401443
TPET,695094.0,2026-09-09 14:57:24.401443
TPG,4642341888.0,2026-09-09 14:57:24.401443
TPGXL,,2026-09-09 14:57:24.401443
TPL,897540992.0,2026-09-09 14:57:24.401443
TPR,8004199936.0,2026-09-09 14:57:24.401443
TPST,,2026-09-09 14:57:24.401443
TPTA,,2026-06-09 13:41:06.766761
TPTS,,2026-09-23 15:14:42.240648
TPVG,89462000.0,2026-09-09 14:57:24.401443
TR,734740992.0,2026-09-09 14:57:24.401443
TRAD,,2026-09-09 14:57:24.401443
TRAD-R,,2026-09-09 14:57:24.401443
TRAD-U,,2026-09-09 14:57:24.401443
TRAK,23471760.0,2026-09-09 14:57:24.401443
TRAW,0.0,2026-09-09 14:57:24.401443
TRAX,,2026-09-09 14:57:24.401443
TRBG,,2026-10-01 17:13:08.883541
TRC,56837000.0,2026-09-09 14:57:24.401443
TRDA,4686000.0,2026-09-09 14:57:24.401443
TREE,1268168960.0,2026-09-09 14:57:24.401443
TREO,,2026-09-20 14:23:53.357029
TREX,1207895040.0,2026-09-09 14:57:24.401443
TRGP,16741499904.0,2026-09-09 14:57:24.401443
TRGS,,2026-09-09 14:57:24.401443
TRGSR,,2026-09-09 14:57:24.401443
TRGSU,,2026-09-09 14:57:24.401443
TRI,7832000000.0,2026-09-09 14:57:24.401443
TRIB,43785000.0,2026-09-09 14:57:24.401443
TRIN,313048000.0,2026-09-09 14:57:24.401443
TRINI,,2026-07-10 13:06:49.435913
TRINZ,,2026-07-10 13:06:49.435913
TRIP,1830200064.0,2026-09-09 14:57:24.401443
TRLV,1139040000.0,2026-09-10 14:43:12.525053
TRMB,3782899968.0,2026-09-09 14:57:24.401443
TRMD,1760000000.0,2026-09-09 14:57:24.401443
TRMK,815201984.0,2026-09-09 14:57:24.401443
TRN,2042400000.0,2026-09-09 14:57:24.401443
TRNI,,2026-09-27 15:28:41.135149
TRNO,502880000.0,2026-09-09 14:57:24.401443
TRNR,20742000.0,2026-09-09 14:57:24.401443
TRNS,348398016.0,2026-09-09 14:57:24.401443
TRNZ,,2026-09-27 15:28:41.135149
TRON,5061289.0,2026-09-09 14:57:24.401443
TROO,17096000.0,2026-09-09 14:57:24.401443
TROW,7592000000.0,2026-09-09 14:57:24.401443
TROX,3056999936.0,2026-09-09 14:57:24.401443
TRP,,2026-09-09 14:57:24.401443
TRS,664369984.0,2026-09-09 14:57:24.401443
TRSG,15623708.0,2026-09-09 14:57:24.401443
TRST,194774000.0,2026-09-09 14:57:24.401443
TRT,58345000.0,2026-09-09 14:57:24.401443
TRTN$A,,2026-09-09 14:57:24.401443
TRTN$B,,2026-09-09 14:57:24.401443
TRTN$C,,2026-09-09 14:57:24.401443
TRTN$D,,2026-09-09 14:57:24.401443
TRTN$E,,2026-09-09 14:57:24.401443
TRTN$F,,2026-09-09 14:57:24.401443
TRTN$G,,2026-09-09 14:57:24.401443
TRTX,132254000.0,2026-09-09 14:57:24.401443
TRTX$C,,2026-09-09 14:57:24.401443
TRU,4896099840.0,2026-09-09 14:57:24.401443
TRUG,19991344.0,2026-09-09 14:57:24.401443
TRUP,1520755968.0,2026-09-09 14:57:24.401443
TRV,48979001344.0,2026-09-09 14:57:24.401443
TRVG,,2026-09-09 14:57:24.401443
TRVI,,2026-09-09 14:57:24.401443
TRX,115541000.0,2026-09-09 14:57:24.401443
TS,12040356864.0,2026-09-09 14:57:24.401443
TSAT,,2026-09-09 14:57:24.401443
TSBK,85829000.0,2026-09-09 14:57:24.401443
TSCO,15750723584.0,2026-09-09 14:57:24.401443
TSEM,1709582976.0,2026-09-09 14:57:24.401443
TSHA,5485000.0,2026-09-09 14:57:24.401443
TSI,17242852.0,2026-09-09 14:57:24.401443
TSLA,103619002368.0,2026-09-09 14:57:24.401443
TSLX,408932000.0,2026-09-09 14:57:24.401443
TSM,,2026-09-09 14:57:24.401443
TSN,55694000128.0,2026-09-09 14:57:24.401443
TSQ,425391008.0,2026-09-09 14:57:24.401443
TSSI,193276992.0,2026-09-09 14:57:24.401443
TT,22209900544.0,2026-09-09 14:57:24.401443
TTAM,1711556992.0,2026-09-09 14:57:24.401443
TTAN,1064729984.0,2026-09-09 14:57:24.401443
TTC,4752999936.0,2026-09-09 14:57:24.401443
TTD,2990138112.0,2026-09-09 14:57:24.401443
TTE,196381999104.0,2026-09-09 14:57:24.401443
TTEC,2040770048.0,2026-09-09 14:57:24.401443
TTEK,4358675968.0,2026-09-09 14:57:24.401443
TTGT,485156992.0,2026-09-09 14:57:24.401443
TTI,641830016.0,2026-09-09 14:57:24.401443
TTMI,3377085952.0,2026-09-09 14:57:24.401443
TTRX,,2026-09-09 14:57:24.401443
TTWO,6686499840.0,2026-09-09 14:57:24.401443
TU,,2026-09-09 14:57:24.401443
TULP,72309000.0,2026-09-09 14:57:24.401443
TURB,,2026-09-09 14:57:24.401443
TUSK,68394000.0,2026-09-09 14:57:24.401443
TUYA,340791008.0,2026-09-09 14:57:24.401443
TV,,2026-09-09 14:57:24.401443
TVA,,2026-09-09 14:57:24.401443
TVACU,,2026-09-09 14:57:24.401443
TVACW,,2026-09-09 14:57:24.401443
TVAI,,2026-09-09 14:57:24.401443
TVAIR,,2026-09-09 14:57:24.401443
TVAIU,,2026-09-09 14:57:24.401443
TVC,13815000064.0,2026-09-09 14:57:24.401443
TVE,,2026-09-09 14:57:24.401443
TVGN,,2026-09-09 14:57:24.401443
TVGNW,,2026-09-09 14:57:24.401443
TVIV,,2026-09-12 13:49:16.620674
TVIVU,,2026-09-18 14:43:30.195902
TVIVW,,2026-09-12 13:49:16.620674
TVRD,,2026-09-09 14:57:24.401443
TVTX,591329984.0,2026-09-09 14:57:24.401443
TW,2204436992.0,2026-09-09 14:57:24.401443
TWAV,2452000.0,2026-09-09 14:57:24.401443
TWFG,294732992.0,2026-09-09 14:57:24.401443
TWG,11123255.0,2026-09-09 14:57:24.401443
TWI,1866744064.0,2026-09-09 14:57:24.401443
TWIN,381270016.0,2026-09-09 14:57:24.401443
TWLO,5572327936.0,2026-09-09 14:57:24.401443
TWLV,,2026-09-09 14:57:24.401443
TWLVR,,2026-09-09 14:57:24.401443
TWLVU,,2026-09-09 14:57:24.401443
TWN,6613093.0,2026-09-09 14:57:24.401443
TWO,640211968.0,2026-08-10 11:42:27.607789
TWO$A,,2026-09-09 14:57:24.401443
TWO$B,,2026-09-09 14:57:24.401443
TWO$C,,2026-09-09 14:57:24.401443
TWOD,640211968.0,2026-09-09 14:57:24.401443
TWST,431798016.0,2026-09-09 14:57:24.401443
TX,16003600384.0,2026-09-09 14:57:24.401443
TXG,616910976.0,2026-09-09 14:57:24.401443
TXMD,3270000.0,2026-09-09 14:57:24.401443
TXN,19452999680.0,2026-09-09 14:57:24.401443
TXNM,2233929984.0,2026-09-09 14:57:24.401443
TXO,405956000.0,2026-09-09 14:57:24.401443
TXRH,6231515136.0,2026-09-09 14:57:24.401443
TXT,15299000320.0,2026-09-09 14:57:24.401443
TY,69157584.0,2026-09-09 14:57:24.401443
TY$,,2026-09-09 14:57:24.401443
TYG,24581424.0,2026-09-09 14:57:24.401443
TYG-R,,2026-06-09 13:41:06.766761
TYGO,111245000.0,2026-09-09 14:57:24.401443
TYL,2429657088.0,2026-09-09 14:57:24.401443
TYRA,,2026-09-09 14:57:24.401443
TZOO,92154000.0,2026-09-09 14:57:24.401443
U,2028409984.0,2026-09-09 14:57:24.401443
UA,4930229248.0,2026-09-09 14:57:24.401443
UAA,4930229248.0,2026-09-09 14:57:24.401443
UAC,,2026-09-09 14:57:24.401443
UAC-U,,2026-09-09 14:57:24.401443
UAC-W,,2026-09-09 14:57:24.401443
UAL,62902001664.0,2026-09-09 14:57:24.401443
UAMY,36442248.0,2026-09-09 14:57:24.401443
UAN,676854976.0,2026-09-09 14:57:24.401443
UAVS,9051289.0,2026-09-09 14:57:24.401443
UBCP,32995000.0,2026-09-09 14:57:24.401443
UBER,55226998784.0,2026-09-09 14:57:24.401443
UBS,53040001024.0,2026-09-09 14:57:24.401443
UBSI,1250497024.0,2026-09-09 14:57:24.401443
UBXG,24040028.0,2026-07-10 13:06:49.435913
UCAR,,2026-09-09 14:57:24.401443
UCB,1108407040.0,2026-09-09 14:57:24.401443
UCFI,30343236.0,2026-09-09 14:57:24.401443
UCFIW,30343236.0,2026-09-09 14:57:24.401443
UCIB,,2026-09-09 14:57:24.401443
UCL,78417000.0,2026-09-09 14:57:24.401443
UCTT,2195200000.0,2026-09-09 14:57:24.401443
UDR,1766329984.0,2026-09-09 14:57:24.401443
UE,486991008.0,2026-09-09 14:57:24.401443
UEC,20200000.0,2026-09-09 14:57:24.401443
UEIC,330571008.0,2026-09-09 14:57:24.401443
UFCS,1472992000.0,2026-09-09 14:57:24.401443
UFG,263887584.0,2026-09-09 14:57:24.401443
UFI,531303008.0,2026-09-09 14:57:24.401443
UFPI,6233653760.0,2026-09-09 14:57:24.401443
UFPT,631638976.0,2026-09-09 14:57:24.401443
UG,11206605.0,2026-09-09 14:57:24.401443
UGI,7296000000.0,2026-09-09 14:57:24.401443
UGP,,2026-09-09 14:57:24.401443
UGRO,17399438.0,2026-06-09 13:41:06.766761
UHAL,6089375744.0,2026-09-09 14:57:24.401443
UHAL-B,6089375744.0,2026-09-09 14:57:24.401443
UHS,18114486272.0,2026-09-09 14:57:24.401443
UHT,101154000.0,2026-09-09 14:57:24.401443
UI,3274161920.0,2026-09-09 14:57:24.401443
UIS,1945799936.0,2026-09-09 14:57:24.401443
UK,,2026-09-09 14:57:24.401443
UL,,2026-09-09 14:57:24.401443
ULBI,187240000.0,2026-09-09 14:57:24.401443
ULCC,4153999872.0,2026-09-09 14:57:24.401443
ULH,1529112064.0,2026-09-09 14:57:24.401443
ULS,3145999872.0,2026-09-09 14:57:24.401443
ULTA,12955516928.0,2026-09-09 14:57:24.401443
UMAC,31851252.0,2026-09-09 14:57:24.401443
UMBF,2813897984.0,2026-09-09 14:57:24.401443
UMBFO,2813897984.0,2026-09-09 14:57:24.401443
UMC,,2026-09-09 14:57:24.401443
UMH,271051008.0,2026-09-09 14:57:24.401443
UMH$D,,2026-09-09 14:57:24.401443
UNB,57026000.0,2026-09-09 14:57:24.401443
UNCY,,2026-09-09 14:57:24.401443
UNF,2492672000.0,2026-09-09 14:57:24.401443
UNFI,31152001024.0,2026-09-09 14:57:24.401443
UNH,450525986816.0,2026-09-09 14:57:24.401443
UNIT,3537100032.0,2026-09-09 14:57:24.401443
UNM,13347699712.0,2026-09-09 14:57:24.401443
UNMA,,2026-09-09 14:57:24.401443
UNP,25410000896.0,2026-09-09 14:57:24.401443
UNTY,130428000.0,2026-09-09 14:57:24.401443
UONE,353912992.0,2026-09-09 14:57:24.401443
UONEK,353912992.0,2026-09-09 14:57:24.401443
UP,720249024.0,2026-09-09 14:57:24.401443
UPB,3158000.0,2026-09-09 14:57:24.401443
UPBD,4744316928.0,2026-09-09 14:57:24.401443
UPC,17742008.0,2026-09-09 14:57:24.401443
UPLD,197668992.0,2026-09-09 14:57:24.401443
UPS,89929998336.0,2026-09-09 14:57:24.401443
UPST,1285890048.0,2026-09-09 14:57:24.401443
UPWK,787281984.0,2026-09-09 14:57:24.401443
UPXI,26137742.0,2026-09-09 14:57:24.401443
URBN,6474379776.0,2026-09-09 14:57:24.401443
URG,35076000.0,2026-09-09 14:57:24.401443
URGN,188734000.0,2026-09-09 14:57:24.401443
URI,16832000000.0,2026-09-09 14:57:24.401443
UROY,186952000.0,2026-09-09 14:57:24.401443
USA,29332200.0,2026-09-09 14:57:24.401443
USAC,1176161024.0,2026-09-09 14:57:24.401443
USAR,13162000.0,2026-09-09 14:57:24.401443
USAS,181588000.0,2026-09-09 14:57:24.401443
USAU,,2026-09-09 14:57:24.401443
USB,27320999936.0,2026-09-09 14:57:24.401443
USB$A,,2026-09-09 14:57:24.401443
USB$H,,2026-09-09 14:57:24.401443
USB$P,,2026-09-09 14:57:24.401443
USB$Q,,2026-09-09 14:57:24.401443
USB$R,,2026-09-09 14:57:24.401443
USB$S,,2026-09-09 14:57:24.401443
USBC,,2026-09-09 14:57:24.401443
USCB,94479000.0,2026-09-09 14:57:24.401443
USDE,,2026-09-27 15:28:41.135149
USDEW,,2026-09-27 15:28:41.135149
USEA,35495000.0,2026-09-09 14:57:24.401443
USFD,40133001216.0,2026-09-09 14:57:24.401443
USGO,,2026-09-09 14:57:24.401443
USIO,92568000.0,2026-09-09 14:57:24.401443
USLM,376915008.0,2026-09-09 14:57:24.401443
USNA,913361024.0,2026-09-09 14:57:24.401443
USPH,804273984.0,2026-09-09 14:57:24.401443
UTF,145789248.0,2026-09-09 14:57:24.401443
UTG,91394120.0,2026-09-09 14:57:24.401443
UTHR,3154500096.0,2026-09-09 14:57:24.401443
UTI,883595008.0,2026-09-09 14:57:24.401443
UTL,596499968.0,2026-09-09 14:57:24.401443
UTMD,36109000.0,2026-09-09 14:57:24.401443
UTSI,7714000.0,2026-09-09 14:57:24.401443
UTZ,1453100032.0,2026-09-09 14:57:24.401443
UUU,1132475.0,2026-09-09 14:57:24.401443
UUUU,105758000.0,2026-09-09 14:57:24.401443
UVE,1629505024.0,2026-09-09 14:57:24.401443
UVSP,329888000.0,2026-09-09 14:57:24.401443
UVV,2854487040.0,2026-09-09 14:57:24.401443
UWMC,2925762048.0,2026-09-09 14:57:24.401443
UWMC-V,,2026-10-01 17:13:08.883541
UXIN,,2026-09-09 14:57:24.401443
UYSC,,2026-09-09 14:57:24.401443
UYSCR,,2026-09-09 14:57:24.401443
UYSCU,,2026-09-09 14:57:24.401443
UZD,,2026-09-09 14:57:24.401443
UZE,,2026-09-09 14:57:24.401443
UZF,,2026-09-09 14:57:24.401443
UZX,4215171.0,2026-09-09 14:57:24.401443
V,44487999488.0,2026-09-09 14:57:24.401443
VABK,63429000.0,2026-09-09 14:57:24.401443
VAC,3415000064.0,2026-09-09 14:57:24.401443
VACH,,2026-06-09 13:41:06.766761
VACHU,,2026-06-09 13:41:06.766761
VACHW,,2026-06-09 13:41:06.766761
VACI,,2026-09-09 14:57:24.401443
VACI-U,,2026-09-09 14:57:24.401443
VACI-W,,2026-09-09 14:57:24.401443
VAI,1479318.0,2026-09-27 15:28:41.135149
VAL,2137699968.0,2026-09-09 14:57:24.401443
VAL-W,,2026-09-09 14:57:24.401443
VALE,,2026-09-09 14:57:24.401443
VALN,,2026-09-09 14:57:24.401443
VALU,33447000.0,2026-09-09 14:57:24.401443
VANI,,2026-09-09 14:57:24.401443
VATE,1516199936.0,2026-09-09 14:57:24.401443
VBF,10511799.0,2026-09-09 14:57:24.401443
VBIO,-86000.0,2026-09-09 14:57:24.401443
VBNK,,2026-09-09 14:57:24.401443
VC,3779000064.0,2026-09-09 14:57:24.401443
VCEL,306303008.0,2026-09-09 14:57:24.401443
VCIG,26087422.0,2026-09-09 14:57:24.401443
VCRE,,2026-10-01 17:13:08.883541
VCTR,1558667008.0,2026-09-09 14:57:24.401443
VCV,37706160.0,2026-09-09 14:57:24.401443
VCX,,2026-09-09 14:57:24.401443
VCYT,561900032.0,2026-09-09 14:57:24.401443
VECA,,2026-09-09 14:57:24.401443
VECA-R,,2026-09-09 14:57:24.401443
VECA-U,,2026-09-09 14:57:24.401443
VECO,682720000.0,2026-09-09 14:57:24.401443
VEEA,491488.0,2026-09-09 14:57:24.401443
VEEAW,491488.0,2026-09-09 14:57:24.401443
VEEE,13544301.0,2026-09-09 14:57:24.401443
VEEV,3458097920.0,2026-09-09 14:57:24.401443
VEL,284108000.0,2026-09-09 14:57:24.401443
VELO,57561000.0,2026-09-09 14:57:24.401443
VENU,18457528.0,2026-09-09 14:57:24.401443
VEON,4758000128.0,2026-09-09 14:57:24.401443
VERA,,2026-09-09 14:57:24.401443
VERI,91058000.0,2026-09-09 14:57:24.401443
VERU,,2026-09-09 14:57:24.401443
VERX,787438976.0,2026-09-09 14:57:24.401443
VET,,2026-09-09 14:57:24.401443
VFC,12784847872.0,2026-09-09 14:57:24.401443
VFF,230572992.0,2026-09-09 14:57:24.401443
VFL,12511547.0,2026-07-10 13:06:49.435913
VFS,,2026-09-09 14:57:24.401443
VFSWW,,2026-09-09 14:57:24.401443
VG,16951000064.0,2026-09-09 14:57:24.401443
VGAS,,2026-09-09 14:57:24.401443
VGASW,,2026-09-09 14:57:24.401443
VGI,,2026-09-09 14:57:24.401443
VGM,43258680.0,2026-09-09 14:57:24.401443
VGNT,9244000256.0,2026-09-09 14:57:24.401443
VGZ,,2026-09-09 14:57:24.401443
VHC,114000.0,2026-09-09 14:57:24.401443
VHCP,,2026-09-09 14:57:24.401443
VHCPU,,2026-09-09 14:57:24.401443
VHCPW,,2026-09-09 14:57:24.401443
VHI,2164199936.0,2026-09-09 14:57:24.401443
VHUB,505285.0,2026-09-09 14:57:24.401443
VIA,491703008.0,2026-09-09 14:57:24.401443
VIASP,439956992.0,2026-06-09 13:41:06.766761
VIAV,1518300032.0,2026-09-09 14:57:24.401443
VICI,4097604096.0,2026-09-09 14:57:24.401443
VICR,,2026-09-09 14:57:24.401443
VIDA,1072710.0,2026-09-09 14:57:24.401443
VII,,2026-09-19 14:05:04.819037
VII-U,,2026-10-01 17:13:08.883541
VII-W,,2026-09-19 14:05:04.819037
VIK,6968238080.0,2026-09-09 14:57:24.401443
VINP,,2026-09-09 14:57:24.401443
VIOT,,2026-09-09 14:57:24.401443
VIP,50893000.0,2026-09-23 15:14:42.240648
VIPS,,2026-09-09 14:57:24.401443
VIR,303227008.0,2026-09-09 14:57:24.401443
VIRC,191970000.0,2026-09-09 14:57:24.401443
VIRT,3263578112.0,2026-09-09 14:57:24.401443
VISN,1989900032.0,2026-09-09 14:57:24.401443
VIST,3525113088.0,2026-09-09 14:57:24.401443
VITL,765672000.0,2026-09-09 14:57:24.401443
VIV,,2026-09-09 14:57:24.401443
VIVK,89554384.0,2026-09-09 14:57:24.401443
VIVO,61000.0,2026-09-09 14:57:24.401443
VIVS,112000.0,2026-09-09 14:57:24.401443
VJET,1915000.0,2026-10-06 17:00:28.501908
VKI,31734328.0,2026-09-09 14:57:24.401443
VKQ,,2026-09-09 14:57:24.401443
VKTX,,2026-09-09 14:57:24.401443
VLGEA,2395813120.0,2026-09-09 14:57:24.401443
VLN,71702000.0,2026-09-09 14:57:24.401443
VLN-W,,2026-07-10 13:06:49.435913
VLO,132429996032.0,2026-09-09 14:57:24.401443
VLOS,,2026-09-22 15:19:17.140712
VLOSU,,2026-09-22 15:19:17.140712
VLOSW,,2026-09-22 15:19:17.140712
VLRS,3295630080.0,2026-09-09 14:57:24.401443
VLT,7295336.0,2026-09-09 14:57:24.401443
VLTO,5696000000.0,2026-09-09 14:57:24.401443
VLY,2008211968.0,2026-09-09 14:57:24.401443
VLYPN,,2026-09-09 14:57:24.401443
VLYPO,2008211968.0,2026-09-09 14:57:24.401443
VLYPP,2008211968.0,2026-09-09 14:57:24.401443
VMAR,62040176.0,2026-09-09 14:57:24.401443
VMC,8115800064.0,2026-09-09 14:57:24.401443
VMD,301606016.0,2026-09-09 14:57:24.401443
VMET,,2026-09-09 14:57:24.401443
VMI,,2026-09-09 14:57:24.401443
VMO,53518048.0,2026-09-09 14:57:24.401443
VMRK,3089946880.0,2026-09-17 15:23:36.979615
VNCE,306108992.0,2026-09-09 14:57:24.401443
VNDA,215720992.0,2026-09-09 14:57:24.401443
VNET,,2026-09-09 14:57:24.401443
VNME,,2026-09-09 14:57:24.401443
VNMEU,,2026-09-09 14:57:24.401443
VNMEW,,2026-09-09 14:57:24.401443
VNO,1877104000.0,2026-09-09 14:57:24.401443
VNO$L,,2026-09-09 14:57:24.401443
VNO$M,,2026-09-09 14:57:24.401443
VNO$N,,2026-09-09 14:57:24.401443
VNO$O,,2026-09-09 14:57:24.401443
VNOM,1934000000.0,2026-09-09 14:57:24.401443
VNRX,2458044.0,2026-09-09 14:57:24.401443
VNT,3068300032.0,2026-09-09 14:57:24.401443
VNTG,17837612.0,2026-09-09 14:57:24.401443
VOC,7522993.0,2026-09-09 14:57:24.401443
VOD,,2026-09-09 14:57:24.401443
VOGX,,2026-09-12 13:49:16.620674
VOR,,2026-09-09 14:57:24.401443
VOXR,33367228.0,2026-09-09 14:57:24.401443
VOYA,8166000128.0,2026-09-09 14:57:24.401443
VOYA$B,,2026-09-09 14:57:24.401443
VOYG,174230000.0,2026-09-09 14:57:24.401443
VPG,328588000.0,2026-09-09 14:57:24.401443
VPV,14537614.0,2026-09-09 14:57:24.401443
VRA,273700992.0,2026-09-09 14:57:24.401443
VRAX,12423.0,2026-09-09 14:57:24.401443
VRCA,30321000.0,2026-09-09 14:57:24.401443
VRDN,71127000.0,2026-09-09 14:57:24.401443
VREX,865000000.0,2026-09-09 14:57:24.401443
VRM,208118000.0,2026-09-09 14:57:24.401443
VRME,11103000.0,2026-09-09 14:57:24.401443
VRNS,688094976.0,2026-09-09 14:57:24.401443
VRRM,1006958976.0,2026-09-09 14:57:24.401443
VRSK,3136000000.0,2026-09-09 14:57:24.401443
VRSN,1707900032.0,2026-09-09 14:57:24.401443
VRT,11479600128.0,2026-09-09 14:57:24.401443
VRTS,825305024.0,2026-09-09 14:57:24.401443
VRTX,12587200512.0,2026-09-09 14:57:24.401443
VRXA,,2026-09-11 14:46:03.412100
VRXAW,,2026-09-11 14:46:03.412100
VS,1513188.0,2026-09-09 14:57:24.401443
VSA,,2026-09-09 14:57:24.401443
VSAT,4625768960.0,2026-09-09 14:57:24.401443
VSEC,1357808000.0,2026-09-09 14:57:24.401443
VSECU,1357808000.0,2026-09-09 14:57:24.401443
VSEE,14456884.0,2026-07-10 13:06:47.673967
VSEEW,14456884.0,2026-07-10 13:06:47.673967
VSH,3319378944.0,2026-09-09 14:57:24.401443
VSME,7521447.0,2026-09-09 14:57:24.401443
VSNT,6604000256.0,2026-09-09 14:57:24.401443
VST,19211999232.0,2026-09-09 14:57:24.401443
VSTD,13902861.0,2026-07-10 13:06:47.673967
VSTM,87526000.0,2026-09-09 14:57:24.401443
VSTS,2696498944.0,2026-09-09 14:57:24.401443
VSXY,6911000064.0,2026-09-09 14:57:24.401443
VTAK,1915000.0,2026-09-09 14:57:24.401443
VTEX,252647008.0,2026-09-09 14:57:24.401443
VTGN,2501000.0,2026-09-09 14:57:24.401443
VTIX,3987807.0,2026-09-09 14:57:24.401443
VTMX,304244832.0,2026-09-09 14:57:24.401443
VTN,11929257.0,2026-09-09 14:57:24.401443
VTOL,1564013056.0,2026-09-09 14:57:24.401443
VTR,6418988032.0,2026-09-09 14:57:24.401443
VTRS,14737300480.0,2026-09-09 14:57:24.401443
VTS,258954000.0,2026-09-09 14:57:24.401443
VTSI,17500508.0,2026-09-09 14:57:24.401443
VTVT,36839000.0,2026-09-09 14:57:24.401443
VUZI,5908774.0,2026-09-09 14:57:24.401443
VVOS,20902000.0,2026-09-09 14:57:24.401443
VVR,80519664.0,2026-09-09 14:57:24.401443
VVV,1964000000.0,2026-09-09 14:57:24.401443
VVX,4896556032.0,2026-09-09 14:57:24.401443
VWAV,286339.0,2026-09-09 14:57:24.401443
VWAVW,286339.0,2026-09-09 14:57:24.401443
VXX,,2026-09-09 14:57:24.401443
VXZ,,2026-09-09 14:57:24.401443
VYGR,34459000.0,2026-09-09 14:57:24.401443
VYLR,,2026-10-01 17:13:08.883541
VYNE,454000.0,2026-07-10 13:06:47.673967
VYX,2544000000.0,2026-09-09 14:57:24.401443
VZ,138894999552.0,2026-09-09 14:57:24.401443
VZLA,,2026-09-09 14:57:24.401443
W,12903999488.0,2026-09-09 14:57:24.401443
WAB,11980000256.0,2026-09-09 14:57:24.401443
WABC,252200992.0,2026-09-09 14:57:24.401443
WAFD,761062016.0,2026-09-09 14:57:24.401443
WAFDP,761062016.0,2026-09-09 14:57:24.401443
WAFU,6354274.0,2026-09-09 14:57:24.401443
WAI,8038370.0,2026-07-10 13:06:47.673967
WAL,3487099904.0,2026-09-09 14:57:24.401443
WAL$A,,2026-09-09 14:57:24.401443
WALD,272071008.0,2026-09-09 14:57:24.401443
WALDW,272071008.0,2026-09-09 14:57:24.401443
WASH,221012992.0,2026-09-09 14:57:24.401443
WAT,4644285952.0,2026-09-09 14:57:24.401443
WATR,,2026-09-17 15:23:36.979615
WATT,10483000.0,2026-09-09 14:57:24.401443
WAVE,38000.0,2026-09-09 14:57:24.401443
WAY,1205736960.0,2026-09-09 14:57:24.401443
WB,1790713984.0,2026-09-09 14:57:24.401443
WBD,36115001344.0,2026-09-09 14:57:24.401443
WBI,750880000.0,2026-09-09 14:57:24.401443
WBS,2769366016.0,2026-08-10 11:42:27.607789
WBS$F,,2026-08-10 11:42:27.607789
WBS$G,,2026-08-10 11:42:27.607789
WBTN,1368064000.0,2026-09-09 14:57:24.401443
WBUY,18834100.0,2026-09-09 14:57:24.401443
WBX,,2026-09-09 14:57:24.401443
WCC,25012799488.0,2026-09-09 14:57:24.401443
WCCB,136692000.0,2026-09-16 15:15:02.811913
WCN,9763922944.0,2026-09-09 14:57:24.401443
WCT,1348084.0,2026-09-09 14:57:24.401443
WD,1198200960.0,2026-09-09 14:57:24.401443
WDAY,10154999808.0,2026-09-09 14:57:24.401443
WDC,12919000064.0,2026-09-09 14:57:24.401443
WDFC,674684032.0,2026-09-09 14:57:24.401443
WDH,,2026-09-09 14:57:24.401443
WDI,,2026-09-09 14:57:24.401443
WDS,13840000000.0,2026-09-09 14:57:24.401443
WEA,13958951.0,2026-09-09 14:57:24.401443
WEAV,257787008.0,2026-09-09 14:57:24.401443
WEC,10137400320.0,2026-09-09 14:57:24.401443
WELL,12763214848.0,2026-09-09 14:57:24.401443
WEN,2203697920.0,2026-09-09 14:57:24.401443
WENC,,2026-09-09 14:57:24.401443
WENC-R,,2026-09-09 14:57:24.401443
WENC-U,,2026-09-09 14:57:24.401443
WENN,,2026-09-09 14:57:24.401443
WENNU,,2026-09-09 14:57:24.401443
WENNW,,2026-09-09 14:57:24.401443
WERN,,2026-09-09 14:57:24.401443
WES,4332262912.0,2026-09-09 14:57:24.401443
WEST,1308780032.0,2026-09-09 14:57:24.401443
WETH,47741244.0,2026-09-09 14:57:24.401443
WETO,,2026-09-09 14:57:24.401443
WEX,2792100096.0,2026-09-09 14:57:24.401443
WEYS,280139008.0,2026-09-09 14:57:24.401443
WF,,2026-09-09 14:57:24.401443
WFC,83026001920.0,2026-09-09 14:57:24.401443
WFC$A,,2026-09-09 14:57:24.401443
WFC$C,,2026-09-09 14:57:24.401443
WFC$D,,2026-09-09 14:57:24.401443
WFC$L,,2026-09-09 14:57:24.401443
WFC$Y,,2026-09-09 14:57:24.401443
WFC$Z,,2026-09-09 14:57:24.401443
WFCF,25033000.0,2026-09-09 14:57:24.401443
WFF,7403835.0,2026-09-09 14:57:24.401443
WFG,5239000064.0,2026-09-09 14:57:24.401443
WFRD,4777999872.0,2026-09-09 14:57:24.401443
WGO,2836100096.0,2026-09-09 14:57:24.401443
WGRX,14033980.0,2026-07-10 13:06:47.673967
WGS,454425984.0,2026-09-09 14:57:24.401443
WGSWW,442678016.0,2026-07-10 13:06:47.673967
WH,1418000000.0,2026-09-09 14:57:24.401443
WHD,1363033984.0,2026-09-09 14:57:24.401443
WHF,65264000.0,2026-09-09 14:57:24.401443
WHFCL,,2026-09-09 14:57:24.401443
WHG,101699000.0,2026-09-09 14:57:24.401443
WHK,76741000.0,2026-09-09 14:57:24.401443
WHLR,95436000.0,2026-09-09 14:57:24.401443
WHLRD,95436000.0,2026-09-09 14:57:24.401443
WHLRL,95436000.0,2026-09-09 14:57:24.401443
WHLRP,95436000.0,2026-09-09 14:57:24.401443
WHR,14920999936.0,2026-09-09 14:57:24.401443
WHR$A,,2026-09-09 14:57:24.401443
WHWK,0.0,2026-09-09 14:57:24.401443
WIA,14385139.0,2026-09-09 14:57:24.401443
WILC,,2026-08-10 11:42:27.607789
WIMI,,2026-09-09 14:57:24.401443
WINA,86535000.0,2026-09-09 14:57:24.401443
WING,720718976.0,2026-09-09 14:57:24.401443
WIT,,2026-09-09 14:57:24.401443
WIW,40749112.0,2026-09-09 14:57:24.401443
WIX,2133692032.0,2026-09-09 14:57:24.401443
WK,965697024.0,2026-09-09 14:57:24.401443
WKC,41697001472.0,2026-09-09 14:57:24.401443
WKEY,19289000.0,2026-09-09 14:57:24.401443
WKHS,27206000.0,2026-09-09 14:57:24.401443
WKSP,18299236.0,2026-09-09 14:57:24.401443
WLCO,,2026-09-10 14:43:12.525053
WLCOU,,2026-09-18 14:43:30.195902
WLCOW,,2026-09-10 14:43:12.525053
WLDN,741835008.0,2026-09-09 14:57:24.401443
WLDS,703000.0,2026-09-09 14:57:24.401443
WLDSW,703000.0,2026-09-09 14:57:24.401443
WLFC,754297024.0,2026-10-08 17:40:27.212550
WLII,,2026-10-08 17:40:27.212550
WLIIU,,2026-10-08 17:40:27.212550
WLIIW,,2026-10-08 17:40:27.212550
WLK,11294000128.0,2026-10-08 17:40:27.212550
WLKP,1234722048.0,2026-10-08 17:40:27.212550
WLTH,371713984.0,2026-10-08 17:40:27.212550
WLY,1666088960.0,2026-10-08 17:40:27.212550
WLYB,1666088960.0,2026-10-08 17:40:27.212550
WM,25667000320.0,2026-10-08 17:40:27.212550
WMB,12323000320.0,2026-10-08 17:40:27.212550
WMG,7304000000.0,2026-10-08 17:40:27.212550
WMK,5069357056.0,2026-10-08 17:40:27.212550
WMS,3221607936.0,2026-10-08 17:40:27.212550
WMT,735839977472.0,2026-10-08 17:40:27.212550
WNC,1423517952.0,2026-10-08 17:40:27.212550
WNEB,85800000.0,2026-10-08 17:40:27.212550
WNW,7081133.0,2026-10-08 17:40:27.212550
WOK,10717887.0,2026-10-08 17:40:27.212550
WOLF,665100032.0,2026-10-08 17:40:27.212550
WOOF,5965491200.0,2026-10-08 17:40:27.212550
WOR,1421470976.0,2026-10-08 17:40:27.212550
WORX,2925646.0,2026-10-07 17:37:20.831404
WPAC,,2026-10-08 17:40:27.212550
WPAC-R,,2026-10-08 17:40:27.212550
WPAC-U,,2026-10-08 17:40:27.212550
WPC,1820412032.0,2026-10-08 17:40:27.212550
WPM,3171641088.0,2026-10-08 17:40:27.212550
WPP,,2026-10-08 17:40:27.212550
WPRT,8499000.0,2026-10-08 17:40:27.212550
WQEY,25430000.0,2026-10-06 17:00:28.501908
WRAP,6057000.0,2026-10-08 17:40:27.212550
WRB,14896102400.0,2026-10-08 17:40:27.212550
WRB$E,,2026-10-08 17:40:27.212550
WRB$F,,2026-10-08 17:40:27.212550
WRB$G,,2026-10-08 17:40:27.212550
WRB$H,,2026-10-08 17:40:27.212550
WRBY,911606016.0,2026-10-08 17:40:27.212550
WRD,,2026-10-08 17:40:27.212550
WRLD,591223872.0,2026-10-08 17:40:27.212550
WRN,,2026-10-08 17:40:27.212550
WS,5297500160.0,2026-10-08 17:40:27.212550
WSBC,1046739968.0,2026-10-08 17:40:27.212550
WSBCO,1046739968.0,2026-10-08 17:40:27.212550
WSBF,150479008.0,2026-10-08 17:40:27.212550
WSBK,25472000.0,2026-10-08 17:40:27.212550
WSC,2293591040.0,2026-10-08 17:40:27.212550
WSE,2502799872.0,2026-10-08 17:40:27.212550
WSFS,1077805952.0,2026-10-08 17:40:27.212550
WSHP,,2026-10-08 17:40:27.212550
WSM,8005155840.0,2026-10-08 17:40:27.212550
WSO,7283631104.0,2026-10-08 17:40:27.212550
WSO-B,7283631104.0,2026-10-08 17:40:27.212550
WSR,164242000.0,2026-07-10 13:06:49.435913
WST,3326799872.0,2026-09-09 14:57:24.401443
WSTN,,2026-09-09 14:57:24.401443
WSTNR,,2026-09-09 14:57:24.401443
WSTNU,,2026-09-09 14:57:24.401443
WT,609680000.0,2026-09-09 14:57:24.401443
WTBA,103374000.0,2026-09-09 14:57:24.401443
WTF,10160368.0,2026-09-09 14:57:24.401443
WTFC,2758466048.0,2026-09-09 14:57:24.401443
WTFCN,2758466048.0,2026-09-09 14:57:24.401443
WTG,,2026-09-09 14:57:24.401443
WTGUR,,2026-09-09 14:57:24.401443
WTGUU,,2026-09-09 14:57:24.401443
WTI,561865984.0,2026-09-09 14:57:24.401443
WTM,2978700032.0,2026-09-09 14:57:24.401443
WTO,,2026-06-09 13:41:06.020266
WTRG,2568695040.0,2026-09-09 14:57:24.401443
WTS,2677199872.0,2026-09-09 14:57:24.401443
WTTR,1430509952.0,2026-09-09 14:57:24.401443
WTW,10101999616.0,2026-09-09 14:57:24.401443
WU,4036900096.0,2026-09-09 14:57:24.401443
WULF,165192992.0,2026-09-09 14:57:24.401443
WVE,65371000.0,2026-09-09 14:57:24.401443
WVVI,37752204.0,2026-09-09 14:57:24.401443
WVVIP,37752204.0,2026-09-09 14:57:24.401443
WW,665488000.0,2026-09-09 14:57:24.401443
WWD,4191991040.0,2026-09-09 14:57:24.401443
WWR,,2026-09-09 14:57:24.401443
WWW,1951800064.0,2026-09-09 14:57:24.401443
WXM,6978308.0,2026-09-09 14:57:24.401443
WY,6851999744.0,2026-09-09 14:57:19.509815
WYFI,92935424.0,2026-09-09 14:57:19.509815
WYHG,,2026-09-09 14:57:19.509815
WYNN,7413425152.0,2026-09-09 14:57:19.509815
WYY,158327136.0,2026-09-09 14:57:19.509815
XAIR,7687000.0,2026-09-09 14:57:19.509815
XBIO,3260777.0,2026-09-09 14:57:19.509815
XBIT,,2026-09-09 14:57:19.509815
XBP,804745984.0,2026-09-09 14:57:19.509815
XBPEW,804745984.0,2026-09-09 14:57:19.509815
XCBE,,2026-09-09 14:57:19.509815
XCBEU,,2026-09-09 14:57:19.509815
XCBEW,,2026-09-09 14:57:19.509815
XCH,25100392.0,2026-09-09 14:57:19.509815
XCUR,,2026-09-09 14:57:19.509815
XE,150275008.0,2026-09-09 14:57:19.509815
XEL,14616000512.0,2026-09-09 14:57:19.509815
XELB,4551000.0,2026-09-09 14:57:19.509815
XELLL,14616000512.0,2026-09-09 14:57:19.509815
XENE,0.0,2026-09-09 14:57:19.509815
XERS,335414016.0,2026-09-09 14:57:19.509815
XFLH,,2026-09-09 14:57:19.509815
XFLH-R,,2026-09-09 14:57:19.509815
XFLH-U,,2026-09-09 14:57:19.509815
XFLT,,2026-09-09 14:57:19.509815
XFOR,15847000.0,2026-09-09 14:57:19.509815
XGN,71122000.0,2026-09-09 14:57:19.509815
XHG,,2026-09-09 14:57:19.509815
XHLD,2833000.0,2026-09-09 14:57:19.509815
XHR,1092893952.0,2026-09-09 14:57:19.509815
XIFR,,2026-09-09 14:57:19.509815
XIII,,2026-09-18 14:43:30.195902
XIIIU,,2026-09-29 16:42:51.379190
XIIIW,,2026-09-18 14:43:30.195902
XLAB,13100958.0,2026-09-28 18:19:46.995311
XLABW,13100958.0,2026-09-28 18:19:46.995311
XLO,64092000.0,2026-09-09 14:57:19.509815
XMAX,16049204.0,2026-09-09 14:57:19.509815
XMTR,807532032.0,2026-09-09 14:57:19.509815
XNCR,104973000.0,2026-09-09 14:57:19.509815
XNDU,7205000.0,2026-09-09 14:57:19.509815
XNET,493369984.0,2026-09-09 14:57:19.509815
XOM,361060007936.0,2026-09-09 14:57:19.509815
XOMA,48555000.0,2026-07-10 13:06:49.435913
XOMAO,48555000.0,2026-07-10 13:06:49.435913
XOMAP,48555000.0,2026-07-10 13:06:49.435913
XOS,37685000.0,2026-09-09 14:57:19.509815
XOSWW,,2026-08-10 11:42:30.923946
XP,,2026-09-09 14:57:19.509815
XPEL,508088992.0,2026-09-09 14:57:19.509815
XPER,456836992.0,2026-09-09 14:57:19.509815
XPEV,,2026-09-09 14:57:19.509815
XPL,,2026-09-09 14:57:19.509815
XPO,8574000128.0,2026-09-09 14:57:19.509815
XPOF,288470016.0,2026-09-09 14:57:19.509815
XPON,8208504.0,2026-09-09 14:57:19.509815
XPRO,1554237952.0,2026-09-09 14:57:19.509815
XRAY,3643000064.0,2026-09-09 14:57:19.509815
XRN,153352000.0,2026-09-09 14:57:19.509815
XRN$A,,2026-09-09 14:57:19.509815
XRN$B,,2026-09-09 14:57:19.509815
XRPN,,2026-09-09 14:57:19.509815
XRPNU,,2026-09-09 14:57:19.509815
XRPNW,,2026-09-09 14:57:19.509815
XRTX,,2026-09-09 14:57:19.509815
XRX,7757000192.0,2026-09-09 14:57:19.509815
XRXDW,7757000192.0,2026-09-09 14:57:19.509815
XSLL,,2026-09-09 14:57:19.509815
XSLLU,,2026-09-09 14:57:19.509815
XSLLW,,2026-09-09 14:57:19.509815
XTER,,2026-09-27 15:28:41.135149
XTERU,,2026-09-18 14:43:30.195902
XTERW,,2026-09-27 15:28:41.135149
XTIA,50186000.0,2026-09-09 14:57:19.509815
XTLB,,2026-09-09 14:57:19.509815
XTND,23746000.0,2026-10-04 15:35:58.398799
XTNT,109527000.0,2026-09-09 14:57:19.509815
XWEL,28282000.0,2026-09-09 14:57:19.509815
XXI,,2026-09-09 14:57:19.509815
XXII,5165000.0,2026-09-09 14:57:19.509815
XYF,,2026-09-09 14:57:19.509815
XYL,9125999616.0,2026-09-09 14:57:19.509815
XYZ,25041963008.0,2026-09-09 14:57:19.509815
XZO,230419008.0,2026-09-09 14:57:19.509815
YAAS,2076715.0,2026-09-09 14:57:19.509815
YALA,335112736.0,2026-09-09 14:57:19.509815
YARW,,2026-09-27 15:28:41.135149
YB,,2026-09-09 14:57:19.509815
YCBD,20931472.0,2026-09-09 14:57:19.509815
YCY,,2026-09-09 14:57:19.509815
YCY-U,,2026-09-09 14:57:19.509815
YCY-W,,2026-09-09 14:57:19.509815
YDDL,65822740.0,2026-09-09 14:57:19.509815
YDES,510360.0,2026-09-09 14:57:19.509815
YDESW,510360.0,2026-09-09 14:57:19.509815
YDKG,8075000.0,2026-09-09 14:57:19.509815
YELP,1473003008.0,2026-09-09 14:57:19.509815
YETI,1935756032.0,2026-09-09 14:57:19.509815
YEXT,443020992.0,2026-09-09 14:57:19.509815
YFOR,64149928.0,2026-10-02 16:26:48.954695
YHC,1205613.0,2026-09-09 14:57:19.509815
YHGJ,19500000.0,2026-09-09 14:57:19.509815
YHNA,,2026-09-09 14:57:19.509815
YHNAR,,2026-09-09 14:57:19.509815
YHNAU,,2026-09-09 14:57:19.509815
YI,,2026-09-09 14:57:19.509815
YIBO,155248000.0,2026-09-09 14:57:19.509815
YICC,,2026-09-12 13:49:16.620674
YICCU,,2026-09-16 15:15:02.811913
YICCW,,2026-09-12 13:49:16.620674
YJ,,2026-09-09 14:57:19.509815
YMAT,9926519.0,2026-09-09 14:57:19.509815
YMM,,2026-09-09 14:57:19.509815
YMT,,2026-09-09 14:57:19.509815
YOOV,12475443.0,2026-07-10 13:06:49.435913
YORW,83422000.0,2026-09-09 14:57:19.509815
YOU,1000704000.0,2026-09-09 14:57:19.509815
YOUL,,2026-09-09 14:57:19.509815
YPF,,2026-09-09 14:57:19.509815
YQ,,2026-09-09 14:57:19.509815
YRD,,2026-09-09 14:57:19.509815
YSG,,2026-09-09 14:57:19.509815
YSS,405001984.0,2026-09-09 14:57:19.509815
YSWY,2988762112.0,2026-09-09 14:57:19.509815
YSXT,83467768.0,2026-09-09 14:57:19.509815
YTRA,,2026-09-09 14:57:19.509815
YUM,8721999872.0,2026-09-09 14:57:19.509815
YUMC,12437999616.0,2026-09-09 14:57:19.509815
YXT,,2026-09-09 14:57:19.509815
YYAI,15973065.0,2026-09-09 14:57:19.509815
YYGH,57245168.0,2026-08-10 11:42:30.923946
Z,2809999872.0,2026-09-09 14:57:19.509815
ZBAO,,2026-09-09 14:57:19.509815
ZBH,8508800000.0,2026-09-09 14:57:19.509815
ZBIO,1000000.0,2026-09-09 14:57:19.509815
ZBRA,5847000064.0,2026-09-09 14:57:19.509815
ZCMD,11374996.0,2026-09-09 14:57:19.509815
ZD,1438028032.0,2026-09-09 14:57:19.509815
ZDAI,8935021.0,2026-09-09 14:57:19.509815
ZDGE,31324000.0,2026-09-09 14:57:19.509815
ZENA,,2026-09-09 14:57:19.509815
ZEO,71818720.0,2026-09-09 14:57:19.509815
ZEOWW,71818720.0,2026-09-09 14:57:19.509815
ZEPP,276025984.0,2026-09-09 14:57:19.509815
ZETA,1570877056.0,2026-09-09 14:57:19.509815
ZG,2809999872.0,2026-09-09 14:57:19.509815
ZGN,,2026-09-09 14:57:19.509815
ZH,,2026-09-09 14:57:19.509815
ZIM,6439099904.0,2026-09-09 14:57:19.509815
ZION,3687000064.0,2026-09-09 14:57:19.509815
ZIONP,3687000064.0,2026-09-09 14:57:19.509815
ZIP,452263008.0,2026-09-09 14:57:19.509815
ZJK,56103852.0,2026-09-09 14:57:19.509815
ZJYL,19725152.0,2026-09-09 14:57:19.509815
ZKH,,2026-09-09 14:57:19.509815
ZKIN,72243112.0,2026-09-09 14:57:19.509815
ZKP,,2026-09-09 14:57:19.509815
ZKPU,,2026-09-09 14:57:19.509815
ZKPW,,2026-09-09 14:57:19.509815
ZLAB,449614016.0,2026-09-09 14:57:19.509815
ZM,4993050112.0,2026-09-09 14:57:19.509815
ZNB,25622604.0,2026-09-09 14:57:19.509815
ZNTL,,2026-09-09 14:57:19.509815
ZONE,3413291.0,2026-09-09 14:57:19.509815
ZOOZ,0.0,2026-09-09 14:57:19.509815
ZOOZW,0.0,2026-09-09 14:57:19.509815
ZS,3352523008.0,2026-09-09 14:57:19.509815
ZSQR,,2026-09-09 14:57:19.509815
ZSTK,40033000.0,2026-09-09 14:57:19.509815
ZTEK,,2026-08-10 11:42:30.923946
ZTG,2383770.0,2026-09-09 14:57:19.509815
ZTO,,2026-09-09 14:57:19.509815
ZTR,21034000.0,2026-09-09 14:57:19.509815
ZTS,9525000192.0,2026-09-09 14:57:19.509815
ZUMZ,938062016.0,2026-09-09 14:57:19.509815
ZURA,,2026-09-09 14:57:19.509815
ZVIA,169804992.0,2026-09-09 14:57:19.509815
ZVRA,136071008.0,2026-09-09 14:57:19.509815
ZWS,1786599936.0,2026-09-09 14:57:19.509815
ZYBT,,2026-09-09 14:57:19.509815
ZYME,37127000.0,2026-09-09 14:57:19.509815
